VertexCount: 1510
11.201399 -1.981200 7.924800 0.000000 -1.000000 -0.000000 1.000000 0.000000 0.000000 4.593750 -2.600000 0 0 0 0 0.000000 0.000000 0.000000 0.000000
14.325599 -1.981200 7.924800 0.000000 -1.000000 -0.000000 1.000000 0.000000 -0.000000 5.875000 -2.600000 0 0 0 0 0.000000 0.000000 0.000000 0.000000
14.325599 -1.981200 7.315200 0.000000 -1.000000 -0.000000 1.000000 0.000000 0.000000 5.875000 -2.400000 0 0 0 0 0.000000 0.000000 0.000000 0.000000
11.201399 -1.981200 7.315200 0.000000 -1.000000 -0.000000 1.000000 0.000000 0.000000 4.593750 -2.400000 0 0 0 0 0.000000 0.000000 0.000000 0.000000
6.934200 -1.981201 7.315199 0.000000 -1.000000 -0.000000 1.000000 0.000000 0.000000 2.843750 -2.400000 0 0 0 0 0.000000 0.000000 0.000000 0.000000
6.934200 -1.981201 7.924799 0.000000 -1.000000 -0.000000 1.000000 0.000000 0.000000 2.843750 -2.600000 0 0 0 0 0.000000 0.000000 0.000000 0.000000
11.201399 -1.981200 7.924800 0.000000 0.000000 -1.000000 1.000000 0.000000 0.000000 4.593750 0.650000 0 0 0 0 0.000000 0.000000 0.000000 0.000000
11.201399 -4.191000 7.924800 0.000000 0.000000 -1.000000 1.000000 0.000000 0.000000 4.593750 1.375000 0 0 0 0 0.000000 0.000000 0.000000 0.000000
12.420598 -4.191000 7.924800 0.000000 0.000000 -1.000000 1.000000 -0.000000 0.000000 5.093750 1.375000 0 0 0 0 0.000000 0.000000 0.000000 0.000000
12.801599 -4.191000 7.924800 0.000000 0.000000 -1.000000 1.000000 -0.000000 0.000000 5.250000 1.375000 0 0 0 0 0.000000 0.000000 0.000000 0.000000
14.325599 -4.191000 7.924800 0.000000 0.000000 -1.000000 1.000000 0.000000 0.000000 5.875000 1.375000 0 0 0 0 0.000000 0.000000 0.000000 0.000000
14.325599 -2.133600 7.924800 0.000000 0.000000 -1.000000 1.000000 0.000000 0.000000 5.875000 0.700000 0 0 0 0 0.000000 0.000000 0.000000 0.000000
14.325599 -1.981200 7.924800 0.000000 0.000000 -1.000000 1.000000 0.000000 0.000000 5.875000 0.650000 0 0 0 0 0.000000 0.000000 0.000000 0.000000
6.934200 -1.981201 7.924799 0.000000 0.000000 -1.000000 1.000000 0.000000 0.000000 2.843750 0.650000 0 0 0 0 0.000000 0.000000 0.000000 0.000000
6.934200 -2.133600 7.924799 0.000000 0.000000 -1.000000 1.000000 0.000000 0.000000 2.843750 0.700000 0 0 0 0 0.000000 0.000000 0.000000 0.000000
6.934200 -4.191000 7.924799 0.000000 0.000000 -1.000000 1.000000 0.000000 0.000000 2.843750 1.375000 0 0 0 0 0.000000 0.000000 0.000000 0.000000
8.534400 -4.191000 7.924799 0.000000 0.000000 -1.000000 1.000000 -0.000000 0.000000 3.500000 1.375000 0 0 0 0 0.000000 0.000000 0.000000 0.000000
8.915401 -4.191000 7.924799 0.000000 0.000000 -1.000000 1.000000 -0.000000 0.000000 3.656250 1.375000 0 0 0 0 0.000000 0.000000 0.000000 0.000000
4.267200 0.914399 7.315200 -1.000000 -0.000000 -0.000000 -0.000000 -0.000000 1.000000 3.000000 -0.300000 0 0 0 0 0.000000 0.000000 0.000000 0.000000
4.267200 0.914399 7.543800 -1.000000 -0.000000 -0.000000 -0.000000 -0.000000 1.000000 3.093750 -0.300000 0 0 0 0 0.000000 0.000000 0.000000 0.000000
4.267200 -2.133601 7.543800 -1.000000 -0.000000 -0.000000 -0.000000 -0.000001 1.000000 3.093750 0.700000 0 0 0 0 0.000000 0.000000 0.000000 0.000000
4.267200 -2.133601 7.315199 -1.000000 -0.000000 -0.000000 -0.000000 -0.000000 1.000000 3.000000 0.700000 0 0 0 0 0.000000 0.000000 0.000000 0.000000
4.572000 -2.133601 7.315199 0.000000 -1.000000 -0.000000 1.000000 0.000000 0.000000 1.875000 -2.400000 0 0 0 0 0.000000 0.000000 0.000000 0.000000
4.267200 -2.133601 7.315199 0.000000 -1.000000 -0.000000 1.000000 0.000000 0.000000 1.750000 -2.400000 0 0 0 0 0.000000 0.000000 0.000000 0.000000
4.267200 -2.133601 7.543800 0.000000 -1.000000 -0.000000 1.000000 0.000000 -0.000000 1.750000 -2.475000 0 0 0 0 0.000000 0.000000 0.000000 0.000000
4.572000 -2.133601 7.543800 0.000000 -1.000000 -0.000000 1.000000 0.000000 0.000000 1.875000 -2.475000 0 0 0 0 0.000000 0.000000 0.000000 0.000000
5.334000 -2.743201 7.543800 0.000000 0.000000 -1.000000 1.000000 -0.000000 0.000000 2.187500 0.900000 0 0 0 0 0.000000 0.000000 0.000000 0.000000
5.334000 -3.962400 7.543800 0.000000 0.000000 -1.000000 1.000000 -0.000000 0.000000 2.187500 1.300000 0 0 0 0 0.000000 0.000000 0.000000 0.000000
5.638800 -3.962400 7.543800 0.000000 0.000000 -1.000000 1.000000 -0.000000 0.000000 2.312500 1.300000 0 0 0 0 0.000000 0.000000 0.000000 0.000000
5.638799 -2.743201 7.543800 0.000000 0.000000 -1.000000 1.000000 -0.000000 0.000000 2.312500 0.900000 0 0 0 0 0.000000 0.000000 0.000000 0.000000
5.600699 -2.133601 7.543800 0.000000 0.000000 -1.000000 1.000000 -0.000000 0.000000 2.296875 0.700000 0 0 0 0 0.000000 0.000000 0.000000 0.000000
5.600699 -2.362201 7.543800 0.000000 0.000000 -1.000000 1.000000 -0.000000 0.000000 2.296875 0.775000 0 0 0 0 0.000000 0.000000 0.000000 0.000000
5.638799 -2.362201 7.543800 0.000000 0.000000 -1.000000 1.000000 -0.000000 0.000000 2.312500 0.775000 0 0 0 0 0.000000 0.000000 0.000000 0.000000
5.638799 -2.133601 7.543800 0.000000 0.000000 -1.000000 1.000000 -0.000000 0.000000 2.312500 0.700000 0 0 0 0 0.000000 0.000000 0.000000 0.000000
5.334000 -4.343400 7.543800 0.000000 0.000000 -1.000000 1.000000 -0.000000 0.000000 2.187500 1.425000 0 0 0 0 0.000000 0.000000 0.000000 0.000000
5.334000 -4.572001 7.543800 0.000000 0.000000 -1.000000 1.000000 -0.000000 0.000000 2.187500 1.500000 0 0 0 0 0.000000 0.000000 0.000000 0.000000
5.486400 -4.572001 7.543800 0.000000 0.000000 -1.000000 1.000000 -0.000000 0.000000 2.250000 1.500000 0 0 0 0 0.000000 0.000000 0.000000 0.000000
5.638800 -4.572001 7.543800 0.000000 0.000000 -1.000000 1.000000 -0.000000 0.000000 2.312500 1.500000 0 0 0 0 0.000000 0.000000 0.000000 0.000000
5.638800 -4.343400 7.543800 0.000000 0.000000 -1.000000 1.000000 -0.000000 0.000000 2.312500 1.425000 0 0 0 0 0.000000 0.000000 0.000000 0.000000
5.334000 -2.362201 7.543800 0.000000 0.000000 -1.000000 -0.000000 1.000000 0.000000 2.187500 0.775000 0 0 0 0 0.000000 0.000000 0.000000 0.000000
5.219699 -2.362201 7.543800 0.000000 0.000000 -1.000000 1.000000 0.000000 0.000000 2.140625 0.775000 0 0 0 0 0.000000 0.000000 0.000000 0.000000
5.219699 -4.572001 7.543800 0.000000 0.000000 -1.000000 1.000000 0.000002 0.000000 2.140625 1.500000 0 0 0 0 0.000000 0.000000 0.000000 0.000000
5.334000 -4.572001 7.543800 0.000000 0.000000 -1.000000 -0.000000 1.000000 0.000000 2.187500 1.500000 0 0 0 0 0.000000 0.000000 0.000000 0.000000
5.334000 -4.343400 7.543800 0.000000 0.000000 -1.000000 0.000000 -1.000000 -0.000000 2.187500 1.425000 0 0 0 0 0.000000 0.000000 0.000000 0.000000
5.334000 -3.962400 7.543800 0.000000 0.000000 -1.000000 0.000000 -1.000000 -0.000000 2.187500 1.300000 0 0 0 0 0.000000 0.000000 0.000000 0.000000
5.334000 -2.743201 7.543800 0.000000 0.000000 -1.000000 -0.000000 1.000000 0.000000 2.187500 0.900000 0 0 0 0 0.000000 0.000000 0.000000 0.000000
4.267200 -2.133601 7.543800 0.000000 0.000000 -1.000000 -0.000000 1.000000 0.000000 1.750000 0.700000 0 0 0 0 0.000000 0.000000 0.000000 0.000000
4.267200 -3.352801 7.543800 0.000000 0.000000 -1.000000 -0.000000 1.000000 0.000000 1.750000 1.100000 0 0 0 0 0.000000 0.000000 0.000000 0.000000
4.267200 -4.572001 7.543800 0.000000 0.000000 -1.000000 -0.000000 1.000000 0.000000 1.750000 1.500000 0 0 0 0 0.000000 0.000000 0.000000 0.000000
5.219699 -2.133601 7.543800 0.000000 0.000000 -1.000000 1.000000 0.000000 0.000000 2.140625 0.700000 0 0 0 0 0.000000 0.000000 0.000000 0.000000
4.572000 -2.133601 7.543800 0.000000 0.000000 -1.000000 1.000000 0.000000 0.000000 1.875000 0.700000 0 0 0 0 0.000000 0.000000 0.000000 0.000000
5.638799 -2.133601 7.562850 1.000000 0.000000 0.000015 -0.000015 -0.000000 1.000000 3.101562 0.700000 0 0 0 0 0.000000 0.000000 0.000000 0.000000
5.638799 -2.133601 7.543800 1.000000 0.000000 0.000015 -0.000015 -0.000000 1.000000 3.093750 0.700000 0 0 0 0 0.000000 0.000000 0.000000 0.000000
5.638799 -2.362201 7.543800 1.000000 0.000000 0.000015 -0.000015 -0.000000 1.000000 3.093750 0.775000 0 0 0 0 0.000000 0.000000 0.000000 0.000000
5.638799 -2.743201 7.543800 1.000000 0.000000 0.000015 -0.000015 0.000006 1.000000 3.093750 0.900000 0 0 0 0 0.000000 0.000000 0.000000 0.000000
5.638800 -3.962400 7.543800 1.000000 0.000000 0.000015 -0.000015 -0.000000 1.000000 3.093750 1.300000 0 0 0 0 0.000000 0.000000 0.000000 0.000000
5.638800 -4.343400 7.543800 1.000000 0.000000 0.000015 -0.000015 0.000000 1.000000 3.093750 1.425000 0 0 0 0 0.000000 0.000000 0.000000 0.000000
5.638800 -4.572001 7.543800 1.000000 0.000000 0.000015 -0.000015 0.000000 1.000000 3.093750 1.500000 0 0 0 0 0.000000 0.000000 0.000000 0.000000
5.638800 -4.572001 7.562850 1.000000 0.000000 0.000015 -0.000015 -0.000000 1.000000 3.101562 1.500000 0 0 0 0 0.000000 0.000000 0.000000 0.000000
2.666999 0.914399 8.458200 -0.000000 -0.000000 1.000000 1.000000 0.000000 0.000000 1.093750 -0.300000 0 0 0 0 0.000000 0.000000 0.000000 0.000000
3.657599 0.914399 8.458201 -0.000000 -0.000000 1.000000 1.000000 0.000000 0.000000 1.500000 -0.300000 0 0 0 0 0.000000 0.000000 0.000000 0.000000
3.657599 0.609599 8.458201 -0.000000 -0.000000 1.000000 1.000000 0.000000 0.000000 1.500000 -0.200000 0 0 0 0 0.000000 0.000000 0.000000 0.000000
2.666999 0.609599 8.458200 -0.000000 -0.000000 1.000000 1.000000 0.000000 0.000000 1.093750 -0.200000 0 0 0 0 0.000000 0.000000 0.000000 0.000000
4.267200 -3.352801 8.458200 -0.000000 -0.000000 1.000000 1.000000 -0.000000 0.000000 1.750000 1.100000 0 0 0 0 0.000000 0.000000 0.000000 0.000000
4.267200 -4.572001 8.458200 -0.000000 -0.000000 1.000000 1.000000 -0.000000 0.000000 1.750000 1.500000 0 0 0 0 0.000000 0.000000 0.000000 0.000000
3.657599 -4.572001 8.458200 -0.000000 -0.000000 1.000000 1.000000 -0.000000 0.000000 1.500000 1.500000 0 0 0 0 0.000000 0.000000 0.000000 0.000000
3.657599 -3.657601 8.458200 -0.000000 -0.000000 1.000000 1.000000 -0.000001 0.000000 1.500000 1.200000 0 0 0 0 0.000000 0.000000 0.000000 0.000000
3.657599 -3.352801 8.458200 -0.000000 -0.000000 1.000000 1.000000 -0.000000 0.000000 1.500000 1.100000 0 0 0 0 0.000000 0.000000 0.000000 0.000000
4.267200 0.914399 8.458201 -0.000000 -0.000000 1.000000 1.000000 -0.000000 0.000000 1.750000 -0.300000 0 0 0 0 0.000000 0.000000 0.000000 0.000000
3.657599 -3.657601 8.458200 -1.000000 -0.000000 -0.000000 -0.000000 -0.000000 1.000000 3.468750 1.200000 0 0 0 0 0.000000 0.000000 0.000000 0.000000
3.657599 -4.572001 8.458200 -1.000000 -0.000000 -0.000000 -0.000000 -0.000000 1.000000 3.468750 1.500000 0 0 0 0 0.000000 0.000000 0.000000 0.000000
3.657599 -4.572001 7.543800 -1.000000 -0.000000 -0.000000 -0.000000 -0.000000 1.000000 3.093750 1.500000 0 0 0 0 0.000000 0.000000 0.000000 0.000000
3.657599 -3.657601 7.543800 -1.000000 -0.000000 -0.000000 -0.000000 -0.000000 1.000000 3.093750 1.200000 0 0 0 0 0.000000 0.000000 0.000000 0.000000
3.657599 0.609599 8.458201 -1.000000 -0.000000 -0.000000 -0.000000 1.000000 0.000000 3.468750 -0.200000 0 0 0 0 0.000000 0.000000 0.000000 0.000000
3.657599 -3.352801 8.458200 -1.000000 -0.000000 -0.000000 -0.000000 1.000000 0.000000 3.468750 1.100000 0 0 0 0 0.000000 0.000000 0.000000 0.000000
3.657599 -3.657601 8.458200 -1.000000 -0.000000 -0.000000 -0.000000 1.000000 0.000000 3.468750 1.200000 0 0 0 0 0.000000 0.000000 0.000000 0.000000
3.657599 -3.352801 7.543800 -1.000000 -0.000000 -0.000000 -0.000000 0.000000 1.000000 3.093750 1.100000 0 0 0 0 0.000000 0.000000 0.000000 0.000000
3.657599 0.609599 7.543800 -1.000000 -0.000000 -0.000000 -0.000000 -0.000000 1.000000 3.093750 -0.200000 0 0 0 0 0.000000 0.000000 0.000000 0.000000
3.657599 -3.352801 7.543800 0.000000 0.000000 -1.000000 -0.000000 1.000000 0.000000 1.500000 1.100000 0 0 0 0 0.000000 0.000000 0.000000 0.000000
3.657599 -3.657601 7.543800 0.000000 0.000000 -1.000000 -0.000000 1.000000 0.000000 1.500000 1.200000 0 0 0 0 0.000000 0.000000 0.000000 0.000000
3.657599 -4.572001 7.543800 0.000000 0.000000 -1.000000 -0.000000 1.000000 0.000000 1.500000 1.500000 0 0 0 0 0.000000 0.000000 0.000000 0.000000
4.267200 -4.572001 7.543800 0.000000 0.000000 -1.000000 1.000000 -0.000000 0.000000 1.750000 1.500000 0 0 0 0 0.000000 0.000000 0.000000 0.000000
4.267200 -3.352801 7.543800 0.000000 0.000000 -1.000000 1.000000 -0.000000 0.000000 1.750000 1.100000 0 0 0 0 0.000000 0.000000 0.000000 0.000000
3.657599 0.914399 7.543800 0.000000 0.000000 -1.000000 -0.000000 1.000000 0.000000 1.500000 -0.300000 0 0 0 0 0.000000 0.000000 0.000000 0.000000
3.657599 0.609599 7.543800 0.000000 0.000000 -1.000000 -0.000000 1.000000 0.000000 1.500000 -0.200000 0 0 0 0 0.000000 0.000000 0.000000 0.000000
4.267200 -2.133601 7.543800 0.000000 0.000000 -1.000000 1.000000 -0.000000 0.000000 1.750000 0.700000 0 0 0 0 0.000000 0.000000 0.000000 0.000000
4.267200 0.914399 7.543800 0.000000 0.000000 -1.000000 1.000000 0.000000 0.000000 1.750000 -0.300000 0 0 0 0 0.000000 0.000000 0.000000 0.000000
3.657599 0.609599 7.543800 0.000000 -1.000000 -0.000000 1.000000 0.000000 0.000001 1.500000 -2.475000 0 0 0 0 0.000000 0.000000 0.000000 0.000000
2.666999 0.609599 7.543800 0.000000 -1.000000 -0.000000 1.000000 0.000000 0.000000 1.093750 -2.475000 0 0 0 0 0.000000 0.000000 0.000000 0.000000
2.666999 0.609599 8.458200 0.000000 -1.000000 -0.000000 1.000000 0.000000 0.000000 1.093750 -2.775000 0 0 0 0 0.000000 0.000000 0.000000 0.000000
3.657599 0.609599 8.458201 0.000000 -1.000000 -0.000000 1.000000 0.000000 0.000001 1.500000 -2.775000 0 0 0 0 0.000000 0.000000 0.000000 0.000000
2.666999 0.914399 7.543800 0.000000 0.000000 -1.000000 1.000000 0.000000 0.000000 1.093750 -0.300000 0 0 0 0 0.000000 0.000000 0.000000 0.000000
2.666999 0.609599 7.543800 0.000000 0.000000 -1.000000 1.000000 0.000000 0.000000 1.093750 -0.200000 0 0 0 0 0.000000 0.000000 0.000000 0.000000
3.657599 0.609599 7.543800 0.000000 0.000000 -1.000000 1.000000 0.000000 0.000000 1.500000 -0.200000 0 0 0 0 0.000000 0.000000 0.000000 0.000000
3.657599 0.914399 7.543800 0.000000 0.000000 -1.000000 1.000000 0.000000 0.000000 1.500000 -0.300000 0 0 0 0 0.000000 0.000000 0.000000 0.000000
14.325601 -1.981200 6.934201 0.000000 -1.000000 -0.000000 1.000000 0.000000 0.000000 5.875000 -2.275000 0 0 0 0 0.000000 0.000000 0.000000 0.000000
13.335000 -1.981200 6.934201 0.000000 -1.000000 -0.000000 1.000000 0.000000 -0.000000 5.468750 -2.275000 0 0 0 0 0.000000 0.000000 0.000000 0.000000
11.506200 -1.981200 6.934201 0.000000 -1.000000 -0.000000 1.000000 0.000000 0.000000 4.718750 -2.275000 0 0 0 0 0.000000 0.000000 0.000000 0.000000
11.201400 -1.981200 6.934201 0.000000 -1.000000 -0.000000 1.000000 0.000000 0.000000 4.593750 -2.275000 0 0 0 0 0.000000 0.000000 0.000000 0.000000
9.372600 -1.981200 6.934200 0.000000 -1.000000 -0.000000 1.000000 0.000000 0.000000 3.843750 -2.275000 0 0 0 0 0.000000 0.000000 0.000000 0.000000
9.067800 -1.981200 6.934200 0.000000 -1.000000 -0.000000 1.000000 0.000000 0.000000 3.718750 -2.275000 0 0 0 0 0.000000 0.000000 0.000000 0.000000
7.238999 -1.981200 6.934200 0.000000 -1.000000 -0.000000 1.000000 0.000000 0.000000 2.968750 -2.275000 0 0 0 0 0.000000 0.000000 0.000000 0.000000
6.934200 -1.981200 6.934200 0.000000 -1.000000 -0.000000 1.000000 0.000000 0.000000 2.843750 -2.275000 0 0 0 0 0.000000 0.000000 0.000000 0.000000
11.201400 -1.981200 5.105401 0.000000 -1.000000 -0.000000 -1.000000 -0.000000 -0.000000 4.593750 -1.675000 0 0 0 0 0.000000 0.000000 0.000000 0.000000
11.506200 -1.981200 5.105401 0.000000 -1.000000 -0.000000 -1.000000 -0.000000 -0.000000 4.718750 -1.675000 0 0 0 0 0.000000 0.000000 0.000000 0.000000
13.335000 -1.981200 5.105401 0.000000 -1.000000 -0.000000 -1.000000 -0.000000 -0.000000 5.468750 -1.675000 0 0 0 0 0.000000 0.000000 0.000000 0.000000
14.325601 -1.981200 5.105401 0.000000 -1.000000 -0.000000 1.000000 0.000000 0.000000 5.875000 -1.675000 0 0 0 0 0.000000 0.000000 0.000000 0.000000
14.325601 -1.981199 4.114801 0.000000 -1.000000 -0.000000 1.000000 0.000000 0.000000 5.875000 -1.350000 0 0 0 0 0.000000 0.000000 0.000000 0.000000
11.201400 -1.981200 4.114800 0.000000 -1.000000 -0.000000 1.000000 0.000000 0.000000 4.593750 -1.350000 0 0 0 0 0.000000 0.000000 0.000000 0.000000
11.201400 -1.981200 5.105401 0.000000 -1.000000 -0.000000 1.000000 0.000000 0.000000 4.593750 -1.675000 0 0 0 0 0.000000 0.000000 0.000000 0.000000
6.934200 -1.981200 4.114800 0.000000 -1.000000 -0.000000 1.000000 0.000000 0.000000 2.843750 -1.350000 0 0 0 0 0.000000 0.000000 0.000000 0.000000
6.934200 -1.981200 5.105400 0.000000 -1.000000 -0.000000 1.000000 0.000000 0.000000 2.843750 -1.675000 0 0 0 0 0.000000 0.000000 0.000000 0.000000
7.238999 -1.981200 5.105400 0.000000 -1.000000 -0.000000 1.000000 0.000000 0.000000 2.968750 -1.675000 0 0 0 0 0.000000 0.000000 0.000000 0.000000
9.067800 -1.981200 5.105401 0.000000 -1.000000 -0.000000 1.000000 0.000000 0.000000 3.718750 -1.675000 0 0 0 0 0.000000 0.000000 0.000000 0.000000
9.372600 -1.981200 5.105401 0.000000 -1.000000 -0.000000 -1.000000 -0.000000 -0.000000 3.843750 -1.675000 0 0 0 0 0.000000 0.000000 0.000000 0.000000
9.372600 -1.981200 5.105401 0.000000 -1.000000 -0.000000 1.000000 0.000000 0.000000 3.843750 -1.675000 0 0 0 0 0.000000 0.000000 0.000000 0.000000
9.067800 -1.981200 5.105401 0.000000 -1.000000 -0.000000 1.000000 0.000000 0.000000 3.718750 -1.675000 0 0 0 0 0.000000 0.000000 0.000000 0.000000
11.506200 -1.981200 5.105401 0.000000 -1.000000 -0.000000 1.000000 0.000000 0.000000 4.718750 -1.675000 0 0 0 0 0.000000 0.000000 0.000000 0.000000
11.201400 -1.981200 5.105401 0.000000 -1.000000 -0.000000 1.000000 0.000000 0.000000 4.593750 -1.675000 0 0 0 0 0.000000 0.000000 0.000000 0.000000
13.335000 -1.981200 5.105401 0.000000 -1.000000 -0.000000 1.000000 0.000000 -0.000000 5.468750 -1.675000 0 0 0 0 0.000000 0.000000 0.000000 0.000000
14.325601 -1.981200 5.105401 0.000000 -1.000000 -0.000000 1.000000 0.000000 -0.000000 5.875000 -1.675000 0 0 0 0 0.000000 0.000000 0.000000 0.000000
7.238999 -1.981200 5.105400 0.000000 -1.000000 -0.000000 1.000000 0.000000 0.000000 2.968750 -1.675000 0 0 0 0 0.000000 0.000000 0.000000 0.000000
9.067800 -1.676400 5.105401 -0.000000 -0.000000 1.000000 1.000000 0.000000 0.000000 3.718750 0.550000 0 0 0 0 0.000000 0.000000 0.000000 0.000000
9.067800 -0.762000 5.105401 -0.000000 -0.000000 1.000000 1.000000 0.000000 0.000000 3.718750 0.250000 0 0 0 0 0.000000 0.000000 0.000000 0.000000
9.372600 -0.762000 5.105401 -0.000000 -0.000000 1.000000 1.000000 0.000000 0.000000 3.843750 0.250000 0 0 0 0 0.000000 0.000000 0.000000 0.000000
9.372600 -1.676400 5.105401 -0.000000 -0.000000 1.000000 1.000000 -0.000000 0.000000 3.843750 0.550000 0 0 0 0 0.000000 0.000000 0.000000 0.000000
11.201400 -1.676400 5.105401 -0.000000 -0.000000 1.000000 1.000000 0.000000 0.000000 4.593750 0.550000 0 0 0 0 0.000000 0.000000 0.000000 0.000000
11.201400 -0.762000 5.105401 -0.000000 -0.000000 1.000000 1.000000 0.000000 0.000000 4.593750 0.250000 0 0 0 0 0.000000 0.000000 0.000000 0.000000
11.506200 -0.762000 5.105401 -0.000000 -0.000000 1.000000 1.000000 0.000000 0.000000 4.718750 0.250000 0 0 0 0 0.000000 0.000000 0.000000 0.000000
11.506200 -1.676400 5.105401 -0.000000 -0.000000 1.000000 1.000000 -0.000000 0.000000 4.718750 0.550000 0 0 0 0 0.000000 0.000000 0.000000 0.000000
13.335000 -0.762000 5.105401 -0.000000 -0.000000 1.000000 1.000000 0.000000 0.000000 5.468750 0.250000 0 0 0 0 0.000000 0.000000 0.000000 0.000000
13.335000 -1.676400 5.105401 -0.000000 -0.000000 1.000000 1.000000 0.000000 0.000000 5.468750 0.550000 0 0 0 0 0.000000 0.000000 0.000000 0.000000
13.335000 -1.981200 5.105401 -0.000000 -0.000000 1.000000 1.000000 0.000000 0.000000 5.468750 0.650000 0 0 0 0 0.000000 0.000000 0.000000 0.000000
11.506200 -1.981200 5.105401 -0.000000 -0.000000 1.000000 1.000000 0.000000 0.000000 4.718750 0.650000 0 0 0 0 0.000000 0.000000 0.000000 0.000000
11.506200 -1.676400 5.105401 -0.000000 -0.000000 1.000000 -0.000000 -1.000000 -0.000000 4.718750 0.550000 0 0 0 0 0.000000 0.000000 0.000000 0.000000
14.325601 -0.762000 5.105401 -0.000000 0.000000 1.000000 1.000000 0.000000 0.000000 5.875000 0.250000 0 0 0 0 0.000000 0.000000 0.000000 0.000000
14.325601 -1.676399 5.105401 -0.000000 0.000000 1.000000 1.000000 0.000000 0.000000 5.875000 0.550000 0 0 0 0 0.000000 0.000000 0.000000 0.000000
13.639799 -1.676400 5.105401 -0.000000 0.000000 1.000000 1.000000 0.000000 0.000000 5.593750 0.550000 0 0 0 0 0.000000 0.000000 0.000000 0.000000
11.201400 -1.981200 5.105401 -0.000000 -0.000000 1.000000 1.000000 0.000000 0.000000 4.593750 0.650000 0 0 0 0 0.000000 0.000000 0.000000 0.000000
9.372600 -1.981200 5.105401 -0.000000 -0.000000 1.000000 1.000000 0.000000 0.000000 3.843750 0.650000 0 0 0 0 0.000000 0.000000 0.000000 0.000000
9.372600 -1.676400 5.105401 -0.000000 -0.000000 1.000000 -0.000000 -1.000000 -0.000000 3.843750 0.550000 0 0 0 0 0.000000 0.000000 0.000000 0.000000
7.238999 -0.762000 5.105401 -0.000000 -0.000000 1.000000 1.000000 0.000000 0.000000 2.968750 0.250000 0 0 0 0 0.000000 0.000000 0.000000 0.000000
9.067800 -1.981200 5.105401 -0.000000 -0.000000 1.000000 1.000000 0.000000 0.000000 3.718750 0.650000 0 0 0 0 0.000000 0.000000 0.000000 0.000000
7.238999 -1.981200 5.105400 -0.000000 -0.000000 1.000000 1.000000 0.000000 0.000000 2.968750 0.650000 0 0 0 0 0.000000 0.000000 0.000000 0.000000
7.238999 -1.676400 5.105400 -0.000000 -0.000000 1.000000 1.000000 0.000000 0.000000 2.968750 0.550000 0 0 0 0 0.000000 0.000000 0.000000 0.000000
6.934200 -1.676400 5.105400 -0.000000 -0.000000 1.000000 1.000000 -0.000000 0.000000 2.843750 0.550000 0 0 0 0 0.000000 0.000000 0.000000 0.000000
6.934200 -1.066800 5.105400 -0.000000 -0.000000 1.000000 1.000000 -0.000000 0.000000 2.843750 0.350000 0 0 0 0 0.000000 0.000000 0.000000 0.000000
6.934200 -0.762000 5.105401 -0.000000 -0.000000 1.000000 1.000000 -0.000000 0.000000 2.843750 0.250000 0 0 0 0 0.000000 0.000000 0.000000 0.000000
7.238999 -1.676400 6.934201 0.000000 0.000000 -1.000000 1.000000 0.000000 0.000000 2.968750 0.550000 0 0 0 0 0.000000 0.000000 0.000000 0.000000
7.238999 -0.762001 6.934201 0.000000 0.000000 -1.000000 1.000000 0.000000 0.000000 2.968750 0.250000 0 0 0 0 0.000000 0.000000 0.000000 0.000000
6.934200 -0.762001 6.934201 0.000000 0.000000 -1.000000 1.000000 -0.000000 0.000000 2.843750 0.250000 0 0 0 0 0.000000 0.000000 0.000000 0.000000
6.934200 -1.066800 6.934201 0.000000 0.000000 -1.000000 1.000000 -0.000001 0.000000 2.843750 0.350000 0 0 0 0 0.000000 0.000000 0.000000 0.000000
6.934200 -1.676400 6.934201 0.000000 0.000000 -1.000000 1.000000 -0.000000 0.000000 2.843750 0.550000 0 0 0 0 0.000000 0.000000 0.000000 0.000000
9.067800 -0.762000 6.934201 0.000000 0.000000 -1.000000 1.000000 0.000000 0.000000 3.718750 0.250000 0 0 0 0 0.000000 0.000000 0.000000 0.000000
7.238999 -1.981200 6.934200 0.000000 0.000000 -1.000000 1.000000 -0.000000 0.000000 2.968750 0.650000 0 0 0 0 0.000000 0.000000 0.000000 0.000000
9.067800 -1.981200 6.934200 0.000000 0.000000 -1.000000 1.000000 0.000000 0.000000 3.718750 0.650000 0 0 0 0 0.000000 0.000000 0.000000 0.000000
9.067800 -1.676400 6.934201 0.000000 0.000000 -1.000000 -0.000000 -1.000000 -0.000000 3.718750 0.550000 0 0 0 0 0.000000 0.000000 0.000000 0.000000
11.201400 -0.762000 6.934202 0.000000 0.000000 -1.000000 1.000000 0.000000 0.000000 4.593750 0.250000 0 0 0 0 0.000000 0.000000 0.000000 0.000000
9.372600 -0.762000 6.934201 0.000000 0.000000 -1.000000 1.000000 0.000000 0.000000 3.843750 0.250000 0 0 0 0 0.000000 0.000000 0.000000 0.000000
9.372600 -1.676400 6.934201 0.000000 0.000000 -1.000000 1.000000 0.000000 0.000000 3.843750 0.550000 0 0 0 0 0.000000 0.000000 0.000000 0.000000
9.372600 -1.981200 6.934200 0.000000 0.000000 -1.000000 1.000000 -0.000000 0.000000 3.843750 0.650000 0 0 0 0 0.000000 0.000000 0.000000 0.000000
11.201400 -1.981200 6.934201 0.000000 0.000000 -1.000000 1.000000 0.000000 0.000000 4.593750 0.650000 0 0 0 0 0.000000 0.000000 0.000000 0.000000
11.201400 -1.676400 6.934202 0.000000 0.000000 -1.000000 -0.000000 -1.000000 -0.000000 4.593750 0.550000 0 0 0 0 0.000000 0.000000 0.000000 0.000000
13.335000 -0.762000 6.934202 0.000000 0.000000 -1.000000 1.000000 0.000000 0.000000 5.468750 0.250000 0 0 0 0 0.000000 0.000000 0.000000 0.000000
13.335000 -1.676400 6.934202 0.000000 0.000000 -1.000000 1.000000 -0.000000 0.000000 5.468750 0.550000 0 0 0 0 0.000000 0.000000 0.000000 0.000000
13.639799 -1.676400 6.934202 0.000000 0.000000 -1.000000 1.000000 -0.000000 0.000000 5.593750 0.550000 0 0 0 0 0.000000 0.000000 0.000000 0.000000
14.325601 -1.676400 6.934202 0.000000 0.000000 -1.000000 1.000000 0.000000 0.000000 5.875000 0.550000 0 0 0 0 0.000000 0.000000 0.000000 0.000000
14.325601 -0.762000 6.934202 0.000000 0.000000 -1.000000 1.000000 0.000000 0.000000 5.875000 0.250000 0 0 0 0 0.000000 0.000000 0.000000 0.000000
11.506200 -0.762000 6.934202 0.000000 0.000000 -1.000000 1.000000 0.000000 0.000000 4.718750 0.250000 0 0 0 0 0.000000 0.000000 0.000000 0.000000
11.506200 -1.676400 6.934202 0.000000 0.000000 -1.000000 1.000000 0.000000 0.000000 4.718750 0.550000 0 0 0 0 0.000000 0.000000 0.000000 0.000000
11.506200 -1.981200 6.934201 0.000000 0.000000 -1.000000 1.000000 -0.000000 0.000000 4.718750 0.650000 0 0 0 0 0.000000 0.000000 0.000000 0.000000
13.335000 -1.981200 6.934201 0.000000 0.000000 -1.000000 1.000000 0.000000 0.000000 5.468750 0.650000 0 0 0 0 0.000000 0.000000 0.000000 0.000000
13.335000 -1.676400 6.934202 0.000000 0.000000 -1.000000 -0.000000 -1.000000 -0.000000 5.468750 0.550000 0 0 0 0 0.000000 0.000000 0.000000 0.000000
11.201400 -1.676400 6.934202 0.000000 0.000000 -1.000000 1.000000 -0.000000 0.000000 4.593750 0.550000 0 0 0 0 0.000000 0.000000 0.000000 0.000000
9.067800 -1.676400 6.934201 0.000000 0.000000 -1.000000 1.000000 -0.000000 0.000000 3.718750 0.550000 0 0 0 0 0.000000 0.000000 0.000000 0.000000
11.201400 -1.676400 6.934202 -1.000000 -0.000000 -0.000000 -0.000000 -0.000000 1.000000 2.843750 0.550000 0 0 0 0 0.000000 0.000000 0.000000 0.000000
11.201400 -1.981200 6.934201 -1.000000 -0.000000 -0.000000 -0.000000 -0.000000 1.000000 2.843750 0.650000 0 0 0 0 0.000000 0.000000 0.000000 0.000000
11.201400 -1.981200 5.105401 -1.000000 -0.000000 -0.000000 -0.000000 -0.000000 1.000000 2.093750 0.650000 0 0 0 0 0.000000 0.000000 0.000000 0.000000
11.201400 -1.676400 5.105401 -1.000000 -0.000000 -0.000000 -0.000000 -0.000000 1.000000 2.093750 0.550000 0 0 0 0 0.000000 0.000000 0.000000 0.000000
13.335000 -1.676400 6.934202 -1.000000 -0.000000 -0.000000 -0.000000 -0.000000 1.000000 2.843750 0.550000 0 0 0 0 0.000000 0.000000 0.000000 0.000000
13.335000 -1.981200 6.934201 -1.000000 -0.000000 -0.000000 -0.000000 -0.000000 1.000000 2.843750 0.650000 0 0 0 0 0.000000 0.000000 0.000000 0.000000
13.335000 -1.981200 5.105401 -1.000000 -0.000000 -0.000000 -0.000000 -0.000000 1.000000 2.093750 0.650000 0 0 0 0 0.000000 0.000000 0.000000 0.000000
13.335000 -1.676400 5.105401 -1.000000 -0.000000 -0.000000 -0.000000 -0.000000 1.000000 2.093750 0.550000 0 0 0 0 0.000000 0.000000 0.000000 0.000000
13.335000 -1.676400 5.867401 -1.000000 -0.000000 -0.000000 -0.000000 -0.000000 1.000000 2.406250 0.550000 0 0 0 0 0.000000 0.000000 0.000000 0.000000
13.335000 -1.676400 6.172202 -1.000000 -0.000000 -0.000000 0.000000 0.000000 -1.000000 2.531250 0.550000 0 0 0 0 0.000000 0.000000 0.000000 0.000000
13.639799 -1.676400 6.172202 -0.000000 1.000000 0.000000 1.000000 0.000000 0.000000 5.593750 -2.025000 0 0 0 0 0.000000 0.000000 0.000000 0.000000
13.639799 -1.676400 6.934202 -0.000000 1.000000 0.000000 1.000000 0.000000 0.000000 5.593750 -2.275000 0 0 0 0 0.000000 0.000000 0.000000 0.000000
13.335000 -1.676400 6.934202 -0.000000 1.000000 0.000000 1.000000 0.000000 0.000000 5.468750 -2.275000 0 0 0 0 0.000000 0.000000 0.000000 0.000000
13.335000 -1.676400 6.172202 -0.000000 1.000000 0.000000 1.000000 0.000000 0.000000 5.468750 -2.025000 0 0 0 0 0.000000 0.000000 0.000000 0.000000
13.639799 -1.676400 5.105401 -0.000000 1.000000 0.000000 1.000000 0.000000 0.000000 5.593750 -1.675000 0 0 0 0 0.000000 0.000000 0.000000 0.000000
13.639799 -1.676400 5.867401 -0.000000 1.000000 0.000000 1.000000 0.000000 -0.000000 5.593750 -1.925000 0 0 0 0 0.000000 0.000000 0.000000 0.000000
13.335000 -1.676400 5.867401 -0.000000 1.000000 0.000000 1.000000 0.000000 -0.000000 5.468750 -1.925000 0 0 0 0 0.000000 0.000000 0.000000 0.000000
13.335000 -1.676400 5.105401 -0.000000 1.000000 0.000000 1.000000 0.000000 0.000000 5.468750 -1.675000 0 0 0 0 0.000000 0.000000 0.000000 0.000000
14.325601 -1.676399 5.105401 -0.000000 1.000000 0.000000 1.000000 0.000000 -0.000000 5.875000 -1.675000 0 0 0 0 0.000000 0.000000 0.000000 0.000000
14.325601 -1.676400 6.934202 -0.000000 1.000000 0.000000 1.000000 0.000000 -0.000000 5.875000 -2.275000 0 0 0 0 0.000000 0.000000 0.000000 0.000000
11.506200 -1.676400 5.105401 1.000000 0.000000 0.000000 -0.000000 -0.000000 1.000000 2.093750 0.550000 0 0 0 0 0.000000 0.000000 0.000000 0.000000
11.506200 -1.981200 5.105401 1.000000 0.000000 0.000000 -0.000000 -0.000000 1.000000 2.093750 0.650000 0 0 0 0 0.000000 0.000000 0.000000 0.000000
11.506200 -1.981200 6.934201 1.000000 0.000000 0.000000 -0.000000 -0.000000 1.000000 2.843750 0.650000 0 0 0 0 0.000000 0.000000 0.000000 0.000000
11.506200 -1.676400 6.934202 1.000000 0.000000 0.000000 -0.000000 -0.000000 1.000000 2.843750 0.550000 0 0 0 0 0.000000 0.000000 0.000000 0.000000
11.506200 -1.676400 5.105401 -0.000000 1.000000 0.000000 1.000000 0.000000 0.000000 4.718750 -1.675000 0 0 0 0 0.000000 0.000000 0.000000 0.000000
11.506200 -1.676400 6.934202 -0.000000 1.000000 0.000000 1.000000 0.000000 0.000000 4.718750 -2.275000 0 0 0 0 0.000000 0.000000 0.000000 0.000000
11.201400 -1.676400 6.934202 -0.000000 1.000000 0.000000 1.000000 0.000000 0.000000 4.593750 -2.275000 0 0 0 0 0.000000 0.000000 0.000000 0.000000
11.201400 -1.676400 5.105401 -0.000000 1.000000 0.000000 1.000000 0.000000 0.000000 4.593750 -1.675000 0 0 0 0 0.000000 0.000000 0.000000 0.000000
9.067800 -1.676400 6.934201 -1.000000 -0.000000 -0.000000 -0.000000 -0.000000 1.000000 2.843750 0.550000 0 0 0 0 0.000000 0.000000 0.000000 0.000000
9.067800 -1.981200 6.934200 -1.000000 -0.000000 -0.000000 -0.000000 -0.000000 1.000000 2.843750 0.650000 0 0 0 0 0.000000 0.000000 0.000000 0.000000
9.067800 -1.981200 5.105401 -1.000000 -0.000000 -0.000000 -0.000000 -0.000000 1.000000 2.093750 0.650000 0 0 0 0 0.000000 0.000000 0.000000 0.000000
9.067800 -1.676400 5.105401 -1.000000 -0.000000 -0.000000 -0.000000 -0.000000 1.000000 2.093750 0.550000 0 0 0 0 0.000000 0.000000 0.000000 0.000000
9.067800 -1.676400 5.867400 -1.000000 -0.000000 -0.000000 -0.000000 -0.000000 1.000000 2.406250 0.550000 0 0 0 0 0.000000 0.000000 0.000000 0.000000
9.067800 -1.676400 6.172201 -1.000000 -0.000000 -0.000000 0.000000 0.000000 -1.000000 2.531250 0.550000 0 0 0 0 0.000000 0.000000 0.000000 0.000000
9.372600 -1.981200 6.934200 1.000000 0.000000 0.000000 -0.000000 -0.000000 1.000000 2.843750 0.650000 0 0 0 0 0.000000 0.000000 0.000000 0.000000
9.372600 -1.676400 6.934201 1.000000 0.000000 0.000000 -0.000000 -0.000000 1.000000 2.843750 0.550000 0 0 0 0 0.000000 0.000000 0.000000 0.000000
9.372600 -1.676400 6.172201 1.000000 0.000000 0.000000 -0.000000 -0.000000 1.000000 2.531250 0.550000 0 0 0 0 0.000000 0.000000 0.000000 0.000000
9.372600 -1.676400 5.867400 1.000000 0.000000 0.000000 -0.000000 -0.000000 1.000000 2.406250 0.550000 0 0 0 0 0.000000 0.000000 0.000000 0.000000
9.372600 -1.676400 5.105401 1.000000 0.000000 0.000000 -0.000000 -0.000000 1.000000 2.093750 0.550000 0 0 0 0 0.000000 0.000000 0.000000 0.000000
9.372600 -1.981200 5.105401 1.000000 0.000000 0.000000 -0.000000 -0.000000 1.000000 2.093750 0.650000 0 0 0 0 0.000000 0.000000 0.000000 0.000000
9.372600 -1.676400 5.105401 -0.000000 1.000000 0.000000 1.000000 0.000000 0.000000 3.843750 -1.675000 0 0 0 0 0.000000 0.000000 0.000000 0.000000
9.372600 -1.676400 5.867400 -0.000000 1.000000 0.000000 1.000000 0.000000 0.000000 3.843750 -1.925000 0 0 0 0 0.000000 0.000000 0.000000 0.000000
9.067800 -1.676400 5.867400 -0.000000 1.000000 0.000000 1.000000 0.000000 0.000000 3.718750 -1.925000 0 0 0 0 0.000000 0.000000 0.000000 0.000000
9.067800 -1.676400 5.105401 -0.000000 1.000000 0.000000 1.000000 0.000000 0.000000 3.718750 -1.675000 0 0 0 0 0.000000 0.000000 0.000000 0.000000
9.372600 -1.676400 6.172201 -0.000000 1.000000 0.000000 1.000000 0.000000 0.000000 3.843750 -2.025000 0 0 0 0 0.000000 0.000000 0.000000 0.000000
9.372600 -1.676400 6.934201 -0.000000 1.000000 0.000000 1.000000 0.000000 0.000000 3.843750 -2.275000 0 0 0 0 0.000000 0.000000 0.000000 0.000000
9.067800 -1.676400 6.934201 -0.000000 1.000000 0.000000 1.000000 0.000000 0.000000 3.718750 -2.275000 0 0 0 0 0.000000 0.000000 0.000000 0.000000
9.067800 -1.676400 6.172201 -0.000000 1.000000 0.000000 1.000000 0.000000 0.000000 3.718750 -2.025000 0 0 0 0 0.000000 0.000000 0.000000 0.000000
7.238999 -1.676400 5.105400 1.000000 0.000000 0.000000 -0.000000 -0.000000 1.000000 2.093750 0.550000 0 0 0 0 0.000000 0.000000 0.000000 0.000000
7.238999 -1.981200 5.105400 1.000000 0.000000 0.000000 -0.000000 -0.000000 1.000000 2.093750 0.650000 0 0 0 0 0.000000 0.000000 0.000000 0.000000
7.238999 -1.981200 6.934200 1.000000 0.000000 0.000000 -0.000000 -0.000000 1.000000 2.843750 0.650000 0 0 0 0 0.000000 0.000000 0.000000 0.000000
7.238999 -1.676400 6.934201 1.000000 0.000000 0.000000 -0.000000 -0.000000 1.000000 2.843750 0.550000 0 0 0 0 0.000000 0.000000 0.000000 0.000000
7.238999 -1.676400 5.105400 -0.000000 1.000000 0.000000 1.000000 0.000000 0.000000 2.968750 -1.675000 0 0 0 0 0.000000 0.000000 0.000000 0.000000
7.238999 -1.676400 6.934201 -0.000000 1.000000 0.000000 1.000000 0.000000 0.000000 2.968750 -2.275000 0 0 0 0 0.000000 0.000000 0.000000 0.000000
6.934200 -1.676400 6.934201 -0.000000 1.000000 0.000000 1.000000 0.000000 0.000000 2.843750 -2.275000 0 0 0 0 0.000000 0.000000 0.000000 0.000000
6.934200 -1.676400 5.105400 -0.000000 1.000000 0.000000 1.000000 0.000000 0.000000 2.843750 -1.675000 0 0 0 0 0.000000 0.000000 0.000000 0.000000
11.201400 -4.191000 4.114800 -0.000000 -0.000000 1.000000 1.000000 0.000000 0.000000 4.593750 1.375000 0 0 0 0 0.000000 0.000000 0.000000 0.000000
11.201400 -1.981200 4.114800 -0.000000 -0.000000 1.000000 1.000000 0.000000 0.000000 4.593750 0.650000 0 0 0 0 0.000000 0.000000 0.000000 0.000000
14.325601 -1.981199 4.114801 -0.000000 -0.000000 1.000000 1.000000 0.000000 0.000000 5.875000 0.650000 0 0 0 0 0.000000 0.000000 0.000000 0.000000
14.325601 -2.133599 4.114801 -0.000000 -0.000000 1.000000 1.000000 0.000000 0.000000 5.875000 0.700000 0 0 0 0 0.000000 0.000000 0.000000 0.000000
14.325601 -4.191000 4.114800 -0.000000 -0.000000 1.000000 1.000000 0.000000 0.000000 5.875000 1.375000 0 0 0 0 0.000000 0.000000 0.000000 0.000000
12.801600 -4.191000 4.114800 -0.000000 -0.000000 1.000000 1.000000 0.000000 0.000000 5.250000 1.375000 0 0 0 0 0.000000 0.000000 0.000000 0.000000
12.420599 -4.191000 4.114800 -0.000000 -0.000000 1.000000 1.000000 0.000000 0.000000 5.093750 1.375000 0 0 0 0 0.000000 0.000000 0.000000 0.000000
11.201400 -4.191000 4.114800 -0.000000 -0.000000 1.000000 1.000000 0.000000 0.000000 4.593750 1.375000 0 0 0 0 0.000000 0.000000 0.000000 0.000000
8.915401 -4.191000 4.114800 -0.000000 -0.000000 1.000000 1.000000 0.000000 0.000000 3.656250 1.375000 0 0 0 0 0.000000 0.000000 0.000000 0.000000
8.534400 -4.191000 4.114800 -0.000000 -0.000000 1.000000 1.000000 0.000000 0.000000 3.500000 1.375000 0 0 0 0 0.000000 0.000000 0.000000 0.000000
6.934200 -4.191000 4.114800 -0.000000 -0.000000 1.000000 1.000000 0.000000 0.000000 2.843750 1.375000 0 0 0 0 0.000000 0.000000 0.000000 0.000000
6.934200 -2.133600 4.114800 -0.000000 -0.000000 1.000000 1.000000 0.000000 0.000000 2.843750 0.700000 0 0 0 0 0.000000 0.000000 0.000000 0.000000
6.934200 -1.981200 4.114800 -0.000000 -0.000000 1.000000 1.000000 -0.000000 0.000000 2.843750 0.650000 0 0 0 0 0.000000 0.000000 0.000000 0.000000
4.267200 0.914400 4.495800 -1.000000 -0.000000 -0.000000 -0.000000 -0.000000 1.000000 1.843750 -0.300000 0 0 0 0 0.000000 0.000000 0.000000 0.000000
4.267200 -2.133601 6.858000 -1.000000 -0.000000 -0.000000 -0.000000 -0.000000 1.000000 2.812500 0.700000 0 0 0 0 0.000000 0.000000 0.000000 0.000000
4.267200 -2.133601 6.553200 -1.000000 -0.000000 -0.000000 -0.000000 -0.000000 1.000000 2.687500 0.700000 0 0 0 0 0.000000 0.000000 0.000000 0.000000
4.267200 -2.133600 5.486400 -1.000000 -0.000000 -0.000000 -0.000000 -0.000001 1.000000 2.250000 0.700000 0 0 0 0 0.000000 0.000000 0.000000 0.000000
4.267200 -2.133600 5.181600 -1.000000 -0.000000 -0.000000 -0.000000 0.000000 1.000000 2.125000 0.700000 0 0 0 0 0.000000 0.000000 0.000000 0.000000
4.267200 -2.133600 4.495800 -1.000000 -0.000000 -0.000000 -0.000000 -0.000000 1.000000 1.843750 0.700000 0 0 0 0 0.000000 0.000000 0.000000 0.000000
4.572000 -2.133601 6.858000 0.000000 -1.000000 -0.000000 1.000000 0.000000 0.000000 1.875000 -2.250000 0 0 0 0 0.000000 0.000000 0.000000 0.000000
4.267200 -2.133601 6.858000 0.000000 -1.000000 -0.000000 1.000000 0.000000 0.000000 1.750000 -2.250000 0 0 0 0 0.000000 0.000000 0.000000 0.000000
4.572000 -2.133600 4.495800 0.000000 -1.000000 -0.000000 1.000000 0.000000 0.000000 1.875000 -1.475000 0 0 0 0 0.000000 0.000000 0.000000 0.000000
4.267200 -2.133600 4.495800 0.000000 -1.000000 -0.000000 1.000000 0.000000 0.000000 1.750000 -1.475000 0 0 0 0 0.000000 0.000000 0.000000 0.000000
4.267200 -2.133600 5.181600 0.000000 -1.000000 -0.000000 1.000000 0.000000 0.000000 1.750000 -1.700000 0 0 0 0 0.000000 0.000000 0.000000 0.000000
4.572000 -2.133600 5.181600 0.000000 -1.000000 -0.000000 1.000000 0.000000 0.000000 1.875000 -1.700000 0 0 0 0 0.000000 0.000000 0.000000 0.000000
4.572000 -2.133600 5.486400 0.000000 -1.000000 -0.000000 1.000000 0.000000 0.000000 1.875000 -1.800000 0 0 0 0 0.000000 0.000000 0.000000 0.000000
4.267200 -2.133600 5.486400 0.000000 -1.000000 -0.000000 1.000000 0.000000 0.000000 1.750000 -1.800000 0 0 0 0 0.000000 0.000000 0.000000 0.000000
4.267200 -2.133601 6.553200 0.000000 -1.000000 -0.000000 1.000000 0.000000 -0.000000 1.750000 -2.150000 0 0 0 0 0.000000 0.000000 0.000000 0.000000
4.572000 -2.133600 6.553200 0.000000 -1.000000 -0.000000 1.000000 0.000000 0.000000 1.875000 -2.150000 0 0 0 0 0.000000 0.000000 0.000000 0.000000
4.267200 -4.572001 4.495800 -0.000000 -0.000000 1.000000 0.000000 -1.000000 -0.000000 1.750000 1.500000 0 0 0 0 0.000000 0.000000 0.000000 0.000000
4.267200 -3.352800 4.495800 -0.000000 -0.000000 1.000000 0.000000 -1.000000 -0.000000 1.750000 1.100000 0 0 0 0 0.000000 0.000000 0.000000 0.000000
4.267200 -2.133600 4.495800 -0.000000 -0.000000 1.000000 0.000000 -1.000000 -0.000000 1.750000 0.700000 0 0 0 0 0.000000 0.000000 0.000000 0.000000
4.572000 -2.133600 4.495800 -0.000000 -0.000000 1.000000 1.000000 -0.000000 0.000000 1.875000 0.700000 0 0 0 0 0.000000 0.000000 0.000000 0.000000
5.219699 -2.133600 4.495800 -0.000000 -0.000000 1.000000 1.000000 0.000000 0.000000 2.140625 0.700000 0 0 0 0 0.000000 0.000000 0.000000 0.000000
5.219699 -4.343400 4.495800 -0.000000 -0.000000 1.000000 1.000000 0.000000 0.000000 2.140625 1.425000 0 0 0 0 0.000000 0.000000 0.000000 0.000000
5.219699 -4.572001 4.495800 -0.000000 -0.000000 1.000000 1.000000 -0.000000 0.000000 2.140625 1.500000 0 0 0 0 0.000000 0.000000 0.000000 0.000000
4.572000 -4.572001 4.495800 -0.000000 -0.000000 1.000000 1.000000 -0.000000 0.000000 1.875000 1.500000 0 0 0 0 0.000000 0.000000 0.000000 0.000000
5.334000 -2.133600 4.495800 -0.000000 -0.000000 1.000000 1.000000 0.000000 0.000000 2.187500 0.700000 0 0 0 0 0.000000 0.000000 0.000000 0.000000
5.334000 -2.362200 4.495800 -0.000000 -0.000000 1.000000 1.000000 0.000000 0.000000 2.187500 0.775000 0 0 0 0 0.000000 0.000000 0.000000 0.000000
5.334000 -2.743200 4.495800 -0.000000 -0.000000 1.000000 1.000000 -0.000004 0.000000 2.187500 0.900000 0 0 0 0 0.000000 0.000000 0.000000 0.000000
5.334000 -3.962400 4.495800 -0.000000 -0.000000 1.000000 1.000000 0.000001 0.000000 2.187500 1.300000 0 0 0 0 0.000000 0.000000 0.000000 0.000000
5.334000 -4.343400 4.495800 -0.000000 -0.000000 1.000000 1.000000 0.000000 0.000000 2.187500 1.425000 0 0 0 0 0.000000 0.000000 0.000000 0.000000
5.638799 -2.743200 4.495800 -0.000000 -0.000000 1.000000 1.000000 -0.000000 0.000000 2.312500 0.900000 0 0 0 0 0.000000 0.000000 0.000000 0.000000
5.638800 -3.962400 4.495800 -0.000000 -0.000000 1.000000 1.000000 -0.000000 0.000000 2.312500 1.300000 0 0 0 0 0.000000 0.000000 0.000000 0.000000
5.600700 -4.343400 4.495800 -0.000000 -0.000000 1.000000 1.000000 -0.000000 0.000000 2.296875 1.425000 0 0 0 0 0.000000 0.000000 0.000000 0.000000
5.638800 -4.343400 4.495800 -0.000000 -0.000000 1.000000 1.000000 -0.000000 0.000000 2.312500 1.425000 0 0 0 0 0.000000 0.000000 0.000000 0.000000
5.638800 -4.572001 4.495800 -0.000000 -0.000000 1.000000 1.000000 -0.000000 0.000000 2.312500 1.500000 0 0 0 0 0.000000 0.000000 0.000000 0.000000
5.600700 -4.572001 4.495800 -0.000000 -0.000000 1.000000 1.000000 -0.000000 0.000000 2.296875 1.500000 0 0 0 0 0.000000 0.000000 0.000000 0.000000
5.638799 -2.133600 4.495800 -0.000000 -0.000000 1.000000 1.000000 -0.000000 0.000000 2.312500 0.700000 0 0 0 0 0.000000 0.000000 0.000000 0.000000
5.638799 -2.362200 4.495800 -0.000000 -0.000000 1.000000 1.000000 -0.000000 0.000000 2.312500 0.775000 0 0 0 0 0.000000 0.000000 0.000000 0.000000
4.267200 -3.352800 3.581400 0.000000 0.000000 -1.000000 1.000000 -0.000000 0.000000 1.750000 1.100000 0 0 0 0 0.000000 0.000000 0.000000 0.000000
3.657600 -3.352800 3.581400 0.000000 0.000000 -1.000000 1.000000 -0.000000 0.000000 1.500000 1.100000 0 0 0 0 0.000000 0.000000 0.000000 0.000000
3.657600 -3.409950 3.581400 0.000000 0.000000 -1.000000 1.000000 -0.000000 0.000000 1.500000 1.118750 0 0 0 0 0.000000 0.000000 0.000000 0.000000
3.657600 -3.867150 3.581400 0.000000 0.000000 -1.000000 1.000000 0.000000 0.000000 1.500000 1.268750 0 0 0 0 0.000000 0.000000 0.000000 0.000000
3.657600 -4.572001 3.581400 0.000000 0.000000 -1.000000 1.000000 0.000000 0.000000 1.500000 1.500000 0 0 0 0 0.000000 0.000000 0.000000 0.000000
4.267200 -4.572001 3.581400 0.000000 0.000000 -1.000000 1.000000 -0.000000 0.000000 1.750000 1.500000 0 0 0 0 0.000000 0.000000 0.000000 0.000000
4.267200 0.914400 3.581400 0.000000 0.000000 -1.000000 1.000000 -0.000000 0.000000 1.750000 -0.300000 0 0 0 0 0.000000 0.000000 0.000000 0.000000
3.657599 0.914400 3.581400 0.000000 0.000000 -1.000000 1.000000 0.000000 0.000000 1.500000 -0.300000 0 0 0 0 0.000000 0.000000 0.000000 0.000000
3.657599 0.609600 3.581400 0.000000 0.000000 -1.000000 1.000000 0.000007 0.000000 1.500000 -0.200000 0 0 0 0 0.000000 0.000000 0.000000 0.000000
2.667000 0.914400 3.581400 0.000000 0.000000 -1.000000 1.000000 0.000000 0.000000 1.093750 -0.300000 0 0 0 0 0.000000 0.000000 0.000000 0.000000
2.667000 0.609600 3.581400 0.000000 0.000000 -1.000000 1.000000 0.000000 0.000000 1.093750 -0.200000 0 0 0 0 0.000000 0.000000 0.000000 0.000000
2.667000 0.914399 4.495800 -0.000000 -0.000000 1.000000 1.000000 0.000000 0.000000 1.093750 -0.300000 0 0 0 0 0.000000 0.000000 0.000000 0.000000
3.657599 0.914400 4.495800 -0.000000 -0.000000 1.000000 1.000000 0.000000 0.000000 1.500000 -0.300000 0 0 0 0 0.000000 0.000000 0.000000 0.000000
3.657599 0.609600 4.495800 -0.000000 -0.000000 1.000000 1.000000 0.000000 0.000000 1.500000 -0.200000 0 0 0 0 0.000000 0.000000 0.000000 0.000000
2.667000 0.609599 4.495800 -0.000000 -0.000000 1.000000 1.000000 0.000000 0.000000 1.093750 -0.200000 0 0 0 0 0.000000 0.000000 0.000000 0.000000
3.657600 -3.352800 4.495800 -0.000000 -0.000000 1.000000 1.000000 -0.000000 0.000000 1.500000 1.100000 0 0 0 0 0.000000 0.000000 0.000000 0.000000
4.267200 -3.352800 4.495800 -0.000000 -0.000000 1.000000 1.000000 -0.000000 0.000000 1.750000 1.100000 0 0 0 0 0.000000 0.000000 0.000000 0.000000
4.267200 -4.572001 4.495800 -0.000000 -0.000000 1.000000 1.000000 -0.000000 0.000000 1.750000 1.500000 0 0 0 0 0.000000 0.000000 0.000000 0.000000
3.657600 -4.572001 4.495800 -0.000000 -0.000000 1.000000 1.000000 -0.000000 0.000000 1.500000 1.500000 0 0 0 0 0.000000 0.000000 0.000000 0.000000
3.657600 -3.867150 4.495800 -0.000000 -0.000000 1.000000 0.000000 -1.000000 -0.000000 1.500000 1.268750 0 0 0 0 0.000000 0.000000 0.000000 0.000000
3.657600 -3.409950 4.495800 -0.000000 -0.000000 1.000000 0.000000 -1.000000 -0.000000 1.500000 1.118750 0 0 0 0 0.000000 0.000000 0.000000 0.000000
3.657600 -3.352800 4.495800 -0.000000 -0.000000 1.000000 0.000000 -1.000000 -0.000000 1.500000 1.100000 0 0 0 0 0.000000 0.000000 0.000000 0.000000
3.657599 0.609600 4.495800 -0.000000 -0.000000 1.000000 0.000000 -1.000000 -0.000000 1.500000 -0.200000 0 0 0 0 0.000000 0.000000 0.000000 0.000000
3.657599 0.914400 4.495800 -0.000000 -0.000000 1.000000 0.000000 -1.000000 -0.000000 1.500000 -0.300000 0 0 0 0 0.000000 0.000000 0.000000 0.000000
4.267200 0.914400 4.495800 -0.000000 -0.000000 1.000000 1.000000 -0.000000 0.000000 1.750000 -0.300000 0 0 0 0 0.000000 0.000000 0.000000 0.000000
4.267200 -2.133600 4.495800 -0.000000 -0.000000 1.000000 1.000000 -0.000000 0.000000 1.750000 0.700000 0 0 0 0 0.000000 0.000000 0.000000 0.000000
3.771900 -3.409950 4.381500 0.000000 -1.000000 -0.000000 1.000000 0.000000 0.000000 1.546875 -1.437500 0 0 0 0 0.000000 0.000000 0.000000 0.000000
3.771900 -3.409950 4.229100 0.000000 -1.000000 -0.000000 1.000000 0.000000 0.000000 1.546875 -1.387500 0 0 0 0 0.000000 0.000000 0.000000 0.000000
3.657600 -3.409950 4.229100 0.000000 -1.000000 -0.000000 1.000000 0.000000 0.000000 1.500000 -1.387500 0 0 0 0 0.000000 0.000000 0.000000 0.000000
3.657600 -3.409950 4.381500 0.000000 -1.000000 -0.000000 1.000000 0.000000 0.000000 1.500000 -1.437500 0 0 0 0 0.000000 0.000000 0.000000 0.000000
3.771900 -3.409950 4.210050 0.000000 -1.000000 -0.000000 1.000000 0.000000 0.000000 1.546875 -1.381250 0 0 0 0 0.000000 0.000000 0.000000 0.000000
3.771900 -3.409950 3.905250 0.000000 -1.000000 -0.000000 1.000000 0.000000 0.000000 1.546875 -1.281250 0 0 0 0 0.000000 0.000000 0.000000 0.000000
3.657600 -3.409950 3.905250 0.000000 -1.000000 -0.000000 1.000000 0.000000 0.000000 1.500000 -1.281250 0 0 0 0 0.000000 0.000000 0.000000 0.000000
3.657600 -3.409950 4.210050 0.000000 -1.000000 -0.000000 1.000000 0.000000 0.000000 1.500000 -1.381250 0 0 0 0 0.000000 0.000000 0.000000 0.000000
3.657599 0.609600 3.581400 0.000000 -1.000000 -0.000000 1.000000 0.000000 0.000000 1.500000 -1.175000 0 0 0 0 0.000000 0.000000 0.000000 0.000000
2.667000 0.609600 3.581400 0.000000 -1.000000 -0.000000 1.000000 0.000000 0.000000 1.093750 -1.175000 0 0 0 0 0.000000 0.000000 0.000000 0.000000
2.667000 0.609599 4.495800 0.000000 -1.000000 -0.000000 1.000000 0.000000 0.000000 1.093750 -1.475000 0 0 0 0 0.000000 0.000000 0.000000 0.000000
3.657599 0.609600 4.495800 0.000000 -1.000000 -0.000000 1.000000 0.000000 0.000000 1.500000 -1.475000 0 0 0 0 0.000000 0.000000 0.000000 0.000000
3.657599 0.609600 4.495800 -1.000000 -0.000000 -0.000000 -0.000000 1.000000 0.000000 1.843750 -0.200000 0 0 0 0 0.000000 0.000000 0.000000 0.000000
3.657600 -3.352800 4.495800 -1.000000 -0.000000 -0.000000 -0.000000 1.000000 0.000000 1.843750 1.100000 0 0 0 0 0.000000 0.000000 0.000000 0.000000
3.657600 -3.409950 4.495800 -1.000000 -0.000000 -0.000000 -0.000000 1.000000 0.000000 1.843750 1.118750 0 0 0 0 0.000000 0.000000 0.000000 0.000000
3.657600 -3.409950 4.381500 -1.000000 -0.000000 -0.000000 -0.000000 -0.000000 1.000000 1.796875 1.118750 0 0 0 0 0.000000 0.000000 0.000000 0.000000
3.657600 -3.409950 4.229100 -1.000000 -0.000000 -0.000000 -0.000000 -0.000000 1.000000 1.734375 1.118750 0 0 0 0 0.000000 0.000000 0.000000 0.000000
3.657600 -3.409950 4.210050 -1.000000 -0.000000 -0.000000 -0.000005 -0.000000 1.000000 1.726562 1.118750 0 0 0 0 0.000000 0.000000 0.000000 0.000000
3.657600 -3.409950 3.905250 -1.000000 -0.000000 -0.000000 -0.000000 -0.000000 1.000000 1.601562 1.118750 0 0 0 0 0.000000 0.000000 0.000000 0.000000
3.657600 -3.409950 3.581400 -1.000000 -0.000000 -0.000000 -0.000000 -0.000000 1.000000 1.468750 1.118750 0 0 0 0 0.000000 0.000000 0.000000 0.000000
3.657600 -3.352800 3.581400 -1.000000 -0.000000 -0.000000 -0.000000 0.000000 1.000000 1.468750 1.100000 0 0 0 0 0.000000 0.000000 0.000000 0.000000
3.657599 0.609600 3.581400 -1.000000 -0.000000 -0.000000 -0.000000 -0.000000 1.000000 1.468750 -0.200000 0 0 0 0 0.000000 0.000000 0.000000 0.000000
3.657600 -3.600450 4.381500 -1.000000 -0.000000 -0.000000 -0.000000 0.000001 1.000000 1.796875 1.181250 0 0 0 0 0.000000 0.000000 0.000000 0.000000
3.657600 -3.695700 4.381500 -1.000000 -0.000000 -0.000000 -0.000000 0.000000 1.000000 1.796875 1.212500 0 0 0 0 0.000000 0.000000 0.000000 0.000000
3.657600 -3.695700 4.229100 -1.000000 -0.000000 -0.000000 -0.000000 -0.000000 1.000000 1.734375 1.212500 0 0 0 0 0.000000 0.000000 0.000000 0.000000
3.657600 -3.600450 4.229100 -1.000000 -0.000000 -0.000000 -0.000000 -0.000000 1.000000 1.734375 1.181250 0 0 0 0 0.000000 0.000000 0.000000 0.000000
3.657600 -3.714750 4.210050 -1.000000 -0.000000 -0.000000 -0.000005 -0.000000 1.000000 1.726562 1.218750 0 0 0 0 0.000000 0.000000 0.000000 0.000000
3.657600 -3.867150 4.210050 -1.000000 -0.000000 -0.000000 -0.000005 -0.000000 1.000000 1.726562 1.268750 0 0 0 0 0.000000 0.000000 0.000000 0.000000
3.657600 -3.867150 3.905250 -1.000000 -0.000000 -0.000000 -0.000000 -0.000000 1.000000 1.601562 1.268750 0 0 0 0 0.000000 0.000000 0.000000 0.000000
3.657600 -3.714750 3.905250 -1.000000 -0.000000 -0.000000 -0.000000 -0.000000 1.000000 1.601562 1.218750 0 0 0 0 0.000000 0.000000 0.000000 0.000000
3.657600 -3.409950 3.905250 -1.000000 -0.000000 -0.000001 -0.000000 1.000000 -0.000000 1.601562 1.118750 0 0 0 0 0.000000 0.000000 0.000000 0.000000
3.657600 -3.714750 3.905250 -1.000000 -0.000000 -0.000001 -0.000000 1.000000 -0.000000 1.601562 1.218750 0 0 0 0 0.000000 0.000000 0.000000 0.000000
3.657600 -3.867150 3.905250 -1.000000 -0.000000 -0.000001 -0.000000 1.000000 -0.000000 1.601562 1.268750 0 0 0 0 0.000000 0.000000 0.000000 0.000000
3.657600 -3.867150 3.581400 -1.000000 -0.000000 -0.000001 -0.000001 -0.000000 1.000000 1.468750 1.268750 0 0 0 0 0.000000 0.000000 0.000000 0.000000
3.657600 -3.409950 4.229100 -1.000000 -0.000000 -0.000014 -0.000000 1.000000 -0.000000 1.734375 1.118750 0 0 0 0 0.000000 0.000000 0.000000 0.000000
3.657600 -3.600450 4.229100 -1.000000 -0.000000 -0.000014 -0.000000 1.000000 -0.000000 1.734375 1.181250 0 0 0 0 0.000000 0.000000 0.000000 0.000000
3.657600 -3.695700 4.229100 -1.000000 -0.000000 -0.000014 -0.000000 1.000000 -0.000000 1.734375 1.212500 0 0 0 0 0.000000 0.000000 0.000000 0.000000
3.657600 -3.867150 4.229100 -1.000000 -0.000000 -0.000014 -0.000000 1.000000 -0.000000 1.734375 1.268750 0 0 0 0 0.000000 0.000000 0.000000 0.000000
3.657600 -3.867150 4.210050 -1.000000 -0.000000 -0.000014 -0.000005 -0.000000 1.000000 1.726562 1.268750 0 0 0 0 0.000000 0.000000 0.000000 0.000000
3.657600 -3.714750 4.210050 -1.000000 -0.000000 -0.000014 -0.000005 -0.000000 1.000000 1.726562 1.218750 0 0 0 0 0.000000 0.000000 0.000000 0.000000
3.657600 -3.409950 4.210050 -1.000000 -0.000000 -0.000014 -0.000005 -0.000000 1.000000 1.726562 1.118750 0 0 0 0 0.000000 0.000000 0.000000 0.000000
3.657600 -3.409950 4.495800 -1.000000 -0.000000 -0.000000 -0.000000 -0.000000 1.000000 1.843750 1.118750 0 0 0 0 0.000000 0.000000 0.000000 0.000000
3.657600 -3.867150 4.495800 -1.000000 -0.000000 -0.000000 -0.000000 -0.000000 1.000000 1.843750 1.268750 0 0 0 0 0.000000 0.000000 0.000000 0.000000
3.657600 -3.867150 4.381500 -1.000000 -0.000000 -0.000000 -0.000000 -0.000000 1.000000 1.796875 1.268750 0 0 0 0 0.000000 0.000000 0.000000 0.000000
3.657600 -3.867150 4.495800 -1.000000 -0.000000 -0.000000 -0.000000 -0.000000 1.000000 1.843750 1.268750 0 0 0 0 0.000000 0.000000 0.000000 0.000000
3.657600 -4.572001 4.495800 -1.000000 -0.000000 -0.000000 -0.000000 -0.000000 1.000000 1.843750 1.500000 0 0 0 0 0.000000 0.000000 0.000000 0.000000
3.657600 -4.572001 3.898582 -1.000000 -0.000000 -0.000000 -0.000000 -0.000000 1.000000 1.598828 1.500000 0 0 0 0 0.000000 0.000000 0.000000 0.000000
3.657600 -4.572001 3.581400 -1.000000 -0.000000 -0.000000 -0.000000 -0.000000 1.000000 1.468750 1.500000 0 0 0 0 0.000000 0.000000 0.000000 0.000000
3.657600 -3.867150 3.905250 -1.000000 -0.000000 -0.000000 -0.000000 -0.000000 1.000000 1.601562 1.268750 0 0 0 0 0.000000 0.000000 0.000000 0.000000
3.657600 -3.867150 4.210050 -1.000000 -0.000000 -0.000000 0.000000 0.000000 -1.000000 1.726562 1.268750 0 0 0 0 0.000000 0.000000 0.000000 0.000000
3.657600 -3.867150 4.229100 -1.000000 -0.000000 -0.000000 -0.000000 -0.000000 1.000000 1.734375 1.268750 0 0 0 0 0.000000 0.000000 0.000000 0.000000
3.657600 -3.867150 4.381500 -1.000000 -0.000000 -0.000000 0.000000 0.000000 -1.000000 1.796875 1.268750 0 0 0 0 0.000000 0.000000 0.000000 0.000000
3.771900 -3.714750 4.210050 -0.000000 1.000000 0.000000 1.000000 0.000000 0.000000 1.546875 -1.381250 0 0 0 0 0.000000 0.000000 0.000000 0.000000
3.657600 -3.714750 4.210050 -0.000000 1.000000 0.000000 1.000000 0.000000 0.000000 1.500000 -1.381250 0 0 0 0 0.000000 0.000000 0.000000 0.000000
3.657600 -3.714750 3.905250 -0.000000 1.000000 0.000000 1.000000 0.000000 0.000000 1.500000 -1.281250 0 0 0 0 0.000000 0.000000 0.000000 0.000000
3.771900 -3.714750 3.905250 -0.000000 1.000000 0.000000 1.000000 0.000000 0.000000 1.546875 -1.281250 0 0 0 0 0.000000 0.000000 0.000000 0.000000
3.771900 -3.409950 3.905250 -0.000000 -0.000000 1.000000 1.000000 -0.000000 0.000000 1.546875 1.118750 0 0 0 0 0.000000 0.000000 0.000000 0.000000
3.771900 -3.714750 3.905250 -0.000000 -0.000000 1.000000 1.000000 -0.000000 0.000000 1.546875 1.218750 0 0 0 0 0.000000 0.000000 0.000000 0.000000
3.657600 -3.714750 3.905250 -0.000000 -0.000000 1.000000 1.000000 -0.000000 0.000000 1.500000 1.218750 0 0 0 0 0.000000 0.000000 0.000000 0.000000
3.657600 -3.409950 3.905250 -0.000000 -0.000000 1.000000 1.000000 -0.000000 0.000000 1.500000 1.118750 0 0 0 0 0.000000 0.000000 0.000000 0.000000
3.657600 -3.409950 4.210050 0.000000 0.000000 -1.000000 1.000000 -0.000000 0.000000 1.500000 1.118750 0 0 0 0 0.000000 0.000000 0.000000 0.000000
3.657600 -3.714750 4.210050 0.000000 0.000000 -1.000000 1.000000 -0.000000 0.000000 1.500000 1.218750 0 0 0 0 0.000000 0.000000 0.000000 0.000000
3.771900 -3.714750 4.210050 0.000000 0.000000 -1.000000 1.000000 -0.000000 0.000000 1.546875 1.218750 0 0 0 0 0.000000 0.000000 0.000000 0.000000
3.771900 -3.409950 4.210050 0.000000 0.000000 -1.000000 1.000000 -0.000000 0.000000 1.546875 1.118750 0 0 0 0 0.000000 0.000000 0.000000 0.000000
3.771900 -3.600450 4.229100 -1.000000 -0.000000 -0.000000 -0.000000 -0.000000 1.000000 1.734375 1.181250 0 0 0 0 0.000000 0.000000 0.000000 0.000000
3.771900 -3.409950 4.229100 -1.000000 -0.000000 -0.000000 -0.000000 -0.000000 1.000000 1.734375 1.118750 0 0 0 0 0.000000 0.000000 0.000000 0.000000
3.771900 -3.409950 4.381500 -1.000000 -0.000000 -0.000000 -0.000000 -0.000000 1.000000 1.796875 1.118750 0 0 0 0 0.000000 0.000000 0.000000 0.000000
3.771900 -3.600450 4.381500 -1.000000 -0.000000 -0.000000 -0.000000 -0.000000 1.000000 1.796875 1.181250 0 0 0 0 0.000000 0.000000 0.000000 0.000000
3.771900 -3.600450 4.381500 -0.000000 1.000000 0.000000 1.000000 0.000000 0.000000 1.546875 -1.437500 0 0 0 0 0.000000 0.000000 0.000000 0.000000
3.657600 -3.600450 4.381500 -0.000000 1.000000 0.000000 1.000000 0.000000 0.000000 1.500000 -1.437500 0 0 0 0 0.000000 0.000000 0.000000 0.000000
3.657600 -3.600450 4.229100 -0.000000 1.000000 0.000000 1.000000 0.000000 0.000000 1.500000 -1.387500 0 0 0 0 0.000000 0.000000 0.000000 0.000000
3.771900 -3.600450 4.229100 -0.000000 1.000000 0.000000 1.000000 0.000000 0.000000 1.546875 -1.387500 0 0 0 0 0.000000 0.000000 0.000000 0.000000
3.657600 -3.409950 4.381500 0.000000 0.000000 -1.000000 1.000000 -0.000000 0.000000 1.500000 1.118750 0 0 0 0 0.000000 0.000000 0.000000 0.000000
3.657600 -3.600450 4.381500 0.000000 0.000000 -1.000000 1.000000 -0.000000 0.000000 1.500000 1.181250 0 0 0 0 0.000000 0.000000 0.000000 0.000000
3.771900 -3.600450 4.381500 0.000000 0.000000 -1.000000 1.000000 -0.000000 0.000000 1.546875 1.181250 0 0 0 0 0.000000 0.000000 0.000000 0.000000
3.771900 -3.409950 4.381500 0.000000 0.000000 -1.000000 1.000000 -0.000000 0.000000 1.546875 1.118750 0 0 0 0 0.000000 0.000000 0.000000 0.000000
3.771900 -3.409950 4.229100 -0.000000 -0.000000 1.000000 1.000000 -0.000000 0.000000 1.546875 1.118750 0 0 0 0 0.000000 0.000000 0.000000 0.000000
3.771900 -3.600450 4.229100 -0.000000 -0.000000 1.000000 1.000000 -0.000000 0.000000 1.546875 1.181250 0 0 0 0 0.000000 0.000000 0.000000 0.000000
3.657600 -3.600450 4.229100 -0.000000 -0.000000 1.000000 1.000000 -0.000000 0.000000 1.500000 1.181250 0 0 0 0 0.000000 0.000000 0.000000 0.000000
3.657600 -3.409950 4.229100 -0.000000 -0.000000 1.000000 1.000000 -0.000000 0.000000 1.500000 1.118750 0 0 0 0 0.000000 0.000000 0.000000 0.000000
3.771900 -3.409950 3.905250 -1.000000 -0.000000 -0.000000 -0.000000 -0.000000 1.000000 1.601562 1.118750 0 0 0 0 0.000000 0.000000 0.000000 0.000000
3.771900 -3.409950 4.210050 -1.000000 -0.000000 -0.000000 -0.000000 -0.000000 1.000000 1.726562 1.118750 0 0 0 0 0.000000 0.000000 0.000000 0.000000
3.771900 -3.714750 4.210050 -1.000000 -0.000000 -0.000000 -0.000000 -0.000000 1.000000 1.726562 1.218750 0 0 0 0 0.000000 0.000000 0.000000 0.000000
3.771900 -3.714750 3.905250 -1.000000 -0.000000 -0.000000 -0.000000 -0.000000 1.000000 1.601562 1.218750 0 0 0 0 0.000000 0.000000 0.000000 0.000000
-0.609601 0.914398 8.458200 -0.000000 -0.000000 1.000000 1.000000 0.000000 0.000000 -0.250000 -0.300000 0 0 0 0 0.000000 0.000000 0.000000 0.000000
-0.609601 0.609599 8.458200 -0.000000 -0.000000 1.000000 1.000000 0.000000 0.000000 -0.250000 -0.200000 0 0 0 0 0.000000 0.000000 0.000000 0.000000
-4.876801 0.609598 8.458200 -0.000000 -0.000000 1.000000 1.000000 0.000000 0.000000 -2.000000 -0.200000 0 0 0 0 0.000000 0.000000 0.000000 0.000000
-4.876801 0.914398 8.458200 -0.000000 -0.000000 1.000000 1.000000 0.000000 0.000000 -2.000000 -0.300000 0 0 0 0 0.000000 0.000000 0.000000 0.000000
-0.914401 0.914398 8.458200 -0.000000 -0.000000 1.000000 -1.000000 -0.000000 -0.000000 -0.375000 -0.300000 0 0 0 0 0.000000 0.000000 0.000000 0.000000
-0.609601 0.609599 7.543800 0.000000 -1.000000 -0.000000 1.000000 0.000000 0.000000 -0.250000 -2.475000 0 0 0 0 0.000000 0.000000 0.000000 0.000000
-0.609601 0.609599 8.458200 0.000000 -1.000000 -0.000000 1.000000 0.000000 0.000000 -0.250000 -2.775000 0 0 0 0 0.000000 0.000000 0.000000 0.000000
-4.876801 0.609598 7.543799 0.000000 -1.000000 -0.000000 1.000000 0.000000 0.000000 -2.000000 -2.475000 0 0 0 0 0.000000 0.000000 0.000000 0.000000
-4.876801 0.609598 8.458200 0.000000 -1.000000 -0.000000 1.000000 0.000000 0.000000 -2.000000 -2.775000 0 0 0 0 0.000000 0.000000 0.000000 0.000000
-0.609601 0.914399 7.543800 0.000000 0.000000 -1.000000 1.000000 0.000000 0.000000 -0.250000 -0.300000 0 0 0 0 0.000000 0.000000 0.000000 0.000000
-0.609601 0.609599 7.543800 0.000000 0.000000 -1.000000 1.000000 0.000000 0.000000 -0.250000 -0.200000 0 0 0 0 0.000000 0.000000 0.000000 0.000000
-4.876801 0.914398 7.543799 0.000000 0.000000 -1.000000 1.000000 0.000000 0.000000 -2.000000 -0.300000 0 0 0 0 0.000000 0.000000 0.000000 0.000000
-4.876801 0.609598 7.543799 0.000000 0.000000 -1.000000 1.000000 0.000000 0.000000 -2.000000 -0.200000 0 0 0 0 0.000000 0.000000 0.000000 0.000000
-9.601200 -3.962403 11.277597 -0.000000 -0.000000 1.000000 1.000000 -0.000000 0.000000 -3.937500 1.300000 0 0 0 0 0.000000 0.000000 0.000000 0.000000
-10.629901 -3.962403 11.277597 -0.000000 -0.000000 1.000000 1.000000 0.000000 0.000000 -4.359375 1.300000 0 0 0 0 0.000000 0.000000 0.000000 0.000000
-10.629901 -2.743203 11.277598 -0.000000 -0.000000 1.000000 1.000000 -0.000000 0.000000 -4.359375 0.900000 0 0 0 0 0.000000 0.000000 0.000000 0.000000
-10.629901 -2.209803 11.277598 -0.000000 -0.000000 1.000000 1.000000 0.000001 0.000000 -4.359375 0.725000 0 0 0 0 0.000000 0.000000 0.000000 0.000000
-9.601201 -2.209803 11.277598 -0.000000 -0.000000 1.000000 1.000000 -0.000000 0.000000 -3.937500 0.725000 0 0 0 0 0.000000 0.000000 0.000000 0.000000
-10.629901 -3.962403 11.125197 0.000000 -1.000000 -0.000000 1.000000 0.000000 0.000000 -4.359375 -3.650000 0 0 0 0 0.000000 0.000000 0.000000 0.000000
-10.629901 -3.962403 11.277597 0.000000 -1.000000 -0.000000 1.000000 0.000000 0.000000 -4.359375 -3.700000 0 0 0 0 0.000000 0.000000 0.000000 0.000000
-9.601200 -3.962403 11.277597 0.000000 -1.000000 -0.000000 1.000000 0.000000 0.000000 -3.937500 -3.700000 0 0 0 0 0.000000 0.000000 0.000000 0.000000
-9.601200 -3.962403 11.125197 0.000000 -1.000000 -0.000000 1.000000 0.000000 0.000000 -3.937500 -3.650000 0 0 0 0 0.000000 0.000000 0.000000 0.000000
-0.609600 0.914399 3.581400 0.000000 0.000000 -1.000000 1.000000 0.000000 0.000000 -0.250000 -0.300000 0 0 0 0 0.000000 0.000000 0.000000 0.000000
-0.609600 0.609599 3.581400 0.000000 0.000000 -1.000000 1.000000 0.000000 0.000000 -0.250000 -0.200000 0 0 0 0 0.000000 0.000000 0.000000 0.000000
-0.609600 0.914399 3.581400 0.000000 0.000000 -1.000000 1.000000 0.000000 0.000000 -0.250000 -0.300000 0 0 0 0 0.000000 0.000000 0.000000 0.000000
-0.914400 0.914399 3.581400 0.000000 0.000000 -1.000000 1.000000 0.000000 0.000000 -0.375000 -0.300000 0 0 0 0 0.000000 0.000000 0.000000 0.000000
-4.876800 0.914399 3.581400 0.000000 0.000000 -1.000000 1.000000 0.000000 0.000000 -2.000000 -0.300000 0 0 0 0 0.000000 0.000000 0.000000 0.000000
-4.876800 0.609599 3.581400 0.000000 0.000000 -1.000000 1.000000 0.000000 0.000000 -2.000000 -0.200000 0 0 0 0 0.000000 0.000000 0.000000 0.000000
-0.609600 0.914399 4.495800 -0.000000 -0.000000 1.000000 1.000000 0.000000 0.000000 -0.250000 -0.300000 0 0 0 0 0.000000 0.000000 0.000000 0.000000
-0.609600 0.609599 4.495800 -0.000000 -0.000000 1.000000 1.000000 0.000000 0.000000 -0.250000 -0.200000 0 0 0 0 0.000000 0.000000 0.000000 0.000000
-4.876800 0.609599 4.495800 -0.000000 -0.000000 1.000000 1.000000 0.000000 0.000000 -2.000000 -0.200000 0 0 0 0 0.000000 0.000000 0.000000 0.000000
-4.876800 0.914399 4.495800 -0.000000 -0.000000 1.000000 1.000000 0.000000 0.000000 -2.000000 -0.300000 0 0 0 0 0.000000 0.000000 0.000000 0.000000
-0.609600 0.609599 3.581400 0.000000 -1.000000 -0.000000 1.000000 0.000000 0.000000 -0.250000 -1.175000 0 0 0 0 0.000000 0.000000 0.000000 0.000000
-0.609600 0.609599 4.495800 0.000000 -1.000000 -0.000000 1.000000 0.000000 0.000000 -0.250000 -1.475000 0 0 0 0 0.000000 0.000000 0.000000 0.000000
-4.876800 0.609599 3.581400 0.000000 -1.000000 -0.000000 1.000000 0.000000 0.000000 -2.000000 -1.175000 0 0 0 0 0.000000 0.000000 0.000000 0.000000
-4.876800 0.609599 4.495800 0.000000 -1.000000 -0.000000 1.000000 0.000000 0.000000 -2.000000 -1.475000 0 0 0 0 0.000000 0.000000 0.000000 0.000000
-6.743699 -3.371849 -7.391401 0.485643 -0.000000 0.874157 0.874157 0.000000 -0.485643 -2.765625 1.106250 0 0 0 0 0.000000 0.000000 0.000000 0.000000
-6.400799 -3.371849 -7.581901 0.485643 -0.000000 0.874157 0.874157 0.000000 -0.485643 -2.625000 1.106250 0 0 0 0 0.000000 0.000000 0.000000 0.000000
-6.400799 -3.409949 -7.581901 0.485643 -0.000000 0.874157 0.874157 0.000000 -0.485643 -2.625000 1.118750 0 0 0 0 0.000000 0.000000 0.000000 0.000000
-6.743699 -3.409949 -7.391401 0.485643 -0.000000 0.874157 0.874157 0.000000 -0.485643 -2.765625 1.118750 0 0 0 0 0.000000 0.000000 0.000000 0.000000
-6.743699 -3.371849 -7.391401 -0.857493 -0.000000 0.514496 0.514496 -0.000000 0.857493 -3.031250 1.106250 0 0 0 0 0.000000 0.000000 0.000000 0.000000
-6.743699 -3.409949 -7.391401 -0.857493 -0.000000 0.514496 0.514496 -0.000000 0.857493 -3.031250 1.118750 0 0 0 0 0.000000 0.000000 0.000000 0.000000
-6.858000 -3.409949 -7.581901 -0.857493 -0.000000 0.514496 0.514496 -0.000000 0.857493 -3.109375 1.118750 0 0 0 0 0.000000 0.000000 0.000000 0.000000
-6.858000 -3.371849 -7.581901 -0.857493 -0.000000 0.514496 0.514496 -0.000000 0.857493 -3.109375 1.106250 0 0 0 0 0.000000 0.000000 0.000000 0.000000
-6.553198 -1.066797 -22.250401 -1.000000 -0.000000 -0.000000 -0.000000 -0.000000 1.000000 -9.125000 0.350000 0 0 0 0 0.000000 0.000000 0.000000 0.000000
-6.553198 0.000003 -22.250401 -1.000000 -0.000000 -0.000000 -0.000000 -0.000000 1.000000 -9.125000 0.000000 0 0 0 0 0.000000 0.000000 0.000000 0.000000
-6.553198 0.000003 -21.945601 -1.000000 -0.000000 -0.000000 -0.000000 -0.000000 1.000000 -9.000000 0.000000 0 0 0 0 0.000000 0.000000 0.000000 0.000000
-6.553198 0.000003 -19.812000 -1.000000 -0.000000 -0.000000 -0.000000 -0.000000 1.000000 -8.125000 0.000000 0 0 0 0 0.000000 0.000000 0.000000 0.000000
-6.553198 -1.066797 -19.812000 -1.000000 -0.000000 -0.000000 -0.000000 -0.000000 1.000000 -8.125000 0.350000 0 0 0 0 0.000000 0.000000 0.000000 0.000000
-6.553198 -1.066797 -20.116800 -1.000000 -0.000000 -0.000000 -0.000000 -0.000000 1.000000 -8.250000 0.350000 0 0 0 0 0.000000 0.000000 0.000000 0.000000
-6.553198 -1.066797 -21.945601 -1.000000 -0.000000 -0.000000 -0.000000 -0.000000 1.000000 -9.000000 0.350000 0 0 0 0 0.000000 0.000000 0.000000 0.000000
-6.553198 -1.371597 -20.116800 -1.000000 -0.000000 -0.000000 -0.000000 -0.000000 1.000000 -8.250000 0.450000 0 0 0 0 0.000000 0.000000 0.000000 0.000000
-6.553198 -1.371597 -21.945601 -1.000000 -0.000000 -0.000000 -0.000000 -0.000000 1.000000 -9.000000 0.450000 0 0 0 0 0.000000 0.000000 0.000000 0.000000
-6.553198 -1.066797 -21.945601 -1.000000 -0.000000 -0.000000 -0.000000 -0.000000 1.000000 -9.000000 0.350000 0 0 0 0 0.000000 0.000000 0.000000 0.000000
-6.553198 -1.371597 -19.812000 -1.000000 -0.000000 -0.000000 -0.000000 -0.000000 1.000000 -8.125000 0.450000 0 0 0 0 0.000000 0.000000 0.000000 0.000000
-6.553198 -1.981197 -19.812000 -1.000000 -0.000000 -0.000000 -0.000000 -0.000000 1.000000 -8.125000 0.650000 0 0 0 0 0.000000 0.000000 0.000000 0.000000
-6.553198 -1.981197 -22.250401 -1.000000 -0.000000 -0.000000 -0.000000 -0.000000 1.000000 -9.125000 0.650000 0 0 0 0 0.000000 0.000000 0.000000 0.000000
-6.553198 -1.371597 -22.250401 -1.000000 -0.000000 -0.000000 -0.000000 -0.000000 1.000000 -9.125000 0.450000 0 0 0 0 0.000000 0.000000 0.000000 0.000000
-2.895598 0.000004 -24.384001 -0.000000 1.000000 0.000000 1.000000 0.000000 -0.000000 -1.187500 8.000000 0 0 0 0 0.000000 0.000000 0.000000 0.000000
-2.895598 0.000003 -21.945601 -0.000000 1.000000 0.000000 1.000000 0.000000 -0.000000 -1.187500 7.200000 0 0 0 0 0.000000 0.000000 0.000000 0.000000
-3.505198 0.000003 -21.945601 -0.000000 1.000000 0.000000 1.000000 0.000000 -0.000000 -1.437500 7.200000 0 0 0 0 0.000000 0.000000 0.000000 0.000000
-3.505198 0.000004 -24.384001 -0.000000 1.000000 0.000000 1.000000 0.000000 -0.000000 -1.437500 8.000000 0 0 0 0 0.000000 0.000000 0.000000 0.000000
-2.895598 0.000003 -21.945601 -0.000000 1.000000 0.000000 0.000000 0.000000 -1.000000 -1.187500 7.200000 0 0 0 0 0.000000 0.000000 0.000000 0.000000
-2.895598 0.000003 -20.116800 -0.000000 1.000000 0.000000 0.000000 0.000000 -1.000000 -1.187500 6.600000 0 0 0 0 0.000000 0.000000 0.000000 0.000000
-2.895598 0.000003 -17.678400 -0.000000 1.000000 0.000000 0.000000 0.000000 -1.000000 -1.187500 5.800000 0 0 0 0 0.000000 0.000000 0.000000 0.000000
-3.505198 0.000003 -17.678400 -0.000000 1.000000 0.000000 1.000000 0.000000 -0.000000 -1.437500 5.800000 0 0 0 0 0.000000 0.000000 0.000000 0.000000
-3.505198 0.000003 -20.116800 -0.000000 1.000000 0.000000 1.000000 0.000000 0.000001 -1.437500 6.600000 0 0 0 0 0.000000 0.000000 0.000000 0.000000
-5.638798 0.000003 -24.384001 -0.000000 1.000000 0.000000 1.000000 0.000000 -0.000000 -2.312500 8.000000 0 0 0 0 0.000000 0.000000 0.000000 0.000000
-5.638798 0.000003 -21.945601 -0.000000 1.000000 0.000000 1.000000 0.000000 -0.000000 -2.312500 7.200000 0 0 0 0 0.000000 0.000000 0.000000 0.000000
-6.248398 0.000003 -21.945601 -0.000000 1.000000 0.000000 1.000000 0.000000 0.000000 -2.562500 7.200000 0 0 0 0 0.000000 0.000000 0.000000 0.000000
-6.248398 0.000003 -24.384001 -0.000000 1.000000 0.000000 1.000000 0.000000 -0.000000 -2.562500 8.000000 0 0 0 0 0.000000 0.000000 0.000000 0.000000
-5.638798 0.000003 -21.945601 -0.000000 1.000000 0.000000 -0.000000 0.000000 -1.000000 -2.312500 7.200000 0 0 0 0 0.000000 0.000000 0.000000 0.000000
-5.638798 0.000003 -20.116800 -0.000000 1.000000 0.000000 -0.000000 0.000000 -1.000000 -2.312500 6.600000 0 0 0 0 0.000000 0.000000 0.000000 0.000000
-5.638798 0.000002 -17.678400 -0.000000 1.000000 0.000000 -0.000000 0.000000 -1.000000 -2.312500 5.800000 0 0 0 0 0.000000 0.000000 0.000000 0.000000
-6.248398 0.000002 -17.678400 -0.000000 1.000000 0.000000 1.000000 0.000000 0.000000 -2.562500 5.800000 0 0 0 0 0.000000 0.000000 0.000000 0.000000
-6.248398 0.000003 -20.116800 -0.000000 1.000000 0.000000 1.000000 0.000000 0.000001 -2.562500 6.600000 0 0 0 0 0.000000 0.000000 0.000000 0.000000
-0.457198 0.000004 -24.384001 -0.000000 1.000000 0.000000 1.000000 0.000000 0.000000 -0.187500 8.000000 0 0 0 0 0.000000 0.000000 0.000000 0.000000
-0.457198 0.000004 -21.945601 -0.000000 1.000000 0.000000 1.000000 0.000000 0.000000 -0.187500 7.200000 0 0 0 0 0.000000 0.000000 0.000000 0.000000
-1.066798 0.000003 -21.945601 -0.000000 1.000000 0.000000 1.000000 0.000000 0.000000 -0.437500 7.200000 0 0 0 0 0.000000 0.000000 0.000000 0.000000
-1.066798 0.000004 -24.384001 -0.000000 1.000000 0.000000 1.000000 0.000000 0.000000 -0.437500 8.000000 0 0 0 0 0.000000 0.000000 0.000000 0.000000
-0.457198 0.000004 -21.945601 -0.000000 1.000000 0.000000 0.000000 0.000000 -1.000000 -0.187500 7.200000 0 0 0 0 0.000000 0.000000 0.000000 0.000000
-0.457198 0.000003 -20.116800 -0.000000 1.000000 0.000000 0.000000 0.000000 -1.000000 -0.187500 6.600000 0 0 0 0 0.000000 0.000000 0.000000 0.000000
-0.457198 0.000003 -17.678400 -0.000000 1.000000 0.000000 0.000000 0.000000 -1.000000 -0.187500 5.800000 0 0 0 0 0.000000 0.000000 0.000000 0.000000
-1.066798 0.000003 -17.678400 -0.000000 1.000000 0.000000 1.000000 0.000000 0.000000 -0.437500 5.800000 0 0 0 0 0.000000 0.000000 0.000000 0.000000
-1.066798 0.000003 -20.116800 -0.000000 1.000000 0.000000 1.000000 0.000000 0.000001 -0.437500 6.600000 0 0 0 0 0.000000 0.000000 0.000000 0.000000
-1.066798 0.000003 -20.116800 -1.000000 -0.000000 -0.000000 -0.000000 -0.000000 1.000000 -8.250000 0.000000 0 0 0 0 0.000000 0.000000 0.000000 0.000000
-1.066798 0.000003 -17.678400 -1.000000 -0.000000 -0.000000 -0.000000 -0.000000 1.000000 -7.250000 0.000000 0 0 0 0 0.000000 0.000000 0.000000 0.000000
-1.066798 -0.609597 -17.678400 -1.000000 -0.000000 -0.000000 -0.000000 -0.000000 1.000000 -7.250000 0.200000 0 0 0 0 0.000000 0.000000 0.000000 0.000000
-1.066798 -0.609597 -19.812000 -1.000000 -0.000000 -0.000000 -0.000000 -0.000000 1.000000 -8.125000 0.200000 0 0 0 0 0.000000 0.000000 0.000000 0.000000
-1.066798 -0.609597 -20.116800 -1.000000 -0.000000 -0.000000 -0.000000 -0.000000 1.000000 -8.250000 0.200000 0 0 0 0 0.000000 0.000000 0.000000 0.000000
-1.066798 -0.609596 -22.250401 -1.000000 -0.000000 -0.000000 -0.000000 -0.000000 1.000000 -9.125000 0.200000 0 0 0 0 0.000000 0.000000 0.000000 0.000000
-1.066798 -0.609596 -24.384001 -1.000000 -0.000000 -0.000000 -0.000000 -0.000000 1.000000 -10.000000 0.200000 0 0 0 0 0.000000 0.000000 0.000000 0.000000
-1.066798 0.000004 -24.384001 -1.000000 -0.000000 -0.000000 -0.000000 -0.000000 1.000000 -10.000000 0.000000 0 0 0 0 0.000000 0.000000 0.000000 0.000000
-1.066798 0.000003 -21.945601 -1.000000 -0.000000 -0.000000 -0.000000 -0.000000 1.000000 -9.000000 0.000000 0 0 0 0 0.000000 0.000000 0.000000 0.000000
-1.066798 -0.609597 -17.678400 0.000000 0.000000 -1.000000 1.000000 0.000000 0.000000 -0.437500 0.200000 0 0 0 0 0.000000 0.000000 0.000000 0.000000
-1.066798 -4.114797 -17.678400 0.000000 0.000000 -1.000000 1.000000 0.000000 0.000000 -0.437500 1.350000 0 0 0 0 0.000000 0.000000 0.000000 0.000000
-0.457198 -4.114797 -17.678400 0.000000 0.000000 -1.000000 1.000000 -0.000000 0.000000 -0.187500 1.350000 0 0 0 0 0.000000 0.000000 0.000000 0.000000
-0.457198 -0.609597 -17.678400 0.000000 0.000000 -1.000000 1.000000 0.000000 0.000000 -0.187500 0.200000 0 0 0 0 0.000000 0.000000 0.000000 0.000000
-1.066798 -0.609596 -24.384001 -0.000000 -0.000000 1.000000 1.000000 0.000000 0.000000 -0.437500 0.200000 0 0 0 0 0.000000 0.000000 0.000000 0.000000
-0.457198 -0.609596 -24.384001 -0.000000 -0.000000 1.000000 1.000000 -0.000000 0.000000 -0.187500 0.200000 0 0 0 0 0.000000 0.000000 0.000000 0.000000
-0.457197 -4.114796 -24.384001 -0.000000 -0.000000 1.000000 1.000000 -0.000000 0.000000 -0.187500 1.350000 0 0 0 0 0.000000 0.000000 0.000000 0.000000
-1.066797 -4.114796 -24.384001 -0.000000 -0.000000 1.000000 1.000000 0.000000 0.000000 -0.437500 1.350000 0 0 0 0 0.000000 0.000000 0.000000 0.000000
0.152402 -4.114797 -19.812002 0.000000 0.000000 -1.000000 1.000000 -0.000000 0.000000 0.062500 1.350000 0 0 0 0 0.000000 0.000000 0.000000 0.000000
0.152402 -1.828797 -19.812000 0.000000 0.000000 -1.000000 1.000000 -0.000000 0.000000 0.062500 0.600000 0 0 0 0 0.000000 0.000000 0.000000 0.000000
-0.304798 -1.828797 -19.812000 0.000000 0.000000 -1.000000 1.000000 -0.000000 0.000000 -0.125000 0.600000 0 0 0 0 0.000000 0.000000 0.000000 0.000000
-0.457198 -1.828797 -19.812000 0.000000 0.000000 -1.000000 1.000000 -0.000000 0.000000 -0.187500 0.600000 0 0 0 0 0.000000 0.000000 0.000000 0.000000
-0.457198 -4.114797 -19.812002 0.000000 0.000000 -1.000000 1.000000 0.000001 0.000000 -0.187500 1.350000 0 0 0 0 0.000000 0.000000 0.000000 0.000000
-0.152398 -4.114797 -19.812002 0.000000 0.000000 -1.000000 1.000000 -0.000000 0.000000 -0.062500 1.350000 0 0 0 0 0.000000 0.000000 0.000000 0.000000
-0.457198 -0.609597 -18.592800 -1.000000 -0.000000 -0.000000 -0.000000 -0.000000 1.000000 -7.625000 0.200000 0 0 0 0 0.000000 0.000000 0.000000 0.000000
-0.457198 -2.285997 -18.592800 -1.000000 -0.000000 -0.000000 -0.000000 -0.000000 1.000000 -7.625000 0.750000 0 0 0 0 0.000000 0.000000 0.000000 0.000000
-0.457198 -2.285997 -19.507198 -1.000000 -0.000000 -0.000000 -0.000000 -0.000000 1.000000 -8.000000 0.750000 0 0 0 0 0.000000 0.000000 0.000000 0.000000
-0.457198 -0.609597 -19.507198 -1.000000 -0.000000 -0.000000 -0.000000 -0.000000 1.000000 -8.000000 0.200000 0 0 0 0 0.000000 0.000000 0.000000 0.000000
-0.457198 -3.047997 -18.592800 -1.000000 -0.000000 -0.000000 -0.000000 0.000000 1.000000 -7.625000 1.000000 0 0 0 0 0.000000 0.000000 0.000000 0.000000
-0.457198 -4.114797 -18.592802 -1.000000 -0.000000 -0.000000 -0.000000 -0.000000 1.000000 -7.625000 1.350000 0 0 0 0 0.000000 0.000000 0.000000 0.000000
-0.457198 -4.114797 -19.507200 -1.000000 -0.000000 -0.000000 -0.000000 -0.000000 1.000000 -8.000000 1.350000 0 0 0 0 0.000000 0.000000 0.000000 0.000000
-0.457198 -3.047997 -19.507198 -1.000000 -0.000000 -0.000000 -0.000000 -0.000000 1.000000 -8.000000 1.000000 0 0 0 0 0.000000 0.000000 0.000000 0.000000
-0.457198 -0.609597 -19.507198 -1.000000 -0.000000 -0.000000 -0.000000 1.000000 0.000000 -8.000000 0.200000 0 0 0 0 0.000000 0.000000 0.000000 0.000000
-0.457198 -2.285997 -19.507198 -1.000000 -0.000000 -0.000000 -0.000000 1.000000 0.000000 -8.000000 0.750000 0 0 0 0 0.000000 0.000000 0.000000 0.000000
-0.457198 -3.047997 -19.507198 -1.000000 -0.000000 -0.000000 -0.000000 1.000000 0.000000 -8.000000 1.000000 0 0 0 0 0.000000 0.000000 0.000000 0.000000
-0.457198 -4.114797 -19.507200 -1.000000 -0.000000 -0.000000 0.000000 -1.000000 -0.000000 -8.000000 1.350000 0 0 0 0 0.000000 0.000000 0.000000 0.000000
-0.457198 -4.114797 -19.812002 -1.000000 -0.000000 -0.000000 -0.000000 -0.000000 1.000000 -8.125000 1.350000 0 0 0 0 0.000000 0.000000 0.000000 0.000000
-0.457198 -1.828797 -19.812000 -1.000000 -0.000000 -0.000000 -0.000000 -0.000001 1.000000 -8.125000 0.600000 0 0 0 0 0.000000 0.000000 0.000000 0.000000
-0.457198 -0.609597 -19.812000 -1.000000 -0.000000 -0.000000 -0.000000 -0.000000 1.000000 -8.125000 0.200000 0 0 0 0 0.000000 0.000000 0.000000 0.000000
-0.457198 -0.609597 -17.678400 -1.000000 -0.000000 -0.000000 -0.000000 -0.000000 1.000000 -7.250000 0.200000 0 0 0 0 0.000000 0.000000 0.000000 0.000000
-0.457198 -4.114797 -17.678400 -1.000000 -0.000000 -0.000000 -0.000000 -0.000000 1.000000 -7.250000 1.350000 0 0 0 0 0.000000 0.000000 0.000000 0.000000
-0.457198 -0.609597 -17.678400 0.000000 -1.000000 -0.000000 -0.000000 -0.000000 1.000000 -0.187500 5.800000 0 0 0 0 0.000000 0.000000 0.000000 0.000000
-0.457198 -0.609597 -18.592800 0.000000 -1.000000 -0.000000 -0.000000 -0.000000 1.000000 -0.187500 6.100000 0 0 0 0 0.000000 0.000000 0.000000 0.000000
-0.457198 -0.609597 -19.507198 0.000000 -1.000000 -0.000000 -0.000000 -0.000000 1.000000 -0.187500 6.400000 0 0 0 0 0.000000 0.000000 0.000000 0.000000
-0.457198 -0.609597 -19.812000 0.000000 -1.000000 -0.000000 0.000000 0.000000 -1.000000 -0.187500 6.500000 0 0 0 0 0.000000 0.000000 0.000000 0.000000
-1.066798 -0.609597 -19.812000 0.000000 -1.000000 -0.000000 1.000000 0.000000 -0.000000 -0.437500 6.500000 0 0 0 0 0.000000 0.000000 0.000000 0.000000
-1.066798 -0.609597 -17.678400 0.000000 -1.000000 -0.000000 1.000000 0.000000 0.000000 -0.437500 5.800000 0 0 0 0 0.000000 0.000000 0.000000 0.000000
0.152402 -1.828796 -22.250401 -0.000000 -0.000000 1.000000 1.000000 -0.000000 0.000000 0.062500 0.600000 0 0 0 0 0.000000 0.000000 0.000000 0.000000
0.152402 -4.114796 -22.250401 -0.000000 -0.000000 1.000000 1.000000 -0.000000 0.000000 0.062500 1.350000 0 0 0 0 0.000000 0.000000 0.000000 0.000000
-0.152398 -4.114796 -22.250401 -0.000000 -0.000000 1.000000 1.000000 -0.000000 0.000000 -0.062500 1.350000 0 0 0 0 0.000000 0.000000 0.000000 0.000000
-0.457198 -4.114796 -22.250401 -0.000000 -0.000000 1.000000 1.000000 -0.000000 0.000000 -0.187500 1.350000 0 0 0 0 0.000000 0.000000 0.000000 0.000000
-0.457198 -1.828796 -22.250401 -0.000000 -0.000000 1.000000 1.000000 0.000000 0.000000 -0.187500 0.600000 0 0 0 0 0.000000 0.000000 0.000000 0.000000
-0.304798 -1.828796 -22.250401 -0.000000 -0.000000 1.000000 -1.000000 -0.000000 -0.000000 -0.125000 0.600000 0 0 0 0 0.000000 0.000000 0.000000 0.000000
-0.304798 -1.828797 -19.812000 0.000000 -1.000000 -0.000000 1.000000 0.000000 -0.000000 -0.125000 6.500000 0 0 0 0 0.000000 0.000000 0.000000 0.000000
-0.304798 -1.828796 -22.250401 0.000000 -1.000000 -0.000000 1.000000 0.000000 -0.000000 -0.125000 7.300000 0 0 0 0 0.000000 0.000000 0.000000 0.000000
-0.457198 -1.828796 -22.250401 0.000000 -1.000000 -0.000000 1.000000 0.000000 -0.000000 -0.187500 7.300000 0 0 0 0 0.000000 0.000000 0.000000 0.000000
-0.457198 -1.828797 -19.812000 0.000000 -1.000000 -0.000000 1.000000 0.000000 0.000000 -0.187500 6.500000 0 0 0 0 0.000000 0.000000 0.000000 0.000000
0.152402 -1.828796 -21.259800 0.000000 -1.000000 -0.000000 1.000000 0.000000 0.000000 0.062500 6.975000 0 0 0 0 0.000000 0.000000 0.000000 0.000000
0.152402 -1.828796 -22.250401 0.000000 -1.000000 -0.000000 1.000000 0.000000 0.000000 0.062500 7.300000 0 0 0 0 0.000000 0.000000 0.000000 0.000000
-0.304798 -1.828796 -21.259800 0.000000 -1.000000 -0.000000 -nan(ind) -nan(ind) -nan(ind) -0.125000 6.975000 0 0 0 0 0.000000 0.000000 0.000000 0.000000
0.152402 -1.828797 -19.812000 0.000000 -1.000000 -0.000000 1.000000 0.000000 0.000000 0.062500 6.500000 0 0 0 0 0.000000 0.000000 0.000000 0.000000
0.152402 -1.828797 -20.802599 0.000000 -1.000000 -0.000000 1.000000 0.000000 0.000000 0.062500 6.825000 0 0 0 0 0.000000 0.000000 0.000000 0.000000
-0.304798 -1.828797 -20.802599 0.000000 -1.000000 -0.000000 -nan(ind) -nan(ind) -nan(ind) -0.125000 6.825000 0 0 0 0 0.000000 0.000000 0.000000 0.000000
-0.457198 -1.828796 -22.250401 -1.000000 -0.000000 -0.000000 -0.000000 -0.000000 1.000000 -9.125000 0.600000 0 0 0 0 0.000000 0.000000 0.000000 0.000000
-0.457198 -0.609596 -22.250401 -1.000000 -0.000000 -0.000000 -0.000000 -0.000000 1.000000 -9.125000 0.200000 0 0 0 0 0.000000 0.000000 0.000000 0.000000
-0.457198 -0.609597 -19.812000 0.000000 -1.000000 -0.000000 1.000000 0.000000 0.000000 -0.187500 6.500000 0 0 0 0 0.000000 0.000000 0.000000 0.000000
-0.457198 -0.609596 -22.250401 0.000000 -1.000000 -0.000000 1.000000 0.000000 0.000000 -0.187500 7.300000 0 0 0 0 0.000000 0.000000 0.000000 0.000000
-1.066798 -0.609596 -22.250401 0.000000 -1.000000 -0.000000 1.000000 0.000000 0.000000 -0.437500 7.300000 0 0 0 0 0.000000 0.000000 0.000000 0.000000
-1.066798 -0.609597 -20.116800 0.000000 -1.000000 -0.000000 1.000000 0.000000 0.000000 -0.437500 6.600000 0 0 0 0 0.000000 0.000000 0.000000 0.000000
-0.457198 -0.609596 -22.250401 -1.000000 -0.000000 -0.000000 -0.000000 1.000000 -0.000000 -9.125000 0.200000 0 0 0 0 0.000000 0.000000 0.000000 0.000000
-0.457198 -1.828796 -22.250401 -1.000000 -0.000000 -0.000000 -0.000000 1.000000 -0.000000 -9.125000 0.600000 0 0 0 0 0.000000 0.000000 0.000000 0.000000
-0.457198 -4.114796 -22.250401 -1.000000 -0.000000 -0.000000 -0.000000 1.000000 -0.000000 -9.125000 1.350000 0 0 0 0 0.000000 0.000000 0.000000 0.000000
-0.457198 -4.114796 -22.555201 -1.000000 -0.000000 -0.000000 -0.000000 -0.000000 1.000000 -9.250000 1.350000 0 0 0 0 0.000000 0.000000 0.000000 0.000000
-0.457198 -3.047997 -22.555201 -1.000000 -0.000000 -0.000000 -0.000000 0.000002 1.000000 -9.250000 1.000000 0 0 0 0 0.000000 0.000000 0.000000 0.000000
-0.457198 -2.285996 -22.555201 -1.000000 -0.000000 -0.000000 -0.000000 -0.000001 1.000000 -9.250000 0.750000 0 0 0 0 0.000000 0.000000 0.000000 0.000000
-0.457198 -0.609596 -22.555201 -1.000000 -0.000000 -0.000000 -0.000000 -0.000000 1.000000 -9.250000 0.200000 0 0 0 0 0.000000 0.000000 0.000000 0.000000
-0.457197 -4.114796 -24.384001 -1.000000 -0.000000 -0.000000 -0.000000 -0.000000 1.000000 -10.000000 1.350000 0 0 0 0 0.000000 0.000000 0.000000 0.000000
-0.457198 -0.609596 -24.384001 -1.000000 -0.000000 -0.000000 -0.000000 -0.000000 1.000000 -10.000000 0.200000 0 0 0 0 0.000000 0.000000 0.000000 0.000000
-0.457198 -0.609596 -23.469599 -1.000000 -0.000000 -0.000000 -0.000000 -0.000000 1.000000 -9.625000 0.200000 0 0 0 0 0.000000 0.000000 0.000000 0.000000
-0.457198 -2.285996 -23.469599 -1.000000 -0.000000 -0.000000 -0.000000 0.000000 1.000000 -9.625000 0.750000 0 0 0 0 0.000000 0.000000 0.000000 0.000000
-0.457198 -3.047997 -23.469599 -1.000000 -0.000000 -0.000000 -0.000000 -0.000001 1.000000 -9.625000 1.000000 0 0 0 0 0.000000 0.000000 0.000000 0.000000
-0.457198 -4.114796 -23.469599 -1.000000 -0.000000 -0.000000 -0.000000 -0.000000 1.000000 -9.625000 1.350000 0 0 0 0 0.000000 0.000000 0.000000 0.000000
-0.457198 -0.609596 -22.250401 0.000000 -1.000000 -0.000000 -0.000000 -0.000000 1.000000 -0.187500 7.300000 0 0 0 0 0.000000 0.000000 0.000000 0.000000
-0.457198 -0.609596 -22.555201 0.000000 -1.000000 -0.000000 -0.000000 -0.000000 1.000000 -0.187500 7.400000 0 0 0 0 0.000000 0.000000 0.000000 0.000000
-0.457198 -0.609596 -23.469599 0.000000 -1.000000 -0.000000 -0.000000 -0.000000 1.000000 -0.187500 7.700000 0 0 0 0 0.000000 0.000000 0.000000 0.000000
-0.457198 -0.609596 -24.384001 0.000000 -1.000000 -0.000000 0.000000 0.000000 -1.000000 -0.187500 8.000000 0 0 0 0 0.000000 0.000000 0.000000 0.000000
-1.066798 -0.609596 -24.384001 0.000000 -1.000000 -0.000000 1.000000 0.000000 0.000000 -0.437500 8.000000 0 0 0 0 0.000000 0.000000 0.000000 0.000000
-2.895598 0.000004 -24.384001 -0.000000 -0.000000 1.000000 -1.000000 -0.000000 -0.000000 -1.187500 0.000000 0 0 0 0 0.000000 0.000000 0.000000 0.000000
-1.981198 0.000004 -24.384001 -0.000000 -0.000000 1.000000 -1.000000 -0.000000 -0.000000 -0.812500 0.000000 0 0 0 0 0.000000 0.000000 0.000000 0.000000
-1.066798 0.000004 -24.384001 -0.000000 -0.000000 1.000000 -1.000000 -0.000000 -0.000000 -0.437500 0.000000 0 0 0 0 0.000000 0.000000 0.000000 0.000000
-1.981197 -4.114796 -24.384001 -0.000000 -0.000000 1.000000 1.000000 0.000000 0.000000 -0.812500 1.350000 0 0 0 0 0.000000 0.000000 0.000000 0.000000
-2.895597 -4.114796 -24.384001 -0.000000 -0.000000 1.000000 1.000000 -0.000000 0.000000 -1.187500 1.350000 0 0 0 0 0.000000 0.000000 0.000000 0.000000
-2.895598 -0.609596 -24.384001 -0.000000 -0.000000 1.000000 0.000000 -1.000000 -0.000000 -1.187500 0.200000 0 0 0 0 0.000000 0.000000 0.000000 0.000000
-5.638798 -0.609596 -24.384001 -0.000000 -0.000000 1.000000 1.000000 0.000000 0.000000 -2.312500 0.200000 0 0 0 0 0.000000 0.000000 0.000000 0.000000
-5.638797 -4.114797 -24.384001 -0.000000 -0.000000 1.000000 1.000000 0.000000 0.000000 -2.312500 1.350000 0 0 0 0 0.000000 0.000000 0.000000 0.000000
-6.248398 -4.114797 -24.384001 -0.000000 -0.000000 1.000000 1.000000 -0.000000 0.000000 -2.562500 1.350000 0 0 0 0 0.000000 0.000000 0.000000 0.000000
-6.248398 -0.609597 -24.384001 -0.000000 -0.000000 1.000000 1.000000 0.000000 0.000000 -2.562500 0.200000 0 0 0 0 0.000000 0.000000 0.000000 0.000000
-5.638798 0.000003 -24.384001 -0.000000 -0.000000 1.000000 1.000000 0.000000 0.000000 -2.312500 0.000000 0 0 0 0 0.000000 0.000000 0.000000 0.000000
-3.505198 0.000004 -24.384001 -0.000000 -0.000000 1.000000 1.000000 0.000000 0.000000 -1.437500 0.000000 0 0 0 0 0.000000 0.000000 0.000000 0.000000
-3.505198 -0.609596 -24.384001 -0.000000 -0.000000 1.000000 1.000000 0.000000 0.000000 -1.437500 0.200000 0 0 0 0 0.000000 0.000000 0.000000 0.000000
-3.505198 -4.114796 -24.384001 -0.000000 -0.000000 1.000000 1.000000 0.000000 0.000000 -1.437500 1.350000 0 0 0 0 0.000000 0.000000 0.000000 0.000000
-5.638798 -0.609596 -24.384001 -0.000000 -0.000000 1.000000 0.000000 -1.000000 -0.000000 -2.312500 0.200000 0 0 0 0 0.000000 0.000000 0.000000 0.000000
-2.895598 -0.609596 -24.384001 -0.000000 -0.000000 1.000000 1.000000 -0.000000 0.000000 -1.187500 0.200000 0 0 0 0 0.000000 0.000000 0.000000 0.000000
-2.895598 -0.609597 -17.678400 0.000000 0.000000 -1.000000 1.000000 0.000000 0.000000 -1.187500 0.200000 0 0 0 0 0.000000 0.000000 0.000000 0.000000
-3.505198 -0.609597 -17.678400 0.000000 0.000000 -1.000000 1.000000 0.000000 0.000000 -1.437500 0.200000 0 0 0 0 0.000000 0.000000 0.000000 0.000000
-3.505198 -4.114798 -17.678400 0.000000 0.000000 -1.000000 1.000000 0.000000 0.000000 -1.437500 1.350000 0 0 0 0 0.000000 0.000000 0.000000 0.000000
-2.895598 -4.114797 -17.678400 0.000000 0.000000 -1.000000 1.000000 0.000000 0.000000 -1.187500 1.350000 0 0 0 0 0.000000 0.000000 0.000000 0.000000
-3.505198 0.000003 -17.678400 0.000000 0.000000 -1.000000 1.000000 0.000000 0.000000 -1.437500 0.000000 0 0 0 0 0.000000 0.000000 0.000000 0.000000
-5.638798 0.000002 -17.678400 0.000000 0.000000 -1.000000 1.000000 0.000000 0.000000 -2.312500 0.000000 0 0 0 0 0.000000 0.000000 0.000000 0.000000
-5.638798 -0.609598 -17.678400 0.000000 0.000000 -1.000000 1.000000 0.000000 0.000000 -2.312500 0.200000 0 0 0 0 0.000000 0.000000 0.000000 0.000000
-5.638797 -4.114798 -17.678400 0.000000 0.000000 -1.000000 1.000000 0.000000 0.000000 -2.312500 1.350000 0 0 0 0 0.000000 0.000000 0.000000 0.000000
-6.248398 -0.609598 -17.678400 0.000000 0.000000 -1.000000 1.000000 0.000000 0.000000 -2.562500 0.200000 0 0 0 0 0.000000 0.000000 0.000000 0.000000
-6.248398 -4.114798 -17.678400 0.000000 0.000000 -1.000000 1.000000 -0.000000 0.000000 -2.562500 1.350000 0 0 0 0 0.000000 0.000000 0.000000 0.000000
-1.066798 0.000003 -17.678400 0.000000 -0.000000 -1.000000 1.000000 0.000000 0.000000 -0.437500 0.000000 0 0 0 0 0.000000 0.000000 0.000000 0.000000
-1.981198 0.000003 -17.678400 0.000000 -0.000000 -1.000000 1.000000 0.000000 0.000000 -0.812500 0.000000 0 0 0 0 0.000000 0.000000 0.000000 0.000000
-2.895598 0.000003 -17.678400 0.000000 -0.000000 -1.000000 1.000000 0.000000 0.000000 -1.187500 0.000000 0 0 0 0 0.000000 0.000000 0.000000 0.000000
-1.981198 -4.114797 -17.678400 0.000000 -0.000000 -1.000000 1.000000 0.000000 0.000000 -0.812500 1.350000 0 0 0 0 0.000000 0.000000 0.000000 0.000000
-1.066798 -0.609597 -17.678400 0.000000 -0.000000 -1.000000 0.000000 -1.000000 0.000000 -0.437500 0.200000 0 0 0 0 0.000000 0.000000 0.000000 0.000000
-5.638798 -0.609597 -21.945601 0.000000 -1.000000 -0.000000 1.000000 0.000000 0.000000 -2.312500 7.200000 0 0 0 0 0.000000 0.000000 0.000000 0.000000
-5.638798 -0.609596 -24.384001 0.000000 -1.000000 -0.000000 1.000000 0.000000 0.000000 -2.312500 8.000000 0 0 0 0 0.000000 0.000000 0.000000 0.000000
-6.248398 -0.609597 -24.384001 0.000000 -1.000000 -0.000000 1.000000 0.000000 0.000000 -2.562500 8.000000 0 0 0 0 0.000000 0.000000 0.000000 0.000000
-6.248398 -0.609597 -22.250401 0.000000 -1.000000 -0.000000 1.000000 0.000000 -0.000003 -2.562500 7.300000 0 0 0 0 0.000000 0.000000 0.000000 0.000000
-6.248398 -0.609597 -21.945601 0.000000 -1.000000 -0.000000 1.000000 0.000000 -0.000000 -2.562500 7.200000 0 0 0 0 0.000000 0.000000 0.000000 0.000000
-5.638798 -0.609598 -17.678400 0.000000 -1.000000 -0.000000 0.000000 -0.000000 1.000000 -2.312500 5.800000 0 0 0 0 0.000000 0.000000 0.000000 0.000000
-5.638798 -0.609597 -20.116800 0.000000 -1.000000 -0.000000 0.000000 -0.000000 1.000000 -2.312500 6.600000 0 0 0 0 0.000000 0.000000 0.000000 0.000000
-5.638798 -0.609597 -21.945601 0.000000 -1.000000 -0.000000 0.000000 -0.000000 1.000000 -2.312500 7.200000 0 0 0 0 0.000000 0.000000 0.000000 0.000000
-6.248398 -0.609597 -19.812000 0.000000 -1.000000 -0.000000 1.000000 0.000000 0.000002 -2.562500 6.500000 0 0 0 0 0.000000 0.000000 0.000000 0.000000
-6.248398 -0.609598 -17.678400 0.000000 -1.000000 -0.000000 1.000000 0.000000 -0.000000 -2.562500 5.800000 0 0 0 0 0.000000 0.000000 0.000000 0.000000
-2.895598 -0.609597 -21.945601 0.000000 -1.000000 -0.000000 1.000000 0.000000 0.000000 -1.187500 7.200000 0 0 0 0 0.000000 0.000000 0.000000 0.000000
-2.895598 -0.609596 -24.384001 0.000000 -1.000000 -0.000000 1.000000 0.000000 0.000000 -1.187500 8.000000 0 0 0 0 0.000000 0.000000 0.000000 0.000000
-3.505198 -0.609596 -24.384001 0.000000 -1.000000 -0.000000 1.000000 0.000000 -0.000000 -1.437500 8.000000 0 0 0 0 0.000000 0.000000 0.000000 0.000000
-3.505198 -0.609597 -21.945601 0.000000 -1.000000 -0.000000 1.000000 0.000000 0.000000 -1.437500 7.200000 0 0 0 0 0.000000 0.000000 0.000000 0.000000
-2.895598 -0.609597 -17.678400 0.000000 -1.000000 -0.000000 -0.000000 -0.000000 1.000000 -1.187500 5.800000 0 0 0 0 0.000000 0.000000 0.000000 0.000000
-2.895598 -0.609597 -20.116800 0.000000 -1.000000 -0.000000 -0.000000 -0.000000 1.000000 -1.187500 6.600000 0 0 0 0 0.000000 0.000000 0.000000 0.000000
-2.895598 -0.609597 -21.945601 0.000000 -1.000000 -0.000000 -0.000000 -0.000000 1.000000 -1.187500 7.200000 0 0 0 0 0.000000 0.000000 0.000000 0.000000
-3.505198 -0.609597 -20.116800 0.000000 -1.000000 -0.000000 1.000000 0.000000 0.000003 -1.437500 6.600000 0 0 0 0 0.000000 0.000000 0.000000 0.000000
-3.505198 -0.609597 -17.678400 0.000000 -1.000000 -0.000000 1.000000 0.000000 -0.000000 -1.437500 5.800000 0 0 0 0 0.000000 0.000000 0.000000 0.000000
-3.505198 0.000003 -20.116800 -1.000000 -0.000000 -0.000000 -0.000000 -0.000000 1.000000 -8.250000 0.000000 0 0 0 0 0.000000 0.000000 0.000000 0.000000
-3.505198 0.000003 -17.678400 -1.000000 -0.000000 -0.000000 -0.000000 -0.000000 1.000000 -7.250000 0.000000 0 0 0 0 0.000000 0.000000 0.000000 0.000000
-3.505198 -0.609597 -17.678400 -1.000000 -0.000000 -0.000000 -0.000000 -0.000000 1.000000 -7.250000 0.200000 0 0 0 0 0.000000 0.000000 0.000000 0.000000
-3.505198 -0.609597 -20.116800 -1.000000 -0.000000 -0.000000 -0.000000 -0.000000 1.000000 -8.250000 0.200000 0 0 0 0 0.000000 0.000000 0.000000 0.000000
-3.505198 -0.609597 -21.945601 -1.000000 -0.000000 -0.000000 -0.000000 -0.000000 1.000000 -9.000000 0.200000 0 0 0 0 0.000000 0.000000 0.000000 0.000000
-3.505198 -0.609596 -24.384001 -1.000000 -0.000000 -0.000000 -0.000000 -0.000000 1.000000 -10.000000 0.200000 0 0 0 0 0.000000 0.000000 0.000000 0.000000
-3.505198 0.000004 -24.384001 -1.000000 -0.000000 -0.000000 -0.000000 -0.000000 1.000000 -10.000000 0.000000 0 0 0 0 0.000000 0.000000 0.000000 0.000000
-3.505198 0.000003 -21.945601 -1.000000 -0.000000 -0.000000 0.000000 0.000000 -1.000000 -9.000000 0.000000 0 0 0 0 0.000000 0.000000 0.000000 0.000000
-2.895598 0.000003 -20.116800 1.000000 0.000000 0.000000 -0.000000 -0.000000 1.000000 -8.250000 0.000000 0 0 0 0 0.000000 0.000000 0.000000 0.000000
-2.895598 -0.609597 -20.116800 1.000000 0.000000 0.000000 -0.000000 -0.000000 1.000000 -8.250000 0.200000 0 0 0 0 0.000000 0.000000 0.000000 0.000000
-2.895598 -0.609597 -17.678400 1.000000 0.000000 0.000000 -0.000000 -0.000000 1.000000 -7.250000 0.200000 0 0 0 0 0.000000 0.000000 0.000000 0.000000
-2.895598 0.000003 -17.678400 1.000000 0.000000 0.000000 -0.000000 -0.000000 1.000000 -7.250000 0.000000 0 0 0 0 0.000000 0.000000 0.000000 0.000000
-2.895598 0.000003 -20.116800 1.000000 0.000000 0.000000 -0.000000 -0.000000 1.000000 -8.250000 0.000000 0 0 0 0 0.000000 0.000000 0.000000 0.000000
-2.895598 0.000003 -21.945601 1.000000 0.000000 0.000000 -0.000000 -0.000000 1.000000 -9.000000 0.000000 0 0 0 0 0.000000 0.000000 0.000000 0.000000
-2.895598 0.000004 -24.384001 1.000000 0.000000 0.000000 -0.000000 -0.000000 1.000000 -10.000000 0.000000 0 0 0 0 0.000000 0.000000 0.000000 0.000000
-2.895598 -0.609596 -24.384001 1.000000 0.000000 0.000000 -0.000000 -0.000000 1.000000 -10.000000 0.200000 0 0 0 0 0.000000 0.000000 0.000000 0.000000
-2.895598 -0.609597 -21.945601 1.000000 0.000000 0.000000 -0.000000 -0.000000 1.000000 -9.000000 0.200000 0 0 0 0 0.000000 0.000000 0.000000 0.000000
-5.638798 0.000003 -20.116800 1.000000 0.000000 0.000000 -0.000000 -0.000000 1.000000 -8.250000 0.000000 0 0 0 0 0.000000 0.000000 0.000000 0.000000
-5.638798 -0.609597 -20.116800 1.000000 0.000000 0.000000 -0.000000 -0.000000 1.000000 -8.250000 0.200000 0 0 0 0 0.000000 0.000000 0.000000 0.000000
-5.638798 -0.609598 -17.678400 1.000000 0.000000 0.000000 -0.000000 -0.000000 1.000000 -7.250000 0.200000 0 0 0 0 0.000000 0.000000 0.000000 0.000000
-5.638798 0.000002 -17.678400 1.000000 0.000000 0.000000 -0.000000 -0.000000 1.000000 -7.250000 0.000000 0 0 0 0 0.000000 0.000000 0.000000 0.000000
-5.638798 0.000003 -20.116800 1.000000 0.000000 0.000000 -0.000000 -0.000000 1.000000 -8.250000 0.000000 0 0 0 0 0.000000 0.000000 0.000000 0.000000
-5.638798 0.000003 -21.945601 1.000000 0.000000 0.000000 -0.000000 -0.000000 1.000000 -9.000000 0.000000 0 0 0 0 0.000000 0.000000 0.000000 0.000000
-5.638798 0.000003 -24.384001 1.000000 0.000000 0.000000 -0.000000 -0.000000 1.000000 -10.000000 0.000000 0 0 0 0 0.000000 0.000000 0.000000 0.000000
-5.638798 -0.609596 -24.384001 1.000000 0.000000 0.000000 -0.000000 -0.000000 1.000000 -10.000000 0.200000 0 0 0 0 0.000000 0.000000 0.000000 0.000000
-5.638798 -0.609597 -21.945601 1.000000 0.000000 0.000000 -0.000000 -0.000000 1.000000 -9.000000 0.200000 0 0 0 0 0.000000 0.000000 0.000000 0.000000
-6.553198 -1.981197 -19.812000 0.000000 0.000000 -1.000000 1.000000 0.000000 0.000000 -2.687500 0.650000 0 0 0 0 0.000000 0.000000 0.000000 0.000000
-6.553197 -4.114797 -19.812002 0.000000 0.000000 -1.000000 1.000000 0.000000 0.000000 -2.687500 1.350000 0 0 0 0 0.000000 0.000000 0.000000 0.000000
-6.248398 -4.114797 -19.812002 0.000000 0.000000 -1.000000 1.000000 -0.000000 0.000000 -2.562500 1.350000 0 0 0 0 0.000000 0.000000 0.000000 0.000000
-6.248398 -1.981197 -19.812000 0.000000 0.000000 -1.000000 1.000000 0.000001 0.000000 -2.562500 0.650000 0 0 0 0 0.000000 0.000000 0.000000 0.000000
-6.248398 -4.114798 -17.678400 1.000000 0.000000 -0.000000 0.000000 -0.000000 1.000000 -7.250000 1.350000 0 0 0 0 0.000000 0.000000 0.000000 0.000000
-6.248398 -0.609598 -17.678400 1.000000 0.000000 -0.000000 0.000000 -0.000000 1.000000 -7.250000 0.200000 0 0 0 0 0.000000 0.000000 0.000000 0.000000
-6.248398 -0.609597 -19.812000 1.000000 0.000000 -0.000000 0.000000 -0.000000 1.000000 -8.125000 0.200000 0 0 0 0 0.000000 0.000000 0.000000 0.000000
-6.248398 -1.371597 -19.812000 1.000000 0.000000 -0.000000 0.000000 -0.000001 1.000000 -8.125000 0.450000 0 0 0 0 0.000000 0.000000 0.000000 0.000000
-6.248398 -1.981197 -19.812000 1.000000 0.000000 -0.000000 0.000000 -0.000000 1.000000 -8.125000 0.650000 0 0 0 0 0.000000 0.000000 0.000000 0.000000
-6.248398 -4.114797 -19.812002 1.000000 0.000000 -0.000000 0.000000 -0.000000 1.000000 -8.125000 1.350000 0 0 0 0 0.000000 0.000000 0.000000 0.000000
-6.248398 -1.981197 -22.250401 -0.000000 -0.000000 1.000000 1.000000 -0.000000 0.000000 -2.562500 0.650000 0 0 0 0 0.000000 0.000000 0.000000 0.000000
-6.248398 -4.114797 -22.250401 -0.000000 -0.000000 1.000000 1.000000 -0.000000 0.000000 -2.562500 1.350000 0 0 0 0 0.000000 0.000000 0.000000 0.000000
-6.553197 -4.114797 -22.250401 -0.000000 -0.000000 1.000000 1.000000 0.000000 0.000000 -2.687500 1.350000 0 0 0 0 0.000000 0.000000 0.000000 0.000000
-6.553198 -1.981197 -22.250401 -0.000000 -0.000000 1.000000 1.000000 0.000000 0.000000 -2.687500 0.650000 0 0 0 0 0.000000 0.000000 0.000000 0.000000
-6.248398 -1.371597 -20.116800 0.000000 -1.000000 -0.000000 1.000000 0.000000 0.000000 -2.562500 6.600000 0 0 0 0 0.000000 0.000000 0.000000 0.000000
-6.248398 -1.371597 -21.945601 0.000000 -1.000000 -0.000000 1.000000 0.000000 0.000000 -2.562500 7.200000 0 0 0 0 0.000000 0.000000 0.000000 0.000000
-6.553198 -1.371597 -21.945601 0.000000 -1.000000 -0.000000 1.000000 0.000000 0.000000 -2.687500 7.200000 0 0 0 0 0.000000 0.000000 0.000000 0.000000
-6.553198 -1.371597 -20.116800 0.000000 -1.000000 -0.000000 1.000000 0.000000 0.000000 -2.687500 6.600000 0 0 0 0 0.000000 0.000000 0.000000 0.000000
-6.248398 -0.609597 -21.945601 1.000000 0.000000 0.000000 -0.000000 -0.000000 1.000000 -9.000000 0.200000 0 0 0 0 0.000000 0.000000 0.000000 0.000000
-6.248398 -0.609597 -22.250401 1.000000 0.000000 0.000000 -0.000000 -0.000000 1.000000 -9.125000 0.200000 0 0 0 0 0.000000 0.000000 0.000000 0.000000
-6.248398 -1.371597 -22.250401 1.000000 0.000000 0.000000 -0.000000 -0.000000 1.000000 -9.125000 0.450000 0 0 0 0 0.000000 0.000000 0.000000 0.000000
-6.248398 -1.371597 -21.945601 1.000000 0.000000 0.000000 -0.000000 -0.000000 1.000000 -9.000000 0.450000 0 0 0 0 0.000000 0.000000 0.000000 0.000000
-6.248398 -1.371597 -20.116800 1.000000 0.000000 0.000000 0.000000 0.000000 -1.000000 -8.250000 0.450000 0 0 0 0 0.000000 0.000000 0.000000 0.000000
-6.248398 -1.981197 -22.250401 1.000000 0.000000 0.000000 -0.000000 -0.000000 1.000000 -9.125000 0.650000 0 0 0 0 0.000000 0.000000 0.000000 0.000000
-6.248398 -1.371597 -20.116800 1.000000 0.000000 0.000000 -0.000000 -0.000000 1.000000 -8.250000 0.450000 0 0 0 0 0.000000 0.000000 0.000000 0.000000
-6.248398 -1.371597 -20.116800 0.000000 -0.447213 -0.894427 1.000000 0.000000 0.000000 -2.562500 0.450000 0 0 0 0 0.000000 0.000000 0.000000 0.000000
-6.553198 -1.371597 -20.116800 0.000000 -0.447213 -0.894427 1.000000 0.000000 0.000000 -2.687500 0.450000 0 0 0 0 0.000000 0.000000 0.000000 0.000000
-6.553198 -1.981197 -19.812000 0.000000 -0.447213 -0.894427 1.000000 0.000000 -0.000000 -2.687500 0.650000 0 0 0 0 0.000000 0.000000 0.000000 0.000000
-6.248398 -1.981197 -19.812000 0.000000 -0.447213 -0.894427 1.000000 0.000000 0.000000 -2.562500 0.650000 0 0 0 0 0.000000 0.000000 0.000000 0.000000
-6.553198 -1.371597 -21.945601 -0.000000 -0.447214 0.894427 1.000000 -0.000000 0.000000 -2.687500 0.450000 0 0 0 0 0.000000 0.000000 0.000000 0.000000
-6.248398 -1.371597 -21.945601 -0.000000 -0.447214 0.894427 1.000000 -0.000000 0.000000 -2.562500 0.450000 0 0 0 0 0.000000 0.000000 0.000000 0.000000
-6.248398 -1.981197 -22.250401 -0.000000 -0.447214 0.894427 1.000000 -0.000000 0.000000 -2.562500 0.650000 0 0 0 0 0.000000 0.000000 0.000000 0.000000
-6.553198 -1.981197 -22.250401 -0.000000 -0.447214 0.894427 1.000000 -0.000000 0.000000 -2.687500 0.650000 0 0 0 0 0.000000 0.000000 0.000000 0.000000
-6.248398 -0.609597 -24.384001 1.000000 0.000000 0.000000 -0.000000 -0.000000 1.000000 -10.000000 0.200000 0 0 0 0 0.000000 0.000000 0.000000 0.000000
-6.248398 -4.114797 -24.384001 1.000000 0.000000 0.000000 -0.000000 -0.000000 1.000000 -10.000000 1.350000 0 0 0 0 0.000000 0.000000 0.000000 0.000000
-6.248398 -4.114797 -22.250401 1.000000 0.000000 0.000000 -0.000000 -0.000000 1.000000 -9.125000 1.350000 0 0 0 0 0.000000 0.000000 0.000000 0.000000
-10.629897 -1.066797 -22.250401 -0.000000 -0.000000 1.000000 1.000000 0.000000 0.000000 -4.359375 0.350000 0 0 0 0 0.000000 0.000000 0.000000 0.000000
-10.629897 0.000003 -22.250401 -0.000000 -0.000000 1.000000 1.000000 0.000000 0.000000 -4.359375 0.000000 0 0 0 0 0.000000 0.000000 0.000000 0.000000
-10.515598 0.000003 -22.250401 -0.000000 -0.000000 1.000000 1.000000 0.000000 0.000000 -4.312500 0.000000 0 0 0 0 0.000000 0.000000 0.000000 0.000000
-6.553198 0.000003 -22.250401 -0.000000 -0.000000 1.000000 1.000000 0.000000 0.000000 -2.687500 0.000000 0 0 0 0 0.000000 0.000000 0.000000 0.000000
-6.553198 -1.066797 -22.250401 -0.000000 -0.000000 1.000000 1.000000 0.000000 0.000000 -2.687500 0.350000 0 0 0 0 0.000000 0.000000 0.000000 0.000000
-8.686797 -4.114797 -22.250401 -0.000000 -0.000000 1.000000 1.000000 -0.000000 0.000000 -3.562500 1.350000 0 0 0 0 0.000000 0.000000 0.000000 0.000000
-8.686798 -1.981197 -22.250401 -0.000000 -0.000000 1.000000 1.000000 0.000000 0.000000 -3.562500 0.650000 0 0 0 0 0.000000 0.000000 0.000000 0.000000
-8.381998 -1.981197 -22.250401 -0.000000 -0.000000 1.000000 1.000000 -0.000000 0.000000 -3.437500 0.650000 0 0 0 0 0.000000 0.000000 0.000000 0.000000
-8.381997 -4.114797 -22.250401 -0.000000 -0.000000 1.000000 1.000000 -0.000000 0.000000 -3.437500 1.350000 0 0 0 0 0.000000 0.000000 0.000000 0.000000
-10.515598 -4.114797 -22.250401 -0.000000 -0.000000 1.000000 0.000000 -1.000000 -0.000000 -4.312500 1.350000 0 0 0 0 0.000000 0.000000 0.000000 0.000000
-10.515598 -1.981197 -22.250401 -0.000000 -0.000000 1.000000 0.000000 -1.000000 -0.000000 -4.312500 0.650000 0 0 0 0 0.000000 0.000000 0.000000 0.000000
-10.515598 -1.371597 -22.250401 -0.000000 -0.000000 1.000000 0.000000 -1.000000 -0.000000 -4.312500 0.450000 0 0 0 0 0.000000 0.000000 0.000000 0.000000
-8.686798 -1.371597 -22.250401 -0.000000 -0.000000 1.000000 1.000000 -0.000000 0.000000 -3.562500 0.450000 0 0 0 0 0.000000 0.000000 0.000000 0.000000
-8.381997 -4.114797 -22.250401 -0.000000 -0.000000 1.000000 0.000000 -1.000000 -0.000000 -3.437500 1.350000 0 0 0 0 0.000000 0.000000 0.000000 0.000000
-8.381998 -1.981197 -22.250401 -0.000000 -0.000000 1.000000 0.000000 -1.000000 -0.000000 -3.437500 0.650000 0 0 0 0 0.000000 0.000000 0.000000 0.000000
-8.381998 -1.371597 -22.250401 -0.000000 -0.000000 1.000000 0.000000 -1.000000 -0.000000 -3.437500 0.450000 0 0 0 0 0.000000 0.000000 0.000000 0.000000
-6.553198 -1.371597 -22.250401 -0.000000 -0.000000 1.000000 1.000000 0.000000 0.000000 -2.687500 0.450000 0 0 0 0 0.000000 0.000000 0.000000 0.000000
-10.629897 -1.981197 -22.250401 -0.000000 -0.000000 1.000000 1.000000 -0.000000 0.000000 -4.359375 0.650000 0 0 0 0 0.000000 0.000000 0.000000 0.000000
-10.515598 -1.981197 -22.250401 -0.000000 -0.000000 1.000000 1.000000 -0.000000 0.000000 -4.312500 0.650000 0 0 0 0 0.000000 0.000000 0.000000 0.000000
-10.515598 -4.114797 -22.250401 -0.000000 -0.000000 1.000000 1.000000 -0.000000 0.000000 -4.312500 1.350000 0 0 0 0 0.000000 0.000000 0.000000 0.000000
-10.629897 -4.114797 -22.250401 -0.000000 -0.000000 1.000000 1.000000 -0.000000 0.000000 -4.359375 1.350000 0 0 0 0 0.000000 0.000000 0.000000 0.000000
-10.629898 -1.752598 -17.983202 0.000000 0.000000 -1.000000 1.000000 0.000001 0.000000 -4.359375 0.575000 0 0 0 0 0.000000 0.000000 0.000000 0.000000
-10.515599 -1.981198 -17.983202 0.000000 0.000000 -1.000000 1.000000 0.000001 0.000000 -4.312500 0.650000 0 0 0 0 0.000000 0.000000 0.000000 0.000000
-10.515599 -1.371598 -17.983202 0.000000 0.000000 -1.000000 1.000000 -0.000000 0.000000 -4.312500 0.450000 0 0 0 0 0.000000 0.000000 0.000000 0.000000
-10.629898 -1.371598 -17.983202 0.000000 0.000000 -1.000000 1.000000 0.000001 0.000000 -4.359375 0.450000 0 0 0 0 0.000000 0.000000 0.000000 0.000000
-10.515599 0.000002 -17.983202 0.000000 0.000000 -1.000000 1.000000 -0.000000 0.000000 -4.312500 0.000000 0 0 0 0 0.000000 0.000000 0.000000 0.000000
-10.629898 0.000002 -17.983202 0.000000 0.000000 -1.000000 1.000000 0.000000 0.000000 -4.359375 0.000000 0 0 0 0 0.000000 0.000000 0.000000 0.000000
-10.629898 -0.903920 -17.983202 0.000000 0.000000 -1.000000 1.000000 -0.000000 0.000000 -4.359375 0.296562 0 0 0 0 0.000000 0.000000 0.000000 0.000000
-10.629898 -1.066798 -17.983202 0.000000 0.000000 -1.000000 1.000000 0.000003 0.000000 -4.359375 0.350000 0 0 0 0 0.000000 0.000000 0.000000 0.000000
-10.515599 -1.066798 -17.983202 0.000000 0.000000 -1.000000 1.000000 -0.000000 0.000000 -4.312500 0.350000 0 0 0 0 0.000000 0.000000 0.000000 0.000000
-10.210798 -2.895598 -17.678400 1.000000 0.000000 0.000000 -0.000000 -0.000001 1.000000 -7.250000 0.950000 0 0 0 0 0.000000 0.000000 0.000000 0.000000
-10.210797 -4.114798 -17.678402 1.000000 0.000000 0.000000 -0.000000 -0.000001 1.000000 -7.250000 1.350000 0 0 0 0 0.000000 0.000000 0.000000 0.000000
-10.210798 -4.114798 -17.373602 1.000000 0.000000 0.000000 -0.000000 -0.000001 1.000000 -7.125000 1.350000 0 0 0 0 0.000000 0.000000 0.000000 0.000000
-10.210798 -2.895598 -17.373600 1.000000 0.000000 0.000000 -0.000000 -0.000001 1.000000 -7.125000 0.950000 0 0 0 0 0.000000 0.000000 0.000000 0.000000
-10.210798 -1.371598 -17.373600 1.000000 0.000000 0.000000 -0.000000 -0.000001 1.000000 -7.125000 0.450000 0 0 0 0 0.000000 0.000000 0.000000 0.000000
-10.210798 1.371602 -17.373600 1.000000 0.000000 0.000000 -0.000000 0.000000 1.000000 -7.125000 -0.450000 0 0 0 0 0.000000 0.000000 0.000000 0.000000
-10.210798 1.371602 -17.678400 1.000000 0.000000 0.000000 -0.000000 0.000000 1.000000 -7.250000 -0.450000 0 0 0 0 0.000000 0.000000 0.000000 0.000000
-10.210798 -1.066798 -17.678400 1.000000 0.000000 0.000000 -0.000000 1.000000 -0.000000 -7.250000 0.350000 0 0 0 0 0.000000 0.000000 0.000000 0.000000
-10.629898 -1.752598 -17.373600 -0.000000 -0.000000 1.000000 1.000000 0.000002 0.000000 -4.359375 0.575000 0 0 0 0 0.000000 0.000000 0.000000 0.000000
-10.629898 -1.371598 -17.373600 -0.000000 -0.000000 1.000000 1.000000 0.000001 0.000000 -4.359375 0.450000 0 0 0 0 0.000000 0.000000 0.000000 0.000000
-10.515599 -1.371598 -17.373600 -0.000000 -0.000000 1.000000 1.000000 0.000000 0.000000 -4.312500 0.450000 0 0 0 0 0.000000 0.000000 0.000000 0.000000
-10.515599 -1.981198 -17.373600 -0.000000 -0.000000 1.000000 1.000000 0.000002 0.000000 -4.312500 0.650000 0 0 0 0 0.000000 0.000000 0.000000 0.000000
-10.210798 -1.371598 -17.373600 -0.000000 -0.000001 1.000000 1.000000 -0.000000 0.000000 -4.187500 0.450000 0 0 0 0 0.000000 0.000000 0.000000 0.000000
-10.629898 -0.952498 -17.373600 -0.000000 -0.000001 1.000000 1.000000 0.000000 0.000000 -4.359375 0.312500 0 0 0 0 0.000000 0.000000 0.000000 0.000000
-10.629898 1.371602 -17.373600 -0.000000 -0.000001 1.000000 1.000000 0.000000 0.000000 -4.359375 -0.450000 0 0 0 0 0.000000 0.000000 0.000000 0.000000
-10.210798 1.371602 -17.373600 -0.000000 -0.000001 1.000000 1.000000 -0.000000 0.000000 -4.187500 -0.450000 0 0 0 0 0.000000 0.000000 0.000000 0.000000
-10.210798 -4.114798 -17.373602 -0.000000 -0.000000 1.000000 1.000000 -0.000000 0.000000 -4.187500 1.350000 0 0 0 0 0.000000 0.000000 0.000000 0.000000
-10.515599 -4.114798 -17.373602 -0.000000 -0.000000 1.000000 1.000000 -0.000000 0.000000 -4.312500 1.350000 0 0 0 0 0.000000 0.000000 0.000000 0.000000
-10.210798 -2.895598 -17.373600 -0.000000 -0.000000 1.000000 1.000000 -0.000000 0.000000 -4.187500 0.950000 0 0 0 0 0.000000 0.000000 0.000000 0.000000
-10.515599 -4.114798 -17.983202 -1.000000 -0.000000 -0.000000 -0.000000 -0.000000 1.000000 -7.375000 1.350000 0 0 0 0 0.000000 0.000000 0.000000 0.000000
-10.515599 -1.981198 -17.983202 -1.000000 -0.000000 -0.000000 -0.000000 0.000000 1.000000 -7.375000 0.650000 0 0 0 0 0.000000 0.000000 0.000000 0.000000
-10.515599 -1.981198 -17.373600 -1.000000 -0.000000 -0.000000 -0.000000 -0.000000 1.000000 -7.125000 0.650000 0 0 0 0 0.000000 0.000000 0.000000 0.000000
-10.515599 -4.114798 -17.373602 -1.000000 -0.000000 -0.000000 -0.000000 -0.000001 1.000000 -7.125000 1.350000 0 0 0 0 0.000000 0.000000 0.000000 0.000000
-10.515599 -4.114798 -17.678402 -1.000000 -0.000000 -0.000000 -0.000000 -0.000001 1.000000 -7.250000 1.350000 0 0 0 0 0.000000 0.000000 0.000000 0.000000
-10.629898 -1.752598 -17.983202 -0.894427 -0.447213 -0.000000 -0.000000 -0.000000 1.000000 -7.375000 0.575000 0 0 0 0 0.000000 0.000000 0.000000 0.000000
-10.629898 -1.752598 -17.373600 -0.894427 -0.447213 -0.000000 -0.000000 -0.000000 1.000000 -7.125000 0.575000 0 0 0 0 0.000000 0.000000 0.000000 0.000000
-10.515599 -1.981198 -17.373600 -0.894427 -0.447213 -0.000000 -0.000000 -0.000000 1.000000 -7.125000 0.650000 0 0 0 0 0.000000 0.000000 0.000000 0.000000
-10.515599 -1.981198 -17.983202 -0.894427 -0.447213 -0.000000 -0.000000 -0.000000 1.000000 -7.375000 0.650000 0 0 0 0 0.000000 0.000000 0.000000 0.000000
-10.629898 -1.371598 -17.983202 0.000001 -1.000000 -0.000000 1.000000 0.000001 0.000000 -4.359375 5.900000 0 0 0 0 0.000000 0.000000 0.000000 0.000000
-10.515599 -1.371598 -17.983202 0.000001 -1.000000 -0.000000 1.000000 0.000001 0.000000 -4.312500 5.900000 0 0 0 0 0.000000 0.000000 0.000000 0.000000
-10.515599 -1.371598 -19.812002 0.000001 -1.000000 -0.000000 1.000000 0.000001 0.000000 -4.312500 6.500000 0 0 0 0 0.000000 0.000000 0.000000 0.000000
-10.515599 -1.371598 -20.116802 0.000001 -1.000000 -0.000000 1.000000 0.000001 -0.000000 -4.312500 6.600000 0 0 0 0 0.000000 0.000000 0.000000 0.000000
-10.515598 -1.371597 -21.945601 0.000001 -1.000000 -0.000000 1.000000 0.000001 -0.000009 -4.312500 7.200000 0 0 0 0 0.000000 0.000000 0.000000 0.000000
-10.629897 -1.371597 -21.945601 0.000001 -1.000000 -0.000000 1.000000 0.000001 0.000000 -4.359375 7.200000 0 0 0 0 0.000000 0.000000 0.000000 0.000000
-8.686798 -1.371597 -20.116802 0.000000 -1.000000 -0.000000 1.000000 0.000000 0.000000 -3.562500 6.600000 0 0 0 0 0.000000 0.000000 0.000000 0.000000
-8.381998 -1.371597 -20.116802 0.000000 -1.000000 -0.000000 1.000000 0.000000 0.000000 -3.437500 6.600000 0 0 0 0 0.000000 0.000000 0.000000 0.000000
-8.381998 -1.371597 -21.945601 0.000000 -1.000000 -0.000000 1.000000 0.000000 -0.000000 -3.437500 7.200000 0 0 0 0 0.000000 0.000000 0.000000 0.000000
-8.686798 -1.371597 -21.945601 0.000000 -1.000000 -0.000000 1.000000 0.000000 0.000000 -3.562500 7.200000 0 0 0 0 0.000000 0.000000 0.000000 0.000000
-8.686798 -1.371597 -22.250401 0.000000 -1.000000 -0.000000 1.000000 0.000000 0.000000 -3.562500 7.300000 0 0 0 0 0.000000 0.000000 0.000000 0.000000
-10.515598 -1.371597 -22.250401 0.000000 -1.000000 -0.000000 1.000000 0.000000 0.000000 -4.312500 7.300000 0 0 0 0 0.000000 0.000000 0.000000 0.000000
-6.553198 -1.371597 -22.250401 0.000000 -1.000000 -0.000000 1.000000 0.000000 0.000000 -2.687500 7.300000 0 0 0 0 0.000000 0.000000 0.000000 0.000000
-8.381998 -1.371597 -22.250401 0.000000 -1.000000 -0.000000 1.000000 0.000000 0.000000 -3.437500 7.300000 0 0 0 0 0.000000 0.000000 0.000000 0.000000
-8.686798 -1.371598 -19.812002 0.000000 -1.000000 -0.000000 1.000000 0.000000 -0.000000 -3.562500 6.500000 0 0 0 0 0.000000 0.000000 0.000000 0.000000
-8.381998 -1.371598 -19.812002 0.000000 -1.000000 -0.000000 1.000000 0.000000 0.000001 -3.437500 6.500000 0 0 0 0 0.000000 0.000000 0.000000 0.000000
-6.553198 -1.371597 -19.812000 0.000000 -1.000000 -0.000000 1.000000 0.000000 0.000001 -2.687500 6.500000 0 0 0 0 0.000000 0.000000 0.000000 0.000000
-8.686798 -1.371597 -21.945601 -0.000000 -0.000000 1.000000 1.000000 0.000000 0.000000 -3.562500 0.450000 0 0 0 0 0.000000 0.000000 0.000000 0.000000
-10.515598 -1.371597 -21.945601 -0.000000 -0.000000 1.000000 1.000000 0.000000 0.000000 -4.312500 0.450000 0 0 0 0 0.000000 0.000000 0.000000 0.000000
-10.515598 -1.066797 -21.945601 -0.000000 -0.000000 1.000000 1.000000 0.000000 0.000000 -4.312500 0.350000 0 0 0 0 0.000000 0.000000 0.000000 0.000000
-8.686798 -1.066797 -21.945601 -0.000000 -0.000000 1.000000 1.000000 0.000000 0.000000 -3.562500 0.350000 0 0 0 0 0.000000 0.000000 0.000000 0.000000
-6.553198 -1.371597 -21.945601 -0.000000 -0.000000 1.000000 1.000000 0.000000 0.000000 -2.687500 0.450000 0 0 0 0 0.000000 0.000000 0.000000 0.000000
-8.381998 -1.371597 -21.945601 -0.000000 -0.000000 1.000000 1.000000 0.000000 0.000000 -3.437500 0.450000 0 0 0 0 0.000000 0.000000 0.000000 0.000000
-8.381998 -1.066797 -21.945601 -0.000000 -0.000000 1.000000 1.000000 0.000000 0.000000 -3.437500 0.350000 0 0 0 0 0.000000 0.000000 0.000000 0.000000
-6.553198 -1.066797 -21.945601 -0.000000 -0.000000 1.000000 1.000000 0.000000 0.000000 -2.687500 0.350000 0 0 0 0 0.000000 0.000000 0.000000 0.000000
-10.515599 0.000002 -17.983202 -1.000000 -0.000000 -0.000000 -0.000000 -0.000000 1.000000 -7.375000 0.000000 0 0 0 0 0.000000 0.000000 0.000000 0.000000
-10.515599 -1.066798 -17.983202 -1.000000 -0.000000 -0.000000 -0.000000 -0.000000 1.000000 -7.375000 0.350000 0 0 0 0 0.000000 0.000000 0.000000 0.000000
-10.515599 -1.066798 -19.812002 -1.000000 -0.000000 -0.000000 -0.000000 -0.000000 1.000000 -8.125000 0.350000 0 0 0 0 0.000000 0.000000 0.000000 0.000000
-10.515599 0.000002 -19.812002 -1.000000 -0.000000 -0.000000 -0.000000 -0.000000 1.000000 -8.125000 0.000000 0 0 0 0 0.000000 0.000000 0.000000 0.000000
-10.515599 -1.371598 -20.116802 1.000000 0.000000 0.000000 -0.000000 -0.000000 1.000000 -8.250000 0.450000 0 0 0 0 0.000000 0.000000 0.000000 0.000000
-10.515599 -1.066798 -20.116802 1.000000 0.000000 0.000000 -0.000000 -0.000000 1.000000 -8.250000 0.350000 0 0 0 0 0.000000 0.000000 0.000000 0.000000
-10.515599 -1.066797 -20.878798 1.000000 0.000000 0.000000 -0.000000 -0.000000 1.000000 -8.562500 0.350000 0 0 0 0 0.000000 0.000000 0.000000 0.000000
-10.515598 -1.066797 -21.183598 1.000000 0.000000 0.000000 -0.000000 0.000000 1.000000 -8.687500 0.350000 0 0 0 0 0.000000 0.000000 0.000000 0.000000
-10.515598 -1.066797 -21.945601 1.000000 0.000000 0.000000 -0.000000 -0.000000 1.000000 -9.000000 0.350000 0 0 0 0 0.000000 0.000000 0.000000 0.000000
-10.515598 -1.371597 -21.945601 1.000000 0.000000 0.000000 -0.000000 -0.000000 1.000000 -9.000000 0.450000 0 0 0 0 0.000000 0.000000 0.000000 0.000000
-10.515599 0.000002 -19.812002 0.000000 0.000000 -1.000000 1.000000 0.000000 0.000000 -4.312500 0.000000 0 0 0 0 0.000000 0.000000 0.000000 0.000000
-10.515599 -1.066798 -19.812002 0.000000 0.000000 -1.000000 1.000000 0.000000 0.000000 -4.312500 0.350000 0 0 0 0 0.000000 0.000000 0.000000 0.000000
-6.553198 -1.066797 -19.812000 0.000000 0.000000 -1.000000 1.000000 0.000000 0.000000 -2.687500 0.350000 0 0 0 0 0.000000 0.000000 0.000000 0.000000
-6.553198 0.000003 -19.812000 0.000000 0.000000 -1.000000 1.000000 0.000000 0.000000 -2.687500 0.000000 0 0 0 0 0.000000 0.000000 0.000000 0.000000
-8.381998 -1.066797 -20.116802 -0.000000 1.000000 0.000000 1.000000 0.000000 0.000000 -3.437500 6.600000 0 0 0 0 0.000000 0.000000 0.000000 0.000000
-8.686798 -1.066797 -20.116802 -0.000000 1.000000 0.000000 1.000000 0.000000 0.000000 -3.562500 6.600000 0 0 0 0 0.000000 0.000000 0.000000 0.000000
-8.686798 -1.066797 -20.878798 -0.000000 1.000000 0.000000 1.000000 0.000000 0.000000 -3.562500 6.850000 0 0 0 0 0.000000 0.000000 0.000000 0.000000
-8.381998 -1.066797 -20.878798 -0.000000 1.000000 0.000000 1.000000 0.000000 0.000000 -3.437500 6.850000 0 0 0 0 0.000000 0.000000 0.000000 0.000000
-6.553198 -1.066797 -19.812000 -0.000000 1.000000 0.000000 1.000000 0.000000 0.000000 -2.687500 6.500000 0 0 0 0 0.000000 0.000000 0.000000 0.000000
-10.515599 -1.066798 -19.812002 -0.000000 1.000000 0.000000 1.000000 0.000000 0.000000 -4.312500 6.500000 0 0 0 0 0.000000 0.000000 0.000000 0.000000
-10.515599 -1.066798 -20.116802 -0.000000 1.000000 0.000000 1.000000 0.000000 0.000000 -4.312500 6.600000 0 0 0 0 0.000000 0.000000 0.000000 0.000000
-6.553198 -1.066797 -20.116800 -0.000000 1.000000 0.000000 1.000000 0.000000 0.000001 -2.687500 6.600000 0 0 0 0 0.000000 0.000000 0.000000 0.000000
-8.381998 -1.066797 -21.183598 -0.000000 1.000000 0.000000 1.000000 0.000000 -0.000000 -3.437500 6.950000 0 0 0 0 0.000000 0.000000 0.000000 0.000000
-8.686798 -1.066797 -21.183598 -0.000000 1.000000 0.000000 1.000000 0.000000 -0.000000 -3.562500 6.950000 0 0 0 0 0.000000 0.000000 0.000000 0.000000
-8.686798 -1.066797 -21.945601 -0.000000 1.000000 0.000000 1.000000 0.000000 0.000000 -3.562500 7.200000 0 0 0 0 0.000000 0.000000 0.000000 0.000000
-8.381998 -1.066797 -21.945601 -0.000000 1.000000 0.000000 1.000000 0.000000 -0.000000 -3.437500 7.200000 0 0 0 0 0.000000 0.000000 0.000000 0.000000
-8.686798 -1.066797 -20.116802 -1.000000 -0.000000 -0.000000 -0.000000 -0.000000 1.000000 -8.250000 0.350000 0 0 0 0 0.000000 0.000000 0.000000 0.000000
-8.686798 -1.371597 -20.116802 -1.000000 -0.000000 -0.000000 -0.000000 -0.000000 1.000000 -8.250000 0.450000 0 0 0 0 0.000000 0.000000 0.000000 0.000000
-8.686798 -1.371597 -21.945601 -1.000000 -0.000000 -0.000000 -0.000000 -0.000000 1.000000 -9.000000 0.450000 0 0 0 0 0.000000 0.000000 0.000000 0.000000
-8.686798 -1.066797 -21.945601 -1.000000 -0.000000 -0.000000 -0.000000 -0.000000 1.000000 -9.000000 0.350000 0 0 0 0 0.000000 0.000000 0.000000 0.000000
-8.686798 -1.066797 -21.183598 -1.000000 -0.000000 -0.000000 -0.000000 -0.000000 1.000000 -8.687500 0.350000 0 0 0 0 0.000000 0.000000 0.000000 0.000000
-8.686798 -1.066797 -20.878798 -1.000000 -0.000000 -0.000000 0.000000 0.000000 -1.000000 -8.562500 0.350000 0 0 0 0 0.000000 0.000000 0.000000 0.000000
-8.381998 -1.371597 -20.116802 1.000000 0.000000 0.000000 -0.000000 -0.000000 1.000000 -8.250000 0.450000 0 0 0 0 0.000000 0.000000 0.000000 0.000000
-8.381998 -1.066797 -20.116802 1.000000 0.000000 0.000000 -0.000000 -0.000000 1.000000 -8.250000 0.350000 0 0 0 0 0.000000 0.000000 0.000000 0.000000
-8.381998 -1.066797 -20.878798 1.000000 0.000000 0.000000 -0.000000 -0.000000 1.000000 -8.562500 0.350000 0 0 0 0 0.000000 0.000000 0.000000 0.000000
-8.381998 -1.066797 -21.183598 1.000000 0.000000 0.000000 -0.000000 -0.000000 1.000000 -8.687500 0.350000 0 0 0 0 0.000000 0.000000 0.000000 0.000000
-8.381998 -1.066797 -21.945601 1.000000 0.000000 0.000000 -0.000000 -0.000000 1.000000 -9.000000 0.350000 0 0 0 0 0.000000 0.000000 0.000000 0.000000
-8.381998 -1.371597 -21.945601 1.000000 0.000000 0.000000 -0.000000 -0.000000 1.000000 -9.000000 0.450000 0 0 0 0 0.000000 0.000000 0.000000 0.000000
-6.553198 -1.066797 -20.116800 0.000000 0.000000 -1.000000 1.000000 0.000000 0.000000 -2.687500 0.350000 0 0 0 0 0.000000 0.000000 0.000000 0.000000
-8.381998 -1.066797 -20.116802 0.000000 0.000000 -1.000000 1.000000 0.000000 0.000000 -3.437500 0.350000 0 0 0 0 0.000000 0.000000 0.000000 0.000000
-8.381998 -1.371597 -20.116802 0.000000 0.000000 -1.000000 1.000000 0.000000 0.000000 -3.437500 0.450000 0 0 0 0 0.000000 0.000000 0.000000 0.000000
-6.553198 -1.371597 -20.116800 0.000000 0.000000 -1.000000 1.000000 0.000000 0.000000 -2.687500 0.450000 0 0 0 0 0.000000 0.000000 0.000000 0.000000
-8.686798 -1.066797 -20.116802 0.000000 0.000000 -1.000000 1.000000 0.000000 0.000000 -3.562500 0.350000 0 0 0 0 0.000000 0.000000 0.000000 0.000000
-10.515599 -1.066798 -20.116802 0.000000 0.000000 -1.000000 1.000000 0.000000 0.000000 -4.312500 0.350000 0 0 0 0 0.000000 0.000000 0.000000 0.000000
-10.515599 -1.371598 -20.116802 0.000000 0.000000 -1.000000 1.000000 0.000000 0.000000 -4.312500 0.450000 0 0 0 0 0.000000 0.000000 0.000000 0.000000
-8.686798 -1.371597 -20.116802 0.000000 0.000000 -1.000000 1.000000 0.000000 0.000000 -3.562500 0.450000 0 0 0 0 0.000000 0.000000 0.000000 0.000000
-10.515598 -1.066797 -21.183598 -0.000000 1.000000 0.000000 1.000000 0.000000 0.000000 -4.312500 6.950000 0 0 0 0 0.000000 0.000000 0.000000 0.000000
-10.629897 -1.066797 -21.183598 -0.000000 1.000000 0.000000 1.000000 0.000000 0.000000 -4.359375 6.950000 0 0 0 0 0.000000 0.000000 0.000000 0.000000
-10.629897 -1.066797 -21.945601 -0.000000 1.000000 0.000000 1.000000 0.000000 0.000000 -4.359375 7.200000 0 0 0 0 0.000000 0.000000 0.000000 0.000000
-10.515598 -1.066797 -21.945601 -0.000000 1.000000 0.000000 1.000000 0.000000 0.000000 -4.312500 7.200000 0 0 0 0 0.000000 0.000000 0.000000 0.000000
-10.515599 -1.066798 -17.983202 -0.000000 1.000000 0.000000 1.000000 0.000000 0.000000 -4.312500 5.900000 0 0 0 0 0.000000 0.000000 0.000000 0.000000
-10.629898 -1.066798 -17.983202 -0.000000 1.000000 0.000000 1.000000 0.000000 0.000000 -4.359375 5.900000 0 0 0 0 0.000000 0.000000 0.000000 0.000000
-10.629898 -1.066797 -20.878798 -0.000000 1.000000 0.000000 1.000000 0.000000 0.000000 -4.359375 6.850000 0 0 0 0 0.000000 0.000000 0.000000 0.000000
-10.515599 -1.066797 -20.878798 -0.000000 1.000000 0.000000 1.000000 0.000000 -0.000000 -4.312500 6.850000 0 0 0 0 0.000000 0.000000 0.000000 0.000000
-10.515599 -1.066798 -20.116802 -0.000000 1.000000 0.000000 0.000000 0.000000 -1.000000 -4.312500 6.600000 0 0 0 0 0.000000 0.000000 0.000000 0.000000
-10.515599 -1.066798 -19.812002 -0.000000 1.000000 0.000000 0.000000 0.000000 -1.000000 -4.312500 6.500000 0 0 0 0 0.000000 0.000000 0.000000 0.000000
-10.629897 -1.066797 -22.250401 -0.000000 1.000000 0.000000 1.000000 0.000000 -0.000000 -4.359375 7.300000 0 0 0 0 0.000000 0.000000 0.000000 0.000000
-6.553198 -1.066797 -22.250401 -0.000000 1.000000 0.000000 1.000000 0.000000 -0.000000 -2.687500 7.300000 0 0 0 0 0.000000 0.000000 0.000000 0.000000
-6.553198 -1.066797 -21.945601 -0.000000 1.000000 0.000000 1.000000 0.000000 -0.000000 -2.687500 7.200000 0 0 0 0 0.000000 0.000000 0.000000 0.000000
-8.686798 -1.371597 -21.945601 -0.000000 -0.447215 0.894427 1.000000 0.000000 0.000000 -3.562500 0.450000 0 0 0 0 0.000000 0.000000 0.000000 0.000000
-8.381998 -1.371597 -21.945601 -0.000000 -0.447215 0.894427 1.000000 0.000000 0.000000 -3.437500 0.450000 0 0 0 0 0.000000 0.000000 0.000000 0.000000
-8.381998 -1.981197 -22.250401 -0.000000 -0.447215 0.894427 1.000000 -0.000000 0.000000 -3.437500 0.650000 0 0 0 0 0.000000 0.000000 0.000000 0.000000
-8.686798 -1.981197 -22.250401 -0.000000 -0.447215 0.894427 1.000000 0.000000 0.000000 -3.562500 0.650000 0 0 0 0 0.000000 0.000000 0.000000 0.000000
-10.629897 -1.371597 -21.945601 -0.000000 -0.447214 0.894427 1.000000 -0.000000 0.000000 -4.359375 0.450000 0 0 0 0 0.000000 0.000000 0.000000 0.000000
-10.515598 -1.371597 -21.945601 -0.000000 -0.447214 0.894427 1.000000 -0.000000 0.000000 -4.312500 0.450000 0 0 0 0 0.000000 0.000000 0.000000 0.000000
-10.515598 -1.981197 -22.250401 -0.000000 -0.447214 0.894427 1.000000 -0.000000 0.000000 -4.312500 0.650000 0 0 0 0 0.000000 0.000000 0.000000 0.000000
-10.629897 -1.981197 -22.250401 -0.000000 -0.447214 0.894427 1.000000 -0.000000 0.000000 -4.359375 0.650000 0 0 0 0 0.000000 0.000000 0.000000 0.000000
-8.381997 -4.114798 -19.812002 0.000000 0.000000 -1.000000 1.000000 0.000000 0.000000 -3.437500 1.350000 0 0 0 0 0.000000 0.000000 0.000000 0.000000
-8.381998 -1.981197 -19.812002 0.000000 0.000000 -1.000000 1.000000 -0.000000 0.000000 -3.437500 0.650000 0 0 0 0 0.000000 0.000000 0.000000 0.000000
-8.686798 -1.981197 -19.812002 0.000000 0.000000 -1.000000 1.000000 0.000000 0.000000 -3.562500 0.650000 0 0 0 0 0.000000 0.000000 0.000000 0.000000
-8.686797 -4.114798 -19.812002 0.000000 0.000000 -1.000000 1.000000 -0.000000 0.000000 -3.562500 1.350000 0 0 0 0 0.000000 0.000000 0.000000 0.000000
-6.553198 -1.371597 -19.812000 0.000000 0.000000 -1.000000 1.000000 0.000000 0.000000 -2.687500 0.450000 0 0 0 0 0.000000 0.000000 0.000000 0.000000
-8.381998 -1.371598 -19.812002 0.000000 0.000000 -1.000000 1.000000 0.000000 0.000000 -3.437500 0.450000 0 0 0 0 0.000000 0.000000 0.000000 0.000000
-10.515599 -1.371598 -19.812002 0.000000 0.000000 -1.000000 1.000000 -0.000000 0.000000 -4.312500 0.450000 0 0 0 0 0.000000 0.000000 0.000000 0.000000
-10.515599 -4.114798 -19.812002 0.000000 0.000000 -1.000000 1.000000 -0.000000 0.000000 -4.312500 1.350000 0 0 0 0 0.000000 0.000000 0.000000 0.000000
-8.686798 -1.371598 -19.812002 0.000000 0.000000 -1.000000 1.000000 0.000000 0.000000 -3.562500 0.450000 0 0 0 0 0.000000 0.000000 0.000000 0.000000
-10.515599 -4.114798 -19.812002 -1.000000 -0.000000 -0.000000 -0.000000 -0.000000 1.000000 -8.125000 1.350000 0 0 0 0 0.000000 0.000000 0.000000 0.000000
-10.515599 -1.371598 -19.812002 -1.000000 -0.000000 -0.000000 -0.000000 -0.000000 1.000000 -8.125000 0.450000 0 0 0 0 0.000000 0.000000 0.000000 0.000000
-10.515599 -1.371598 -17.983202 -1.000000 -0.000000 -0.000000 -0.000000 -0.000000 1.000000 -7.375000 0.450000 0 0 0 0 0.000000 0.000000 0.000000 0.000000
-8.686798 -1.371598 -19.812002 -1.000000 -0.000000 -0.000000 -0.000000 -0.000000 1.000000 -8.125000 0.450000 0 0 0 0 0.000000 0.000000 0.000000 0.000000
-8.686798 -1.981197 -19.812002 -1.000000 -0.000000 -0.000000 -0.000000 -0.000000 1.000000 -8.125000 0.650000 0 0 0 0 0.000000 0.000000 0.000000 0.000000
-8.381998 -1.981197 -19.812002 1.000000 0.000000 0.000000 -0.000000 -0.000001 1.000000 -8.125000 0.650000 0 0 0 0 0.000000 0.000000 0.000000 0.000000
-8.381998 -1.371598 -19.812002 1.000000 0.000000 0.000000 -0.000000 -0.000001 1.000000 -8.125000 0.450000 0 0 0 0 0.000000 0.000000 0.000000 0.000000
-8.381998 -1.371597 -20.116802 0.000000 -0.447214 -0.894427 1.000000 0.000000 0.000000 -3.437500 0.450000 0 0 0 0 0.000000 0.000000 0.000000 0.000000
-8.686798 -1.371597 -20.116802 0.000000 -0.447214 -0.894427 1.000000 0.000000 0.000000 -3.562500 0.450000 0 0 0 0 0.000000 0.000000 0.000000 0.000000
-8.686798 -1.981197 -19.812002 0.000000 -0.447214 -0.894427 1.000000 0.000000 0.000000 -3.562500 0.650000 0 0 0 0 0.000000 0.000000 0.000000 0.000000
-8.381998 -1.981197 -19.812002 0.000000 -0.447214 -0.894427 1.000000 0.000000 0.000000 -3.437500 0.650000 0 0 0 0 0.000000 0.000000 0.000000 0.000000
-8.686798 -1.981197 -22.250401 -1.000000 -0.000000 -0.000000 -0.000000 -0.000001 1.000000 -9.125000 0.650000 0 0 0 0 0.000000 0.000000 0.000000 0.000000
-8.686798 -1.371597 -22.250401 -1.000000 -0.000000 -0.000000 -0.000000 -0.000001 1.000000 -9.125000 0.450000 0 0 0 0 0.000000 0.000000 0.000000 0.000000
-8.381998 -1.371597 -22.250401 1.000000 0.000000 0.000000 -0.000000 -0.000000 1.000000 -9.125000 0.450000 0 0 0 0 0.000000 0.000000 0.000000 0.000000
-8.381998 -1.981197 -22.250401 1.000000 0.000000 0.000000 -0.000000 -0.000000 1.000000 -9.125000 0.650000 0 0 0 0 0.000000 0.000000 0.000000 0.000000
-10.515598 -1.371597 -22.250401 1.000000 0.000000 0.000000 -0.000000 -0.000000 1.000000 -9.125000 0.450000 0 0 0 0 0.000000 0.000000 0.000000 0.000000
-10.515598 -1.981197 -22.250401 1.000000 0.000000 0.000000 -0.000000 -0.000000 1.000000 -9.125000 0.650000 0 0 0 0 0.000000 0.000000 0.000000 0.000000
-24.231598 -3.886203 4.495797 -1.000000 -0.000000 -0.000000 -0.000000 -0.000000 1.000000 1.843750 1.275000 0 0 0 0 0.000000 0.000000 0.000000 0.000000
-24.231598 -3.810003 4.419597 -1.000000 -0.000000 -0.000000 -0.000000 -0.000000 1.000000 1.812500 1.250000 0 0 0 0 0.000000 0.000000 0.000000 0.000000
-24.231598 -1.524003 4.419597 -1.000000 -0.000000 -0.000000 -0.000000 -0.000000 1.000000 1.812500 0.500000 0 0 0 0 0.000000 0.000000 0.000000 0.000000
-24.231598 -1.524003 4.495798 -1.000000 -0.000000 -0.000000 -0.000000 -0.000000 1.000000 1.843750 0.500000 0 0 0 0 0.000000 0.000000 0.000000 0.000000
-24.231598 -4.191003 4.495797 -1.000000 -0.000000 -0.000018 -0.000018 0.000000 1.000000 1.843750 1.375000 0 0 0 0 0.000000 0.000000 0.000000 0.000000
-24.231598 -4.572003 4.495797 -1.000000 -0.000000 -0.000018 -0.000018 0.000000 1.000000 1.843750 1.500000 0 0 0 0 0.000000 0.000000 0.000000 0.000000
-24.231598 -4.572003 4.419597 -1.000000 -0.000000 -0.000018 -0.000018 -0.000000 1.000000 1.812500 1.500000 0 0 0 0 0.000000 0.000000 0.000000 0.000000
-24.231598 -4.267203 4.419597 -1.000000 -0.000000 -0.000018 -0.000018 0.000000 1.000000 1.812500 1.400000 0 0 0 0 0.000000 0.000000 0.000000 0.000000
-24.231598 -4.572003 4.495797 -1.000000 -0.000000 -0.000007 0.000000 -1.000000 -0.000000 1.843750 1.500000 0 0 0 0 0.000000 0.000000 0.000000 0.000000
-24.231598 -4.191003 4.495797 -1.000000 -0.000000 -0.000007 0.000000 -1.000000 -0.000000 1.843750 1.375000 0 0 0 0 0.000000 0.000000 0.000000 0.000000
-24.231598 -3.886203 4.495797 -1.000000 -0.000000 -0.000007 0.000000 -1.000000 -0.000000 1.843750 1.275000 0 0 0 0 0.000000 0.000000 0.000000 0.000000
-24.231598 -1.524003 4.495798 -1.000000 -0.000000 -0.000007 0.000000 -1.000000 -0.000000 1.843750 0.500000 0 0 0 0 0.000000 0.000000 0.000000 0.000000
-24.231598 -1.524003 4.876797 -1.000000 -0.000000 -0.000007 -0.000004 -0.000000 1.000000 2.000000 0.500000 0 0 0 0 0.000000 0.000000 0.000000 0.000000
-24.231598 -1.828803 4.876797 -1.000000 -0.000000 -0.000007 -0.000004 0.000005 1.000000 2.000000 0.600000 0 0 0 0 0.000000 0.000000 0.000000 0.000000
-24.231598 -4.572003 4.876797 -1.000000 -0.000000 -0.000007 -0.000007 -0.000001 1.000000 2.000000 1.500000 0 0 0 0 0.000000 0.000000 0.000000 0.000000
-24.231598 -3.886203 7.696198 -1.000000 -0.000000 -0.000000 -0.000000 0.000000 1.000000 3.156250 1.275000 0 0 0 0 0.000000 0.000000 0.000000 0.000000
-24.231598 -1.524003 7.696198 -1.000000 -0.000000 -0.000000 -0.000000 0.000000 1.000000 3.156250 0.500000 0 0 0 0 0.000000 0.000000 0.000000 0.000000
-24.231598 -1.524003 7.772398 -1.000000 -0.000000 -0.000000 -0.000000 -0.000000 1.000000 3.187500 0.500000 0 0 0 0 0.000000 0.000000 0.000000 0.000000
-24.231598 -3.810003 7.772398 -1.000000 -0.000000 -0.000000 -0.000000 0.000000 1.000000 3.187500 1.250000 0 0 0 0 0.000000 0.000000 0.000000 0.000000
-24.231598 -4.191003 7.696198 -1.000000 -0.000000 0.000018 0.000018 -0.000000 1.000000 3.156250 1.375000 0 0 0 0 0.000000 0.000000 0.000000 0.000000
-24.231598 -4.267203 7.772398 -1.000000 -0.000000 0.000018 0.000018 -0.000000 1.000000 3.187500 1.400000 0 0 0 0 0.000000 0.000000 0.000000 0.000000
-24.231598 -4.572003 7.772398 -1.000000 -0.000000 0.000018 0.000018 0.000000 1.000000 3.187500 1.500000 0 0 0 0 0.000000 0.000000 0.000000 0.000000
-24.231598 -4.572003 7.696198 -1.000000 -0.000000 0.000018 0.000018 -0.000000 1.000000 3.156250 1.500000 0 0 0 0 0.000000 0.000000 0.000000 0.000000
-24.231598 -1.524003 7.696198 -1.000000 -0.000000 0.000008 -0.000000 1.000000 0.000000 3.156250 0.500000 0 0 0 0 0.000000 0.000000 0.000000 0.000000
-24.231598 -3.886203 7.696198 -1.000000 -0.000000 0.000008 -0.000000 1.000000 0.000000 3.156250 1.275000 0 0 0 0 0.000000 0.000000 0.000000 0.000000
-24.231598 -4.191003 7.696198 -1.000000 -0.000000 0.000008 -0.000000 1.000000 0.000000 3.156250 1.375000 0 0 0 0 0.000000 0.000000 0.000000 0.000000
-24.231598 -4.572003 7.696198 -1.000000 -0.000000 0.000008 -0.000000 1.000000 0.000000 3.156250 1.500000 0 0 0 0 0.000000 0.000000 0.000000 0.000000
-24.231598 -4.572003 7.315197 -1.000000 -0.000000 0.000008 0.000008 0.000000 1.000000 3.000000 1.500000 0 0 0 0 0.000000 0.000000 0.000000 0.000000
-24.231598 -1.828803 7.315197 -1.000000 -0.000000 0.000008 0.000005 -0.000001 1.000000 3.000000 0.600000 0 0 0 0 0.000000 0.000000 0.000000 0.000000
-24.231598 -1.524003 7.315197 -1.000000 -0.000000 0.000008 0.000005 -0.000000 1.000000 3.000000 0.500000 0 0 0 0 0.000000 0.000000 0.000000 0.000000
-24.231598 -1.828803 7.315197 0.000000 0.000000 -1.000000 1.000000 0.000000 0.000000 -9.937500 0.600000 0 0 0 0 0.000000 0.000000 0.000000 0.000000
-24.231598 -4.572003 7.315197 0.000000 0.000000 -1.000000 1.000000 0.000000 0.000000 -9.937500 1.500000 0 0 0 0 0.000000 0.000000 0.000000 0.000000
-23.012400 -4.572003 7.315197 0.000000 0.000000 -1.000000 1.000000 0.000000 0.000000 -9.437500 1.500000 0 0 0 0 0.000000 0.000000 0.000000 0.000000
-23.012400 -3.352803 7.315197 0.000000 0.000000 -1.000000 1.000000 0.000001 0.000000 -9.437500 1.100000 0 0 0 0 0.000000 0.000000 0.000000 0.000000
-23.012400 -1.828803 7.315197 0.000000 0.000000 -1.000000 1.000000 0.000000 0.000000 -9.437500 0.600000 0 0 0 0 0.000000 0.000000 0.000000 0.000000
-13.487401 -3.962403 10.667997 -0.000000 -0.000000 1.000000 1.000000 -0.000000 0.000000 -5.531250 1.300000 0 0 0 0 0.000000 0.000000 0.000000 0.000000
-13.487401 -4.114803 10.667997 -0.000000 -0.000000 1.000000 1.000000 -0.000000 0.000000 -5.531250 1.350000 0 0 0 0 0.000000 0.000000 0.000000 0.000000
-13.868402 -4.114803 10.667997 -0.000000 -0.000000 1.000000 1.000000 -0.000000 0.000000 -5.687500 1.350000 0 0 0 0 0.000000 0.000000 0.000000 0.000000
-13.868402 -3.962403 10.667997 -0.000000 -0.000000 1.000000 1.000000 -0.000000 0.000000 -5.687500 1.300000 0 0 0 0 0.000000 0.000000 0.000000 0.000000
-10.629901 -3.962403 11.125197 0.000000 -1.000000 -0.000000 1.000000 0.000000 -0.000000 -4.359375 -3.650000 0 0 0 0 0.000000 0.000000 0.000000 0.000000
-12.710162 -3.962403 11.125197 0.000000 -1.000000 -0.000000 1.000000 0.000000 -0.000000 -5.212501 -3.650000 0 0 0 0 0.000000 0.000000 0.000000 0.000000
-12.725401 -3.962403 11.125197 0.000000 -1.000000 -0.000000 1.000000 0.000000 -0.000000 -5.218750 -3.650000 0 0 0 0 0.000000 0.000000 0.000000 0.000000
-12.725401 -3.962403 11.277597 0.000000 -1.000000 -0.000000 1.000000 0.000000 -0.000000 -5.218750 -3.700000 0 0 0 0 0.000000 0.000000 0.000000 0.000000
-11.430001 -2.209803 11.277598 -0.000000 -0.000000 1.000000 1.000000 0.000000 0.000000 -4.687500 0.725000 0 0 0 0 0.000000 0.000000 0.000000 0.000000
-11.430001 -2.743203 11.277598 -0.000000 -0.000000 1.000000 1.000000 0.000000 0.000000 -4.687500 0.900000 0 0 0 0 0.000000 0.000000 0.000000 0.000000
-12.725401 -2.743203 11.277598 -0.000000 -0.000000 1.000000 1.000000 0.000000 0.000000 -5.218750 0.900000 0 0 0 0 0.000000 0.000000 0.000000 0.000000
-13.792201 -2.743203 11.277598 -0.000000 -0.000000 1.000000 1.000000 -0.000000 0.000000 -5.656250 0.900000 0 0 0 0 0.000000 0.000000 0.000000 0.000000
-15.697201 -2.743203 11.277598 -0.000000 -0.000000 1.000000 1.000000 0.000000 0.000000 -6.437500 0.900000 0 0 0 0 0.000000 0.000000 0.000000 0.000000
-15.697201 -2.209803 11.277598 -0.000000 -0.000000 1.000000 1.000000 0.000000 0.000000 -6.437500 0.725000 0 0 0 0 0.000000 0.000000 0.000000 0.000000
-12.725401 -3.962403 11.277597 -0.000000 0.000000 1.000000 1.000000 0.000000 0.000000 -5.218750 1.300000 0 0 0 0 0.000000 0.000000 0.000000 0.000000
-13.487401 -4.114803 10.210798 0.000000 -1.000000 -0.000000 1.000000 0.000000 0.000000 -5.531250 -3.350000 0 0 0 0 0.000000 0.000000 0.000000 0.000000
-13.868402 -4.114803 10.210798 0.000000 -1.000000 -0.000000 1.000000 0.000000 0.000000 -5.687500 -3.350000 0 0 0 0 0.000000 0.000000 0.000000 0.000000
-13.868402 -4.114803 10.667997 0.000000 -1.000000 -0.000000 1.000000 0.000000 0.000000 -5.687500 -3.500000 0 0 0 0 0.000000 0.000000 0.000000 0.000000
-13.487401 -4.114803 10.667997 0.000000 -1.000000 -0.000000 1.000000 0.000000 0.000000 -5.531250 -3.500000 0 0 0 0 0.000000 0.000000 0.000000 0.000000
-20.726400 0.914396 11.582398 0.000000 -1.000000 -0.000000 1.000000 0.000000 0.000001 -8.500000 -3.800000 0 0 0 0 0.000000 0.000000 0.000000 0.000000
-20.726400 0.914397 9.296398 0.000000 -1.000000 -0.000000 1.000000 0.000000 -0.000000 -8.500000 -3.050000 0 0 0 0 0.000000 0.000000 0.000000 0.000000
-21.945601 0.914396 9.296398 0.000000 -1.000000 -0.000000 1.000000 0.000000 0.000000 -9.000000 -3.050000 0 0 0 0 0.000000 0.000000 0.000000 0.000000
-21.945601 0.914396 11.582397 0.000000 -1.000000 -0.000000 1.000000 0.000000 0.000001 -9.000000 -3.800000 0 0 0 0 0.000000 0.000000 0.000000 0.000000
-20.726400 0.914397 8.991598 0.000000 -1.000000 -0.000000 1.000000 0.000000 -0.000000 -8.500000 -2.950000 0 0 0 0 0.000000 0.000000 0.000000 0.000000
-20.726400 0.914397 7.315197 0.000000 -1.000000 -0.000000 1.000000 0.000000 -0.000000 -8.500000 -2.400000 0 0 0 0 0.000000 0.000000 0.000000 0.000000
-21.945601 0.914397 7.315197 0.000000 -1.000000 -0.000000 1.000000 0.000000 -0.000000 -9.000000 -2.400000 0 0 0 0 0.000000 0.000000 0.000000 0.000000
-21.945601 0.914397 8.077198 0.000000 -1.000000 -0.000000 1.000000 0.000000 0.000000 -9.000000 -2.650000 0 0 0 0 0.000000 0.000000 0.000000 0.000000
-21.945601 0.914397 8.991598 0.000000 -1.000000 -0.000000 1.000000 0.000000 0.000000 -9.000000 -2.950000 0 0 0 0 0.000000 0.000000 0.000000 0.000000
-19.202400 0.914397 7.315197 0.000000 -1.000000 -0.000000 1.000000 0.000000 0.000000 -7.875000 -2.400000 0 0 0 0 0.000000 0.000000 0.000000 0.000000
-19.202400 0.914396 11.582398 0.000000 -1.000000 -0.000000 1.000000 0.000000 0.000000 -7.875000 -3.800000 0 0 0 0 0.000000 0.000000 0.000000 0.000000
-23.012400 0.914397 7.315197 0.000000 -1.000000 -0.000000 1.000000 0.000000 0.000000 -9.437500 -2.400000 0 0 0 0 0.000000 0.000000 0.000000 0.000000
-23.012400 0.914397 8.077198 0.000000 -1.000000 -0.000000 1.000000 0.000000 0.000000 -9.437500 -2.650000 0 0 0 0 0.000000 0.000000 0.000000 0.000000
-21.945601 0.914397 8.077198 0.000000 -1.000000 -0.000000 1.000000 0.000000 0.000000 -9.000000 -2.650000 0 0 0 0 0.000000 0.000000 0.000000 0.000000
-23.012400 0.914397 8.077198 0.000000 -1.000000 -0.000000 1.000000 0.000000 0.000000 -9.437500 -2.650000 0 0 0 0 0.000000 0.000000 0.000000 0.000000
-23.164799 0.914397 8.077198 0.000000 -1.000000 -0.000000 1.000000 0.000000 0.000000 -9.500000 -2.650000 0 0 0 0 0.000000 0.000000 0.000000 0.000000
-23.164799 0.914396 11.582397 0.000000 -1.000000 -0.000000 1.000000 0.000000 0.000000 -9.500000 -3.800000 0 0 0 0 0.000000 0.000000 0.000000 0.000000
-21.945601 0.914396 9.296398 0.000000 -1.000000 -0.000000 -0.000000 -0.000000 1.000000 -9.000000 -3.050000 0 0 0 0 0.000000 0.000000 0.000000 0.000000
-21.945601 0.914397 8.991598 0.000000 -1.000000 -0.000000 -0.000000 -0.000000 1.000000 -9.000000 -2.950000 0 0 0 0 0.000000 0.000000 0.000000 0.000000
-23.164799 -3.352803 8.077197 -0.000000 -0.000000 1.000000 1.000000 -0.000000 0.000000 -9.500000 1.100000 0 0 0 0 0.000000 0.000000 0.000000 0.000000
-23.012400 -3.352803 8.077197 -0.000000 -0.000000 1.000000 1.000000 -0.000000 0.000000 -9.437500 1.100000 0 0 0 0 0.000000 0.000000 0.000000 0.000000
-23.012400 -4.572003 8.077197 -0.000000 -0.000000 1.000000 1.000000 -0.000000 0.000000 -9.437500 1.500000 0 0 0 0 0.000000 0.000000 0.000000 0.000000
-23.164799 -4.572003 8.077197 -0.000000 -0.000000 1.000000 1.000000 -0.000000 0.000000 -9.500000 1.500000 0 0 0 0 0.000000 0.000000 0.000000 0.000000
-23.164799 -3.352803 8.077197 -0.000000 -0.000000 1.000000 0.000000 -1.000000 -0.000000 -9.500000 1.100000 0 0 0 0 0.000000 0.000000 0.000000 0.000000
-23.164799 -1.524003 8.077198 -0.000000 -0.000000 1.000000 0.000000 -1.000000 -0.000000 -9.500000 0.500000 0 0 0 0 0.000000 0.000000 0.000000 0.000000
-23.164799 0.914397 8.077198 -0.000000 -0.000000 1.000000 0.000000 -1.000000 -0.000000 -9.500000 -0.300000 0 0 0 0 0.000000 0.000000 0.000000 0.000000
-23.012400 0.914397 8.077198 -0.000000 -0.000000 1.000000 1.000000 -0.000000 0.000000 -9.437500 -0.300000 0 0 0 0 0.000000 0.000000 0.000000 0.000000
-23.164799 0.914396 11.582397 0.000000 0.000000 -1.000000 1.000000 0.000000 0.000000 -9.500000 -0.300000 0 0 0 0 0.000000 0.000000 0.000000 0.000000
-23.164799 -1.524004 11.582397 0.000000 0.000000 -1.000000 1.000000 0.000000 0.000000 -9.500000 0.500000 0 0 0 0 0.000000 0.000000 0.000000 0.000000
-19.202400 -1.524004 11.582398 0.000000 0.000000 -1.000000 1.000000 0.000000 0.000000 -7.875000 0.500000 0 0 0 0 0.000000 0.000000 0.000000 0.000000
-19.202400 0.914396 11.582398 0.000000 0.000000 -1.000000 1.000000 0.000000 0.000000 -7.875000 -0.300000 0 0 0 0 0.000000 0.000000 0.000000 0.000000
-20.726400 0.914396 11.582398 0.000000 0.000000 -1.000000 1.000000 0.000000 0.000000 -8.500000 -0.300000 0 0 0 0 0.000000 0.000000 0.000000 0.000000
-21.945601 0.914396 11.582397 0.000000 0.000000 -1.000000 1.000000 0.000000 0.000000 -9.000000 -0.300000 0 0 0 0 0.000000 0.000000 0.000000 0.000000
-23.012400 -3.352803 7.315197 1.000000 0.000000 0.000000 -0.000000 -0.000000 1.000000 3.000000 1.100000 0 0 0 0 0.000000 0.000000 0.000000 0.000000
-23.012400 -4.572003 7.315197 1.000000 0.000000 0.000000 -0.000000 -0.000000 1.000000 3.000000 1.500000 0 0 0 0 0.000000 0.000000 0.000000 0.000000
-23.012400 -4.572003 8.077197 1.000000 0.000000 0.000000 -0.000000 -0.000000 1.000000 3.312500 1.500000 0 0 0 0 0.000000 0.000000 0.000000 0.000000
-23.012400 -3.352803 8.077197 1.000000 0.000000 0.000000 -0.000000 -0.000000 1.000000 3.312500 1.100000 0 0 0 0 0.000000 0.000000 0.000000 0.000000
-23.012400 0.914397 7.315197 1.000000 0.000000 0.000000 -0.000000 1.000000 0.000000 3.000000 -0.300000 0 0 0 0 0.000000 0.000000 0.000000 0.000000
-23.012400 -1.828803 7.315197 1.000000 0.000000 0.000000 -0.000000 1.000000 0.000000 3.000000 0.600000 0 0 0 0 0.000000 0.000000 0.000000 0.000000
-23.012400 -3.352803 7.315197 1.000000 0.000000 0.000000 -0.000000 1.000000 0.000000 3.000000 1.100000 0 0 0 0 0.000000 0.000000 0.000000 0.000000
-23.012400 0.914397 8.077198 1.000000 0.000000 0.000000 -0.000000 -0.000000 1.000000 3.312500 -0.300000 0 0 0 0 0.000000 0.000000 0.000000 0.000000
-17.373600 0.914399 -3.543302 -1.000000 -0.000000 -0.000000 -0.000000 -0.000000 1.000000 -1.453125 -0.300000 0 0 0 0 0.000000 0.000000 0.000000 0.000000
-17.373600 0.914399 -2.438401 -1.000000 -0.000000 -0.000000 -0.000000 -0.000000 1.000000 -1.000000 -0.300000 0 0 0 0 0.000000 0.000000 0.000000 0.000000
-17.373600 0.914399 -1.871473 -1.000000 -0.000000 -0.000000 -0.000000 -0.000000 1.000000 -0.767500 -0.300000 0 0 0 0 0.000000 0.000000 0.000000 0.000000
-17.373600 0.914399 -1.219201 -1.000000 -0.000000 -0.000000 -0.000000 -0.000000 1.000000 -0.500000 -0.300000 0 0 0 0 0.000000 0.000000 0.000000 0.000000
-17.373600 -1.524001 -1.219202 -1.000000 -0.000000 -0.000000 -0.000000 -0.000000 1.000000 -0.500000 0.500000 0 0 0 0 0.000000 0.000000 0.000000 0.000000
-17.373600 -1.524001 -1.524002 -1.000000 -0.000000 -0.000000 -0.000000 -0.000001 1.000000 -0.625000 0.500000 0 0 0 0 0.000000 0.000000 0.000000 0.000000
-17.373600 -1.524001 -3.543302 -1.000000 -0.000000 -0.000000 -0.000000 -0.000000 1.000000 -1.453125 0.500000 0 0 0 0 0.000000 0.000000 0.000000 0.000000
-17.373600 -4.572001 -1.524002 -1.000000 -0.000000 -0.000000 -0.000000 -0.000000 1.000000 -0.625000 1.500000 0 0 0 0 0.000000 0.000000 0.000000 0.000000
-17.373600 -4.114801 -1.524002 -1.000000 -0.000000 -0.000000 -0.000000 -0.000000 1.000000 -0.625000 1.350000 0 0 0 0 0.000000 0.000000 0.000000 0.000000
-17.373600 -4.114801 -1.219202 -1.000000 -0.000000 -0.000000 -0.000000 -0.000000 1.000000 -0.500000 1.350000 0 0 0 0 0.000000 0.000000 0.000000 0.000000
-17.373600 -4.572001 -1.219202 -1.000000 -0.000000 -0.000000 -0.000000 -0.000000 1.000000 -0.500000 1.500000 0 0 0 0 0.000000 0.000000 0.000000 0.000000
-14.630399 -4.114801 -1.219202 1.000000 0.000000 0.000000 -0.000000 -0.000000 1.000000 -0.500000 1.350000 0 0 0 0 0.000000 0.000000 0.000000 0.000000
-14.630399 -1.524001 -1.219201 1.000000 0.000000 0.000000 -0.000000 -0.000000 1.000000 -0.500000 0.500000 0 0 0 0 0.000000 0.000000 0.000000 0.000000
-14.630399 -1.524001 -1.371602 1.000000 0.000000 0.000000 -0.000000 -0.000000 1.000000 -0.562500 0.500000 0 0 0 0 0.000000 0.000000 0.000000 0.000000
-14.630399 -1.524001 -1.524002 1.000000 0.000000 0.000000 -0.000000 -0.000000 1.000000 -0.625000 0.500000 0 0 0 0 0.000000 0.000000 0.000000 0.000000
-14.630399 -4.114801 -1.524002 1.000000 0.000000 0.000000 -0.000000 -0.000001 1.000000 -0.625000 1.350000 0 0 0 0 0.000000 0.000000 0.000000 0.000000
-14.630399 -1.524001 -3.543302 1.000000 0.000000 0.000001 -0.000000 -0.000000 1.000000 -1.453125 0.500000 0 0 0 0 0.000000 0.000000 0.000000 0.000000
-14.630399 -1.524001 -2.286001 1.000000 0.000000 0.000001 -0.000000 -0.000000 1.000000 -0.937500 0.500000 0 0 0 0 0.000000 0.000000 0.000000 0.000000
-14.630399 0.457199 -2.286001 1.000000 0.000000 0.000001 -0.000000 -0.000000 1.000000 -0.937500 -0.150000 0 0 0 0 0.000000 0.000000 0.000000 0.000000
-14.630399 1.371599 -2.286001 1.000000 0.000000 0.000001 -0.000001 0.000000 1.000000 -0.937500 -0.450000 0 0 0 0 0.000000 0.000000 0.000000 0.000000
-14.630399 1.371599 -3.543301 1.000000 0.000000 0.000001 -0.000000 -0.000000 1.000000 -1.453125 -0.450000 0 0 0 0 0.000000 0.000000 0.000000 0.000000
-14.630399 1.371599 -1.371601 1.000000 0.000000 0.000000 -0.000000 1.000000 0.000000 -0.562500 -0.450000 0 0 0 0 0.000000 0.000000 0.000000 0.000000
-14.630399 0.457199 -1.371601 1.000000 0.000000 0.000000 -0.000000 1.000000 0.000000 -0.562500 -0.150000 0 0 0 0 0.000000 0.000000 0.000000 0.000000
-14.630399 -1.524001 -1.371602 1.000000 0.000000 0.000000 -0.000000 1.000000 0.000000 -0.562500 0.500000 0 0 0 0 0.000000 0.000000 0.000000 0.000000
-14.630399 -1.066801 -1.219201 1.000000 0.000000 0.000000 -0.000000 0.000007 1.000000 -0.500000 0.350000 0 0 0 0 0.000000 0.000000 0.000000 0.000000
-14.630399 1.371599 -1.219201 1.000000 0.000000 0.000000 -0.000000 -0.000000 1.000000 -0.500000 -0.450000 0 0 0 0 0.000000 0.000000 0.000000 0.000000
-14.630399 0.457199 -1.371601 1.000000 0.000000 0.000000 -0.000000 -0.000000 1.000000 -0.562500 -0.150000 0 0 0 0 0.000000 0.000000 0.000000 0.000000
-15.087600 -1.524001 -1.524002 0.000000 -1.000000 -0.000000 1.000000 0.000000 0.000000 -6.187500 0.500000 0 0 0 0 0.000000 0.000000 0.000000 0.000000
-17.373600 -1.524001 -1.524002 0.000000 -1.000000 -0.000000 1.000000 0.000000 0.000000 -7.125000 0.500000 0 0 0 0 0.000000 0.000000 0.000000 0.000000
-17.373600 -1.524001 -1.219202 0.000000 -1.000000 -0.000000 1.000000 0.000000 0.000000 -7.125000 0.400000 0 0 0 0 0.000000 0.000000 0.000000 0.000000
-17.221201 -1.524001 -1.219202 0.000000 -1.000000 -0.000000 1.000000 0.000000 0.000000 -7.062500 0.400000 0 0 0 0 0.000000 0.000000 0.000000 0.000000
-16.021049 -1.524001 -1.219202 0.000000 -1.000000 -0.000000 1.000000 0.000000 0.000000 -6.570312 0.400000 0 0 0 0 0.000000 0.000000 0.000000 0.000000
-15.087600 -1.524001 -1.219201 0.000000 -1.000000 -0.000000 1.000000 0.000000 0.000000 -6.187500 0.400000 0 0 0 0 0.000000 0.000000 0.000000 0.000000
-14.630399 -1.524001 -1.524002 0.000000 -1.000000 -0.000000 1.000000 0.000000 0.000000 -6.000000 0.500000 0 0 0 0 0.000000 0.000000 0.000000 0.000000
-14.630399 -1.524001 -2.286001 0.000000 -1.000000 -0.000000 1.000000 0.000000 0.000000 -6.000000 0.750000 0 0 0 0 0.000000 0.000000 0.000000 0.000000
-14.630399 -1.524001 -3.543302 0.000000 -1.000000 -0.000000 1.000000 0.000000 0.000000 -6.000000 1.162500 0 0 0 0 0.000000 0.000000 0.000000 0.000000
-17.373600 -1.524001 -3.543302 0.000000 -1.000000 -0.000000 1.000000 0.000000 0.000000 -7.125000 1.162500 0 0 0 0 0.000000 0.000000 0.000000 0.000000
-15.087600 -4.114801 -1.524002 -1.000000 -0.000000 -0.000003 -0.000003 -0.000000 1.000000 -0.625000 1.350000 0 0 0 0 0.000000 0.000000 0.000000 0.000000
-15.087600 -1.524001 -1.524002 -1.000000 -0.000000 -0.000003 -0.000003 -0.000000 1.000000 -0.625000 0.500000 0 0 0 0 0.000000 0.000000 0.000000 0.000000
-15.087600 -1.524001 -1.219201 -1.000000 -0.000000 -0.000003 -0.000003 -0.000000 1.000000 -0.500000 0.500000 0 0 0 0 0.000000 0.000000 0.000000 0.000000
-15.087600 -2.514601 -1.219202 -1.000000 -0.000000 -0.000003 -0.000003 -0.000000 1.000000 -0.500000 0.825000 0 0 0 0 0.000000 0.000000 0.000000 0.000000
-15.087600 -4.114801 -1.219202 -1.000000 -0.000000 -0.000003 -0.000003 -0.000000 1.000000 -0.500000 1.350000 0 0 0 0 0.000000 0.000000 0.000000 0.000000
-14.630399 -4.114801 -1.524002 0.000000 0.000000 -1.000000 1.000000 0.000000 0.000000 -6.000000 1.350000 0 0 0 0 0.000000 0.000000 0.000000 0.000000
-14.630399 -1.524001 -1.524002 0.000000 0.000000 -1.000000 1.000000 0.000000 0.000000 -6.000000 0.500000 0 0 0 0 0.000000 0.000000 0.000000 0.000000
-15.087600 -1.524001 -1.524002 0.000000 0.000000 -1.000000 1.000000 0.000000 0.000000 -6.187500 0.500000 0 0 0 0 0.000000 0.000000 0.000000 0.000000
-15.087600 -4.114801 -1.524002 0.000000 0.000000 -1.000000 1.000000 0.000000 0.000000 -6.187500 1.350000 0 0 0 0 0.000000 0.000000 0.000000 0.000000
-15.087600 -4.191001 -1.524002 0.000000 0.000000 -1.000000 1.000000 0.000000 0.000000 -6.187500 1.375000 0 0 0 0 0.000000 0.000000 0.000000 0.000000
-15.087600 -4.114801 -1.219202 -0.000000 1.000000 0.000000 1.000000 0.000000 0.000000 -6.187500 0.400000 0 0 0 0 0.000000 0.000000 0.000000 0.000000
-17.221201 -4.114801 -1.219202 -0.000000 1.000000 0.000000 1.000000 0.000000 0.000000 -7.062500 0.400000 0 0 0 0 0.000000 0.000000 0.000000 0.000000
-17.373600 -4.114801 -1.219202 -0.000000 1.000000 0.000000 1.000000 0.000000 0.000000 -7.125000 0.400000 0 0 0 0 0.000000 0.000000 0.000000 0.000000
-17.373600 -4.114801 -1.524002 -0.000000 1.000000 0.000000 1.000000 0.000000 0.000000 -7.125000 0.500000 0 0 0 0 0.000000 0.000000 0.000000 0.000000
-15.087600 -4.114801 -1.524002 -0.000000 1.000000 0.000000 1.000000 0.000000 0.000000 -6.187500 0.500000 0 0 0 0 0.000000 0.000000 0.000000 0.000000
-17.373600 -4.114801 -1.524002 0.000000 0.000000 -1.000000 1.000000 -0.000000 0.000000 -7.125000 1.350000 0 0 0 0 0.000000 0.000000 0.000000 0.000000
-17.373600 -4.572001 -1.524002 0.000000 0.000000 -1.000000 1.000000 0.000000 0.000000 -7.125000 1.500000 0 0 0 0 0.000000 0.000000 0.000000 0.000000
-23.012400 -3.352803 4.114797 1.000000 0.000000 0.000000 -0.000000 -0.000000 1.000000 1.687500 1.100000 0 0 0 0 0.000000 0.000000 0.000000 0.000000
-23.012400 -4.572003 4.114797 1.000000 0.000000 0.000000 -0.000000 -0.000000 1.000000 1.687500 1.500000 0 0 0 0 0.000000 0.000000 0.000000 0.000000
-23.012400 -4.572003 4.876797 1.000000 0.000000 0.000000 -0.000000 -0.000000 1.000000 2.000000 1.500000 0 0 0 0 0.000000 0.000000 0.000000 0.000000
-23.012400 -3.352803 4.876797 1.000000 0.000000 0.000000 -0.000000 -0.000000 1.000000 2.000000 1.100000 0 0 0 0 0.000000 0.000000 0.000000 0.000000
-23.012400 0.914397 4.114798 1.000000 0.000000 0.000000 -0.000000 -0.000000 1.000000 1.687500 -0.300000 0 0 0 0 0.000000 0.000000 0.000000 0.000000
-23.012400 -1.828803 4.876797 1.000000 0.000000 0.000000 -0.000000 -0.000000 1.000000 2.000000 0.600000 0 0 0 0 0.000000 0.000000 0.000000 0.000000
-23.012400 0.914397 4.876798 1.000000 0.000000 0.000000 -0.000000 -0.000000 1.000000 2.000000 -0.300000 0 0 0 0 0.000000 0.000000 0.000000 0.000000
-23.012400 -1.828803 7.315197 1.000000 0.000000 0.000000 -0.000000 -0.000000 1.000000 3.000000 0.600000 0 0 0 0 0.000000 0.000000 0.000000 0.000000
-23.012400 0.914397 7.315197 1.000000 0.000000 0.000000 -0.000000 -0.000000 1.000000 3.000000 -0.300000 0 0 0 0 0.000000 0.000000 0.000000 0.000000
-17.373600 0.914399 -3.543302 0.000000 -1.000000 -0.000000 1.000000 0.000000 0.000000 -7.125000 1.162500 0 0 0 0 0.000000 0.000000 0.000000 0.000000
-18.897600 0.914399 -3.543302 0.000000 -1.000000 -0.000000 1.000000 0.000000 0.000000 -7.750000 1.162500 0 0 0 0 0.000000 0.000000 0.000000 0.000000
-21.945601 0.914399 -3.543302 0.000000 -1.000000 -0.000000 1.000000 0.000000 0.000000 -9.000000 1.162500 0 0 0 0 0.000000 0.000000 0.000000 0.000000
-21.945601 0.914398 -2.438402 0.000000 -1.000000 -0.000000 1.000000 0.000000 0.000000 -9.000000 0.800000 0 0 0 0 0.000000 0.000000 0.000000 0.000000
-20.726400 0.914398 -2.438402 0.000000 -1.000000 -0.000000 1.000000 0.000000 0.000000 -8.500000 0.800000 0 0 0 0 0.000000 0.000000 0.000000 0.000000
-18.417349 0.914399 -2.438401 0.000000 -1.000000 -0.000000 1.000000 0.000000 0.000000 -7.553047 0.800000 0 0 0 0 0.000000 0.000000 0.000000 0.000000
-17.373600 0.914399 -2.438401 0.000000 -1.000000 -0.000000 1.000000 0.000000 -0.000000 -7.125000 0.800000 0 0 0 0 0.000000 0.000000 0.000000 0.000000
-20.726400 0.914398 -1.676402 0.000000 -1.000000 -0.000000 1.000000 0.000000 0.000000 -8.500000 0.550000 0 0 0 0 0.000000 0.000000 0.000000 0.000000
-21.945601 0.914398 -1.676402 0.000000 -1.000000 -0.000000 1.000000 0.000000 0.000001 -9.000000 0.550000 0 0 0 0 0.000000 0.000000 0.000000 0.000000
-20.726400 0.914398 0.457198 0.000000 -1.000000 -0.000000 1.000000 0.000000 0.000000 -8.500000 -0.150000 0 0 0 0 0.000000 0.000000 0.000000 0.000000
-20.726400 0.914398 -1.371602 0.000000 -1.000000 -0.000000 1.000000 0.000000 0.000000 -8.500000 0.450000 0 0 0 0 0.000000 0.000000 0.000000 0.000000
-21.945601 0.914398 -1.371602 0.000000 -1.000000 -0.000000 1.000000 0.000000 -0.000001 -9.000000 0.450000 0 0 0 0 0.000000 0.000000 0.000000 0.000000
-21.945601 0.914398 -1.219202 0.000000 -1.000000 -0.000000 1.000000 0.000000 0.000000 -9.000000 0.400000 0 0 0 0 0.000000 0.000000 0.000000 0.000000
-21.945601 0.914398 0.457198 0.000000 -1.000000 -0.000000 1.000000 0.000000 0.000000 -9.000000 -0.150000 0 0 0 0 0.000000 0.000000 0.000000 0.000000
-20.726400 0.914397 7.162798 0.000000 -1.000000 -0.000000 1.000000 0.000000 -0.000000 -8.500000 -2.350000 0 0 0 0 0.000000 0.000000 0.000000 0.000000
-21.945601 0.914397 7.162798 0.000000 -1.000000 -0.000000 1.000000 0.000000 0.000011 -9.000000 -2.350000 0 0 0 0 0.000000 0.000000 0.000000 0.000000
-20.726400 0.914397 6.857998 0.000000 -1.000000 -0.000000 1.000000 0.000000 -0.000000 -8.500000 -2.250000 0 0 0 0 0.000000 0.000000 0.000000 0.000000
-20.726400 0.914397 5.029198 0.000000 -1.000000 -0.000000 1.000000 0.000000 0.000000 -8.500000 -1.650000 0 0 0 0 0.000000 0.000000 0.000000 0.000000
-21.945601 0.914397 5.029198 0.000000 -1.000000 -0.000000 1.000000 0.000000 -0.000000 -9.000000 -1.650000 0 0 0 0 0.000000 0.000000 0.000000 0.000000
-21.945601 0.914397 6.857998 0.000000 -1.000000 -0.000000 1.000000 0.000000 0.000000 -9.000000 -2.250000 0 0 0 0 0.000000 0.000000 0.000000 0.000000
-20.726400 0.914397 4.724398 0.000000 -1.000000 -0.000000 -0.000000 -0.000000 1.000000 -8.500000 -1.550000 0 0 0 0 0.000000 0.000000 0.000000 0.000000
-20.726400 0.914398 3.047998 0.000000 -1.000000 -0.000000 -0.000000 -0.000000 1.000000 -8.500000 -1.000000 0 0 0 0 0.000000 0.000000 0.000000 0.000000
-20.726400 0.914398 2.895598 0.000000 -1.000000 -0.000000 -0.000000 -0.000000 1.000000 -8.500000 -0.950000 0 0 0 0 0.000000 0.000000 0.000000 0.000000
-21.945601 0.914398 2.895598 0.000000 -1.000000 -0.000000 1.000000 0.000000 -0.000008 -9.000000 -0.950000 0 0 0 0 0.000000 0.000000 0.000000 0.000000
-21.945601 0.914397 3.047998 0.000000 -1.000000 -0.000000 1.000000 0.000000 -0.000001 -9.000000 -1.000000 0 0 0 0 0.000000 0.000000 0.000000 0.000000
-21.945601 0.914397 4.724398 0.000000 -1.000000 -0.000000 1.000000 0.000000 0.000001 -9.000000 -1.550000 0 0 0 0 0.000000 0.000000 0.000000 0.000000
-19.202400 0.914398 3.047998 0.000000 -1.000000 -0.000000 1.000000 0.000000 0.000000 -7.875000 -1.000000 0 0 0 0 0.000000 0.000000 0.000000 0.000000
-19.202400 0.914398 0.761998 0.000000 -1.000000 -0.000000 1.000000 0.000000 0.000000 -7.875000 -0.250000 0 0 0 0 0.000000 0.000000 0.000000 0.000000
-20.726400 0.914398 0.761998 0.000000 -1.000000 -0.000000 1.000000 0.000000 -0.000000 -8.500000 -0.250000 0 0 0 0 0.000000 0.000000 0.000000 0.000000
-20.726400 0.914398 2.590798 0.000000 -1.000000 -0.000000 1.000000 0.000000 0.000000 -8.500000 -0.850000 0 0 0 0 0.000000 0.000000 0.000000 0.000000
-20.726400 0.914398 2.895598 0.000000 -1.000000 -0.000000 1.000000 0.000000 0.000000 -8.500000 -0.950000 0 0 0 0 0.000000 0.000000 0.000000 0.000000
-20.726400 0.914398 3.047998 0.000000 -1.000000 -0.000000 1.000000 0.000000 0.000000 -8.500000 -1.000000 0 0 0 0 0.000000 0.000000 0.000000 0.000000
-19.202400 0.914397 7.315197 0.000000 -1.000000 -0.000000 -0.000000 -0.000000 1.000000 -7.875000 -2.400000 0 0 0 0 0.000000 0.000000 0.000000 0.000000
-19.202400 0.914397 5.029198 0.000000 -1.000000 -0.000000 -0.000000 -0.000000 1.000000 -7.875000 -1.650000 0 0 0 0 0.000000 0.000000 0.000000 0.000000
-19.202400 0.914398 3.047998 0.000000 -1.000000 -0.000000 -0.000000 -0.000000 1.000000 -7.875000 -1.000000 0 0 0 0 0.000000 0.000000 0.000000 0.000000
-20.726400 0.914397 4.724398 0.000000 -1.000000 -0.000000 1.000000 0.000000 -0.000000 -8.500000 -1.550000 0 0 0 0 0.000000 0.000000 0.000000 0.000000
-21.945601 0.914398 0.761998 0.000000 -1.000000 -0.000000 1.000000 0.000000 0.000000 -9.000000 -0.250000 0 0 0 0 0.000000 0.000000 0.000000 0.000000
-21.945601 0.914398 2.590798 0.000000 -1.000000 -0.000000 1.000000 0.000000 0.000002 -9.000000 -0.850000 0 0 0 0 0.000000 0.000000 0.000000 0.000000
-17.373600 0.914399 -1.216915 0.000000 -1.000000 -0.000000 1.000000 0.000000 0.000011 -7.125000 0.399250 0 0 0 0 0.000000 0.000000 0.000000 0.000000
-17.373600 0.914399 -1.219201 0.000000 -1.000000 -0.000000 1.000000 0.000000 0.000011 -7.125000 0.400000 0 0 0 0 0.000000 0.000000 0.000000 0.000000
-17.373600 0.914399 -1.871473 0.000000 -1.000000 -0.000000 1.000000 0.000000 -0.000000 -7.125000 0.614000 0 0 0 0 0.000000 0.000000 0.000000 0.000000
-18.249901 0.914398 -0.971551 0.000000 -1.000000 -0.000000 1.000000 0.000000 0.000011 -7.484375 0.318750 0 0 0 0 0.000000 0.000000 0.000000 0.000000
-18.954750 0.914398 -0.247652 -0.000000 -1.000000 -0.000000 1.000000 -0.000000 -0.000000 -7.773438 0.081250 0 0 0 0 0.000000 0.000000 0.000000 0.000000
-23.012400 0.914398 -3.543302 0.000000 -1.000000 -0.000000 1.000000 0.000000 0.000000 -9.437500 1.162500 0 0 0 0 0.000000 0.000000 0.000000 0.000000
-23.012400 0.914398 -1.219202 0.000000 -1.000000 -0.000000 1.000000 0.000000 0.000000 -9.437500 0.400000 0 0 0 0 0.000000 0.000000 0.000000 0.000000
-21.945601 0.914399 -3.543302 0.000000 -1.000000 -0.000000 1.000000 0.000000 0.000000 -9.000000 1.162500 0 0 0 0 0.000000 0.000000 0.000000 0.000000
-23.012400 0.914398 -1.219202 0.000000 -1.000000 -0.000000 -0.000000 0.000000 -1.000000 -9.437500 0.400000 0 0 0 0 0.000000 0.000000 0.000000 0.000000
-23.012400 0.914398 -0.152402 0.000000 -1.000000 -0.000000 -0.000000 0.000000 -1.000000 -9.437500 0.050000 0 0 0 0 0.000000 0.000000 0.000000 0.000000
-23.012400 0.914397 3.047998 0.000000 -1.000000 -0.000000 0.000000 0.000000 -1.000000 -9.437500 -1.000000 0 0 0 0 0.000000 0.000000 0.000000 0.000000
-23.012400 0.914397 4.114798 0.000000 -1.000000 -0.000000 0.000000 0.000000 -1.000000 -9.437500 -1.350000 0 0 0 0 0.000000 0.000000 0.000000 0.000000
-23.012400 0.914397 4.876798 0.000000 -1.000000 -0.000000 0.000000 0.000000 -1.000000 -9.437500 -1.600000 0 0 0 0 0.000000 0.000000 0.000000 0.000000
-23.012400 0.914397 7.315197 0.000000 -1.000000 -0.000000 -0.000000 -0.000000 1.000000 -9.437500 -2.400000 0 0 0 0 0.000000 0.000000 0.000000 0.000000
-23.012400 -3.352803 4.114797 0.000000 0.000000 -1.000000 1.000000 -0.000000 0.000000 -9.437500 1.100000 0 0 0 0 0.000000 0.000000 0.000000 0.000000
-23.164799 -3.352803 4.114797 0.000000 0.000000 -1.000000 1.000000 -0.000000 0.000000 -9.500000 1.100000 0 0 0 0 0.000000 0.000000 0.000000 0.000000
-23.164799 -4.572003 4.114797 0.000000 0.000000 -1.000000 1.000000 -0.000000 0.000000 -9.500000 1.500000 0 0 0 0 0.000000 0.000000 0.000000 0.000000
-23.012400 -4.572003 4.114797 0.000000 0.000000 -1.000000 1.000000 -0.000000 0.000000 -9.437500 1.500000 0 0 0 0 0.000000 0.000000 0.000000 0.000000
-23.012400 0.914397 4.114798 0.000000 0.000000 -1.000000 1.000000 -0.000000 0.000000 -9.437500 -0.300000 0 0 0 0 0.000000 0.000000 0.000000 0.000000
-23.164799 0.914397 4.114798 0.000000 0.000000 -1.000000 1.000000 -0.000000 0.000000 -9.500000 -0.300000 0 0 0 0 0.000000 0.000000 0.000000 0.000000
-23.164799 -1.524003 4.114798 0.000000 0.000000 -1.000000 1.000000 0.000003 0.000000 -9.500000 0.500000 0 0 0 0 0.000000 0.000000 0.000000 0.000000
-24.231598 -1.828803 4.876797 0.000000 -1.000000 -0.000000 1.000000 0.000000 -0.000000 -9.937500 -1.600000 0 0 0 0 0.000000 0.000000 0.000000 0.000000
-24.231598 -1.828803 7.315197 0.000000 -1.000000 -0.000000 1.000000 0.000000 -0.000000 -9.937500 -2.400000 0 0 0 0 0.000000 0.000000 0.000000 0.000000
-23.012400 -1.828803 7.315197 0.000000 -1.000000 -0.000000 1.000000 0.000000 -0.000000 -9.437500 -2.400000 0 0 0 0 0.000000 0.000000 0.000000 0.000000
-23.012400 -1.828803 4.876797 0.000000 -1.000000 -0.000000 1.000000 0.000000 -0.000000 -9.437500 -1.600000 0 0 0 0 0.000000 0.000000 0.000000 0.000000
-24.231598 -4.572003 4.876797 -0.000000 -0.000000 1.000000 1.000000 0.000000 0.000000 -9.937500 1.500000 0 0 0 0 0.000000 0.000000 0.000000 0.000000
-24.231598 -1.828803 4.876797 -0.000000 -0.000000 1.000000 1.000000 0.000000 0.000000 -9.937500 0.600000 0 0 0 0 0.000000 0.000000 0.000000 0.000000
-23.012400 -1.828803 4.876797 -0.000000 -0.000000 1.000000 1.000000 0.000000 0.000000 -9.437500 0.600000 0 0 0 0 0.000000 0.000000 0.000000 0.000000
-23.012400 -3.352803 4.876797 -0.000000 -0.000000 1.000000 1.000000 0.000000 0.000000 -9.437500 1.100000 0 0 0 0 0.000000 0.000000 0.000000 0.000000
-23.012400 -4.572003 4.876797 -0.000000 -0.000000 1.000000 1.000000 0.000000 0.000000 -9.437500 1.500000 0 0 0 0 0.000000 0.000000 0.000000 0.000000
-23.012400 0.914398 -0.152402 0.000000 -1.000000 -0.000000 0.000000 -0.000000 1.000000 -9.437500 0.050000 0 0 0 0 0.000000 0.000000 0.000000 0.000000
-23.012400 0.914398 -1.219202 0.000000 -1.000000 -0.000000 0.000000 -0.000000 1.000000 -9.437500 0.400000 0 0 0 0 0.000000 0.000000 0.000000 0.000000
-23.012400 0.914398 -3.543302 0.000000 -1.000000 -0.000000 0.000000 -0.000000 1.000000 -9.437500 1.162500 0 0 0 0 0.000000 0.000000 0.000000 0.000000
-23.164799 0.914398 -3.543302 0.000000 -1.000000 -0.000000 1.000000 0.000000 0.000000 -9.500000 1.162500 0 0 0 0 0.000000 0.000000 0.000000 0.000000
-23.164799 0.914398 -0.152402 0.000000 -1.000000 -0.000000 1.000000 0.000000 0.000000 -9.500000 0.050000 0 0 0 0 0.000000 0.000000 0.000000 0.000000
-23.012400 0.914397 4.114798 0.000000 -1.000000 -0.000000 0.000000 -0.000000 1.000000 -9.437500 -1.350000 0 0 0 0 0.000000 0.000000 0.000000 0.000000
-23.012400 0.914397 3.047998 0.000000 -1.000000 -0.000000 0.000000 -0.000000 1.000000 -9.437500 -1.000000 0 0 0 0 0.000000 0.000000 0.000000 0.000000
-23.164799 0.914398 0.723898 0.000000 -1.000000 -0.000000 1.000000 0.000000 -0.000000 -9.500000 -0.237500 0 0 0 0 0.000000 0.000000 0.000000 0.000000
-23.164799 0.914397 4.114798 0.000000 -1.000000 -0.000000 1.000000 0.000000 0.000000 -9.500000 -1.350000 0 0 0 0 0.000000 0.000000 0.000000 0.000000
-32.156399 -5.486404 7.315196 0.000000 -0.000000 -1.000000 1.000000 0.000000 0.000000 -13.187500 1.800000 0 0 0 0 0.000000 0.000000 0.000000 0.000000
-32.156399 -2.819404 7.315196 0.000000 -0.000000 -1.000000 1.000000 0.000000 0.000000 -13.187500 0.925000 0 0 0 0 0.000000 0.000000 0.000000 0.000000
-32.613602 -2.819404 7.315196 0.000000 -0.000000 -1.000000 1.000000 0.000000 0.000000 -13.375000 0.925000 0 0 0 0 0.000000 0.000000 0.000000 0.000000
-32.613602 -5.486404 7.315196 0.000000 -0.000000 -1.000000 1.000000 0.000000 0.000000 -13.375000 1.800000 0 0 0 0 0.000000 0.000000 0.000000 0.000000
-32.461201 -5.486404 7.315196 0.000000 -0.000000 -1.000000 -1.000000 -0.000000 -0.000000 -13.312500 1.800000 0 0 0 0 0.000000 0.000000 0.000000 0.000000
-32.156399 -3.886204 7.696196 1.000000 0.000000 0.000000 -0.000000 -0.000000 1.000000 3.156250 1.275000 0 0 0 0 0.000000 0.000000 0.000000 0.000000
-32.156399 -3.810004 7.772396 1.000000 0.000000 0.000000 -0.000000 -0.000000 1.000000 3.187500 1.250000 0 0 0 0 0.000000 0.000000 0.000000 0.000000
-32.156399 -1.524004 7.772397 1.000000 0.000000 0.000000 -0.000000 -0.000000 1.000000 3.187500 0.500000 0 0 0 0 0.000000 0.000000 0.000000 0.000000
-32.156399 -1.524004 7.696197 1.000000 0.000000 0.000000 -0.000000 -0.000000 1.000000 3.156250 0.500000 0 0 0 0 0.000000 0.000000 0.000000 0.000000
-32.156399 -4.191004 7.696196 1.000000 0.000000 0.000000 -0.000000 0.000000 1.000000 3.156250 1.375000 0 0 0 0 0.000000 0.000000 0.000000 0.000000
-32.156399 -5.486404 7.696196 1.000000 0.000000 0.000000 -0.000000 0.000000 1.000000 3.156250 1.800000 0 0 0 0 0.000000 0.000000 0.000000 0.000000
-32.156399 -5.486404 7.772396 1.000000 0.000000 0.000000 -0.000000 -0.000000 1.000000 3.187500 1.800000 0 0 0 0 0.000000 0.000000 0.000000 0.000000
-32.156399 -4.267204 7.772396 1.000000 0.000000 0.000000 -0.000000 0.000000 1.000000 3.187500 1.400000 0 0 0 0 0.000000 0.000000 0.000000 0.000000
-32.156399 -5.486404 7.696196 1.000000 0.000000 -0.000005 0.000000 -1.000000 -0.000000 3.156250 1.800000 0 0 0 0 0.000000 0.000000 0.000000 0.000000
-32.156399 -4.191004 7.696196 1.000000 0.000000 -0.000005 0.000000 -1.000000 -0.000000 3.156250 1.375000 0 0 0 0 0.000000 0.000000 0.000000 0.000000
-32.156399 -3.886204 7.696196 1.000000 0.000000 -0.000005 0.000000 -1.000000 -0.000000 3.156250 1.275000 0 0 0 0 0.000000 0.000000 0.000000 0.000000
-32.156399 -1.524004 7.696197 1.000000 0.000000 -0.000005 0.000000 -1.000000 -0.000000 3.156250 0.500000 0 0 0 0 0.000000 0.000000 0.000000 0.000000
-32.156399 -1.524004 7.315197 1.000000 0.000000 -0.000005 0.000003 -0.000001 1.000000 3.000000 0.500000 0 0 0 0 0.000000 0.000000 0.000000 0.000000
-32.156399 -2.819404 7.315196 1.000000 0.000000 -0.000005 0.000003 -0.000001 1.000000 3.000000 0.925000 0 0 0 0 0.000000 0.000000 0.000000 0.000000
-32.156399 -5.486404 7.315196 1.000000 0.000000 -0.000005 0.000005 0.000000 1.000000 3.000000 1.800000 0 0 0 0 0.000000 0.000000 0.000000 0.000000
-25.984200 -3.886204 7.696197 0.000000 0.000000 -1.000000 1.000000 0.000000 0.000000 -10.656250 1.275000 0 0 0 0 0.000000 0.000000 0.000000 0.000000
-25.984200 -4.191004 7.696197 0.000000 0.000000 -1.000000 1.000000 0.000000 0.000000 -10.656250 1.375000 0 0 0 0 0.000000 0.000000 0.000000 0.000000
-24.231598 -4.191003 7.696198 0.000000 0.000000 -1.000000 1.000000 0.000000 0.000000 -9.937500 1.375000 0 0 0 0 0.000000 0.000000 0.000000 0.000000
-24.231598 -3.886203 7.696198 0.000000 0.000000 -1.000000 1.000000 0.000000 0.000000 -9.937500 1.275000 0 0 0 0 0.000000 0.000000 0.000000 0.000000
-30.099001 -3.886204 7.696197 0.000000 0.000000 -1.000000 1.000000 0.000000 0.000000 -12.343750 1.275000 0 0 0 0 0.000000 0.000000 0.000000 0.000000
-30.099001 -4.191004 7.696197 0.000000 0.000000 -1.000000 1.000000 0.000000 0.000000 -12.343750 1.375000 0 0 0 0 0.000000 0.000000 0.000000 0.000000
-28.346401 -4.191004 7.696197 0.000000 0.000000 -1.000000 1.000000 0.000000 0.000000 -11.625000 1.375000 0 0 0 0 0.000000 0.000000 0.000000 0.000000
-28.346401 -3.886204 7.696197 0.000000 0.000000 -1.000000 1.000000 0.000000 0.000000 -11.625000 1.275000 0 0 0 0 0.000000 0.000000 0.000000 0.000000
-28.041601 -3.886204 7.696197 0.000000 0.000000 -1.000000 1.000000 -0.000000 0.000000 -11.500000 1.275000 0 0 0 0 0.000000 0.000000 0.000000 0.000000
-28.041601 -4.191004 7.696197 0.000000 0.000000 -1.000000 1.000000 -0.000000 0.000000 -11.500000 1.375000 0 0 0 0 0.000000 0.000000 0.000000 0.000000
-27.889198 -4.191004 7.696197 0.000000 0.000000 -1.000000 1.000000 -0.000000 0.000000 -11.437500 1.375000 0 0 0 0 0.000000 0.000000 0.000000 0.000000
-26.288998 -4.191004 7.696197 0.000000 0.000000 -1.000000 1.000000 -0.000000 0.000000 -10.781250 1.375000 0 0 0 0 0.000000 0.000000 0.000000 0.000000
-26.288998 -3.886204 7.696197 0.000000 0.000000 -1.000000 1.000000 -0.000000 0.000000 -10.781250 1.275000 0 0 0 0 0.000000 0.000000 0.000000 0.000000
-27.889198 -3.886204 7.696197 0.000000 0.000000 -1.000000 1.000000 -0.000000 0.000000 -11.437500 1.275000 0 0 0 0 0.000000 0.000000 0.000000 0.000000
-32.156399 -3.886204 7.696196 0.000000 0.000000 -1.000000 1.000000 0.000000 0.000000 -13.187500 1.275000 0 0 0 0 0.000000 0.000000 0.000000 0.000000
-32.156399 -4.191004 7.696196 0.000000 0.000000 -1.000000 1.000000 0.000000 0.000000 -13.187500 1.375000 0 0 0 0 0.000000 0.000000 0.000000 0.000000
-30.403801 -4.191004 7.696197 0.000000 0.000000 -1.000000 1.000000 0.000000 0.000000 -12.468750 1.375000 0 0 0 0 0.000000 0.000000 0.000000 0.000000
-30.403801 -3.886204 7.696197 0.000000 0.000000 -1.000000 1.000000 0.000000 0.000000 -12.468750 1.275000 0 0 0 0 0.000000 0.000000 0.000000 0.000000
-27.889198 -3.810004 7.772397 -0.000000 0.707107 -0.707107 1.000000 0.000000 0.000000 -11.437500 -2.550000 0 0 0 0 0.000000 0.000000 0.000000 0.000000
-27.889198 -3.886204 7.696197 -0.000000 0.707107 -0.707107 1.000000 0.000000 -0.000000 -11.437500 -2.525000 0 0 0 0 0.000000 0.000000 0.000000 0.000000
-26.288998 -3.886204 7.696197 -0.000000 0.707107 -0.707107 1.000000 0.000000 -0.000000 -10.781250 -2.525000 0 0 0 0 0.000000 0.000000 0.000000 0.000000
-25.984200 -3.886204 7.696197 -0.000000 0.707107 -0.707107 1.000000 0.000000 -0.000000 -10.656250 -2.525000 0 0 0 0 0.000000 0.000000 0.000000 0.000000
-24.231598 -3.886203 7.696198 -0.000000 0.707107 -0.707107 1.000000 0.000000 0.000000 -9.937500 -2.525000 0 0 0 0 0.000000 0.000000 0.000000 0.000000
-24.231598 -3.810003 7.772398 -0.000000 0.707107 -0.707107 1.000000 0.000000 0.000000 -9.937500 -2.550000 0 0 0 0 0.000000 0.000000 0.000000 0.000000
-32.156399 -3.810004 7.772396 -0.000000 0.707108 -0.707105 1.000000 0.000000 0.000000 -13.187500 -2.550000 0 0 0 0 0.000000 0.000000 0.000000 0.000000
-32.156399 -3.886204 7.696196 -0.000000 0.707108 -0.707105 1.000000 0.000000 0.000000 -13.187500 -2.525000 0 0 0 0 0.000000 0.000000 0.000000 0.000000
-30.403801 -3.886204 7.696197 -0.000000 0.707108 -0.707105 1.000000 0.000000 0.000000 -12.468750 -2.525000 0 0 0 0 0.000000 0.000000 0.000000 0.000000
-30.099001 -3.886204 7.696197 -0.000000 0.707108 -0.707105 1.000000 0.000000 -0.000000 -12.343750 -2.525000 0 0 0 0 0.000000 0.000000 0.000000 0.000000
-28.346401 -3.886204 7.696197 -0.000000 0.707108 -0.707105 1.000000 0.000000 0.000000 -11.625000 -2.525000 0 0 0 0 0.000000 0.000000 0.000000 0.000000
-28.041601 -3.886204 7.696197 -0.000000 0.707108 -0.707105 1.000000 0.000000 -0.000000 -11.500000 -2.525000 0 0 0 0 0.000000 0.000000 0.000000 0.000000
-27.889198 -4.191004 7.696197 0.000000 -0.707107 -0.707106 1.000000 0.000000 0.000000 -11.437500 -2.525000 0 0 0 0 0.000000 0.000000 0.000000 0.000000
-27.889198 -4.267204 7.772397 0.000000 -0.707107 -0.707106 1.000000 0.000000 0.000000 -11.437500 -2.550000 0 0 0 0 0.000000 0.000000 0.000000 0.000000
-26.822399 -4.267204 7.772397 0.000000 -0.707107 -0.707106 1.000000 0.000000 0.000000 -11.000000 -2.550000 0 0 0 0 0.000000 0.000000 0.000000 0.000000
-24.231598 -4.267203 7.772398 0.000000 -0.707107 -0.707106 1.000000 0.000000 0.000000 -9.937500 -2.550000 0 0 0 0 0.000000 0.000000 0.000000 0.000000
-24.231598 -4.191003 7.696198 0.000000 -0.707107 -0.707106 1.000000 0.000000 0.000000 -9.937500 -2.525000 0 0 0 0 0.000000 0.000000 0.000000 0.000000
-25.984200 -4.191004 7.696197 0.000000 -0.707107 -0.707106 1.000000 0.000000 0.000000 -10.656250 -2.525000 0 0 0 0 0.000000 0.000000 0.000000 0.000000
-26.288998 -4.191004 7.696197 0.000000 -0.707107 -0.707106 1.000000 0.000000 0.000000 -10.781250 -2.525000 0 0 0 0 0.000000 0.000000 0.000000 0.000000
-27.889198 -4.191004 7.696197 0.000000 -0.707107 -0.707106 1.000000 0.000000 0.000000 -11.437500 -2.525000 0 0 0 0 0.000000 0.000000 0.000000 0.000000
-28.041601 -4.191004 7.696197 0.000000 -0.707107 -0.707106 1.000000 0.000000 0.000000 -11.500000 -2.525000 0 0 0 0 0.000000 0.000000 0.000000 0.000000
-28.346401 -4.191004 7.696197 0.000000 -0.707107 -0.707106 1.000000 0.000000 0.000000 -11.625000 -2.525000 0 0 0 0 0.000000 0.000000 0.000000 0.000000
-30.099001 -4.191004 7.696197 0.000000 -0.707107 -0.707106 1.000000 0.000000 0.000000 -12.343750 -2.525000 0 0 0 0 0.000000 0.000000 0.000000 0.000000
-30.403801 -4.191004 7.696197 0.000000 -0.707107 -0.707106 1.000000 -0.000000 0.000000 -12.468750 -2.525000 0 0 0 0 0.000000 0.000000 0.000000 0.000000
-32.156399 -4.191004 7.696196 0.000000 -0.707107 -0.707106 1.000000 0.000000 0.000000 -13.187500 -2.525000 0 0 0 0 0.000000 0.000000 0.000000 0.000000
-32.156399 -4.267204 7.772396 0.000000 -0.707107 -0.707106 1.000000 0.000000 0.000000 -13.187500 -2.550000 0 0 0 0 0.000000 0.000000 0.000000 0.000000
-32.308800 -3.505204 8.077196 -0.000000 -0.000000 1.000000 1.000000 -0.000000 0.000000 -13.250000 1.150000 0 0 0 0 0.000000 0.000000 0.000000 0.000000
-32.308800 -4.876804 8.077196 -0.000000 -0.000000 1.000000 1.000000 -0.000000 0.000000 -13.250000 1.600000 0 0 0 0 0.000000 0.000000 0.000000 0.000000
-32.461201 -4.876804 8.077196 -0.000000 -0.000000 1.000000 1.000000 -0.000000 0.000000 -13.312500 1.600000 0 0 0 0 0.000000 0.000000 0.000000 0.000000
-32.461201 -3.505204 8.077196 -0.000000 -0.000000 1.000000 1.000000 -0.000000 0.000000 -13.312500 1.150000 0 0 0 0 0.000000 0.000000 0.000000 0.000000
-32.461201 -2.514604 8.077196 -0.000000 -0.000000 1.000000 -0.000000 1.000000 0.000000 -13.312500 0.825000 0 0 0 0 0.000000 0.000000 0.000000 0.000000
-32.461201 -3.505204 8.077196 -0.000000 -0.000000 1.000000 -0.000000 1.000000 0.000000 -13.312500 1.150000 0 0 0 0 0.000000 0.000000 0.000000 0.000000
-32.461201 -4.876804 8.077196 -0.000000 -0.000000 1.000000 -0.000000 1.000000 0.000000 -13.312500 1.600000 0 0 0 0 0.000000 0.000000 0.000000 0.000000
-32.461201 -5.486404 8.077196 -0.000000 -0.000000 1.000000 0.000000 -1.000000 -0.000000 -13.312500 1.800000 0 0 0 0 0.000000 0.000000 0.000000 0.000000
-32.613602 -5.486404 8.077196 -0.000000 -0.000000 1.000000 1.000000 -0.000000 0.000000 -13.375000 1.800000 0 0 0 0 0.000000 0.000000 0.000000 0.000000
-32.613602 -2.514604 8.077196 -0.000000 -0.000000 1.000000 1.000000 -0.000000 0.000000 -13.375000 0.825000 0 0 0 0 0.000000 0.000000 0.000000 0.000000
-32.613602 -2.514604 8.077196 -1.000000 -0.000000 -0.000001 -0.000001 -0.000000 1.000000 3.312500 0.825000 0 0 0 0 0.000000 0.000000 0.000000 0.000000
-32.613602 -5.486404 8.077196 -1.000000 -0.000000 -0.000001 -0.000001 -0.000000 1.000000 3.312500 1.800000 0 0 0 0 0.000000 0.000000 0.000000 0.000000
-32.613602 -5.486404 7.315196 -1.000000 -0.000000 -0.000001 -0.000001 -0.000000 1.000000 3.000000 1.800000 0 0 0 0 0.000000 0.000000 0.000000 0.000000
-32.613602 -2.819404 7.315196 -1.000000 -0.000000 -0.000001 -0.000000 -0.000000 1.000000 3.000000 0.925000 0 0 0 0 0.000000 0.000000 0.000000 0.000000
-32.613602 -2.514604 7.315196 -1.000000 -0.000000 -0.000001 -0.000000 -0.000000 1.000000 3.000000 0.825000 0 0 0 0 0.000000 0.000000 0.000000 0.000000
-32.156399 -1.524004 4.876797 1.000000 0.000000 0.000000 -0.000001 -0.000000 1.000000 2.000000 0.500000 0 0 0 0 0.000000 0.000000 0.000000 0.000000
-32.156399 -2.819404 4.876796 1.000000 0.000000 0.000000 -0.000001 -0.000000 1.000000 2.000000 0.925000 0 0 0 0 0.000000 0.000000 0.000000 0.000000
-32.156399 -3.886204 4.495797 1.000000 0.000000 0.000000 -0.000000 -0.000000 1.000000 1.843750 1.275000 0 0 0 0 0.000000 0.000000 0.000000 0.000000
-32.156399 -1.524004 4.495797 1.000000 0.000000 0.000000 -0.000000 -0.000000 1.000000 1.843750 0.500000 0 0 0 0 0.000000 0.000000 0.000000 0.000000
-32.156399 -1.524004 4.419597 1.000000 0.000000 0.000000 -0.000000 -0.000000 1.000000 1.812500 0.500000 0 0 0 0 0.000000 0.000000 0.000000 0.000000
-32.156399 -3.810004 4.419597 1.000000 0.000000 0.000000 -0.000000 -0.000000 1.000000 1.812500 1.250000 0 0 0 0 0.000000 0.000000 0.000000 0.000000
-32.156399 -4.191004 4.495797 1.000000 0.000000 0.000000 -0.000000 0.000001 1.000000 1.843750 1.375000 0 0 0 0 0.000000 0.000000 0.000000 0.000000
-32.156399 -4.267204 4.419597 1.000000 0.000000 0.000000 -0.000000 0.000001 1.000000 1.812500 1.400000 0 0 0 0 0.000000 0.000000 0.000000 0.000000
-32.156399 -5.486403 4.419596 1.000000 0.000000 0.000000 -0.000000 -0.000000 1.000000 1.812500 1.800000 0 0 0 0 0.000000 0.000000 0.000000 0.000000
-32.156399 -5.486403 4.495796 1.000000 0.000000 0.000000 -0.000000 0.000001 1.000000 1.843750 1.800000 0 0 0 0 0.000000 0.000000 0.000000 0.000000
-32.156399 -1.524004 4.495797 1.000000 0.000000 0.000003 -0.000000 1.000000 0.000000 1.843750 0.500000 0 0 0 0 0.000000 0.000000 0.000000 0.000000
-32.156399 -3.886204 4.495797 1.000000 0.000000 0.000003 -0.000000 1.000000 0.000000 1.843750 1.275000 0 0 0 0 0.000000 0.000000 0.000000 0.000000
-32.156399 -4.191004 4.495797 1.000000 0.000000 0.000003 -0.000000 1.000000 0.000000 1.843750 1.375000 0 0 0 0 0.000000 0.000000 0.000000 0.000000
-32.156399 -5.486403 4.495796 1.000000 0.000000 0.000003 -0.000000 1.000000 0.000000 1.843750 1.800000 0 0 0 0 0.000000 0.000000 0.000000 0.000000
-32.156399 -5.486403 4.876796 1.000000 0.000000 0.000003 -0.000003 -0.000000 1.000000 2.000000 1.800000 0 0 0 0 0.000000 0.000000 0.000000 0.000000
-24.231598 -3.886203 4.495797 -0.000000 -0.000000 1.000000 1.000000 0.000000 0.000000 -9.937500 1.275000 0 0 0 0 0.000000 0.000000 0.000000 0.000000
-24.231598 -4.191003 4.495797 -0.000000 -0.000000 1.000000 1.000000 0.000000 0.000000 -9.937500 1.375000 0 0 0 0 0.000000 0.000000 0.000000 0.000000
-25.984200 -4.191003 4.495797 -0.000000 -0.000000 1.000000 1.000000 0.000000 0.000000 -10.656250 1.375000 0 0 0 0 0.000000 0.000000 0.000000 0.000000
-25.984200 -3.886203 4.495797 -0.000000 -0.000000 1.000000 1.000000 0.000000 0.000000 -10.656250 1.275000 0 0 0 0 0.000000 0.000000 0.000000 0.000000
-26.288998 -3.886203 4.495797 -0.000000 -0.000000 1.000000 1.000000 -0.000000 0.000000 -10.781250 1.275000 0 0 0 0 0.000000 0.000000 0.000000 0.000000
-26.288998 -4.191003 4.495797 -0.000000 -0.000000 1.000000 1.000000 -0.000000 0.000000 -10.781250 1.375000 0 0 0 0 0.000000 0.000000 0.000000 0.000000
-27.889198 -4.191003 4.495797 -0.000000 -0.000000 1.000000 1.000000 -0.000000 0.000000 -11.437500 1.375000 0 0 0 0 0.000000 0.000000 0.000000 0.000000
-28.041601 -4.191003 4.495797 -0.000000 -0.000000 1.000000 1.000000 -0.000000 0.000000 -11.500000 1.375000 0 0 0 0 0.000000 0.000000 0.000000 0.000000
-28.041601 -3.886203 4.495797 -0.000000 -0.000000 1.000000 1.000000 -0.000000 0.000000 -11.500000 1.275000 0 0 0 0 0.000000 0.000000 0.000000 0.000000
-27.889198 -3.886203 4.495797 -0.000000 -0.000000 1.000000 -1.000000 0.000000 -0.000000 -11.437500 1.275000 0 0 0 0 0.000000 0.000000 0.000000 0.000000
-28.346401 -3.886203 4.495797 -0.000000 -0.000000 1.000000 1.000000 0.000000 0.000000 -11.625000 1.275000 0 0 0 0 0.000000 0.000000 0.000000 0.000000
-28.346401 -4.191003 4.495797 -0.000000 -0.000000 1.000000 1.000000 0.000000 0.000000 -11.625000 1.375000 0 0 0 0 0.000000 0.000000 0.000000 0.000000
-30.099001 -4.191003 4.495797 -0.000000 -0.000000 1.000000 1.000000 0.000000 0.000000 -12.343750 1.375000 0 0 0 0 0.000000 0.000000 0.000000 0.000000
-30.099001 -3.886203 4.495797 -0.000000 -0.000000 1.000000 1.000000 0.000000 0.000000 -12.343750 1.275000 0 0 0 0 0.000000 0.000000 0.000000 0.000000
-30.403801 -3.886203 4.495797 -0.000000 -0.000000 1.000000 1.000000 0.000000 0.000000 -12.468750 1.275000 0 0 0 0 0.000000 0.000000 0.000000 0.000000
-30.403801 -4.191003 4.495797 -0.000000 -0.000000 1.000000 1.000000 0.000000 0.000000 -12.468750 1.375000 0 0 0 0 0.000000 0.000000 0.000000 0.000000
-32.156399 -4.191004 4.495797 -0.000000 -0.000000 1.000000 1.000000 0.000000 0.000000 -13.187500 1.375000 0 0 0 0 0.000000 0.000000 0.000000 0.000000
-32.156399 -3.886204 4.495797 -0.000000 -0.000000 1.000000 1.000000 0.000000 0.000000 -13.187500 1.275000 0 0 0 0 0.000000 0.000000 0.000000 0.000000
-27.889198 -3.886203 4.495797 -0.000000 0.707106 0.707108 1.000000 0.000000 0.000000 -11.437500 -1.475000 0 0 0 0 0.000000 0.000000 0.000000 0.000000
-27.889198 -3.810003 4.419597 -0.000000 0.707106 0.707108 1.000000 0.000000 0.000000 -11.437500 -1.450000 0 0 0 0 0.000000 0.000000 0.000000 0.000000
-24.231598 -3.810003 4.419597 -0.000000 0.707106 0.707108 1.000000 0.000000 0.000000 -9.937500 -1.450000 0 0 0 0 0.000000 0.000000 0.000000 0.000000
-24.231598 -3.886203 4.495797 -0.000000 0.707106 0.707108 1.000000 0.000000 0.000000 -9.937500 -1.475000 0 0 0 0 0.000000 0.000000 0.000000 0.000000
-25.984200 -3.886203 4.495797 -0.000000 0.707106 0.707108 1.000000 0.000000 0.000000 -10.656250 -1.475000 0 0 0 0 0.000000 0.000000 0.000000 0.000000
-26.288998 -3.886203 4.495797 -0.000000 0.707106 0.707108 1.000000 0.000000 0.000000 -10.781250 -1.475000 0 0 0 0 0.000000 0.000000 0.000000 0.000000
-28.041601 -3.886203 4.495797 -0.000000 0.707107 0.707106 1.000000 0.000000 0.000000 -11.500000 -1.475000 0 0 0 0 0.000000 0.000000 0.000000 0.000000
-28.346401 -3.886203 4.495797 -0.000000 0.707107 0.707106 1.000000 0.000000 0.000000 -11.625000 -1.475000 0 0 0 0 0.000000 0.000000 0.000000 0.000000
-30.099001 -3.886203 4.495797 -0.000000 0.707107 0.707106 1.000000 0.000000 0.000000 -12.343750 -1.475000 0 0 0 0 0.000000 0.000000 0.000000 0.000000
-30.403801 -3.886203 4.495797 -0.000000 0.707107 0.707106 1.000000 0.000000 0.000000 -12.468750 -1.475000 0 0 0 0 0.000000 0.000000 0.000000 0.000000
-32.156399 -3.886204 4.495797 -0.000000 0.707107 0.707106 1.000000 0.000000 0.000000 -13.187500 -1.475000 0 0 0 0 0.000000 0.000000 0.000000 0.000000
-32.156399 -3.810004 4.419597 -0.000000 0.707107 0.707106 1.000000 0.000000 0.000000 -13.187500 -1.450000 0 0 0 0 0.000000 0.000000 0.000000 0.000000
-27.889198 -4.267203 4.419597 -0.000000 -0.707106 0.707108 1.000000 -0.000000 0.000000 -11.437500 -1.450000 0 0 0 0 0.000000 0.000000 0.000000 0.000000
-27.889198 -4.191003 4.495797 -0.000000 -0.707106 0.707108 1.000000 -0.000000 0.000000 -11.437500 -1.475000 0 0 0 0 0.000000 0.000000 0.000000 0.000000
-26.288998 -4.191003 4.495797 -0.000000 -0.707106 0.707108 1.000000 -0.000000 0.000000 -10.781250 -1.475000 0 0 0 0 0.000000 0.000000 0.000000 0.000000
-25.984200 -4.191003 4.495797 -0.000000 -0.707106 0.707108 1.000000 0.000001 0.000001 -10.656250 -1.475000 0 0 0 0 0.000000 0.000000 0.000000 0.000000
-24.231598 -4.191003 4.495797 -0.000000 -0.707106 0.707108 1.000000 0.000000 0.000000 -9.937500 -1.475000 0 0 0 0 0.000000 0.000000 0.000000 0.000000
-24.231598 -4.267203 4.419597 -0.000000 -0.707106 0.707108 1.000000 0.000000 0.000000 -9.937500 -1.450000 0 0 0 0 0.000000 0.000000 0.000000 0.000000
-26.822399 -4.267203 4.419597 -0.000000 -0.707106 0.707108 1.000000 0.000000 0.000000 -11.000000 -1.450000 0 0 0 0 0.000000 0.000000 0.000000 0.000000
-27.889198 -4.267203 4.419597 0.000000 -0.707108 0.707105 1.000000 0.000000 0.000000 -11.437500 -1.450000 0 0 0 0 0.000000 0.000000 0.000000 0.000000
-28.346401 -4.267203 4.419597 0.000000 -0.707108 0.707105 1.000000 0.000000 0.000000 -11.625000 -1.450000 0 0 0 0 0.000000 0.000000 0.000000 0.000000
-32.156399 -4.267204 4.419597 0.000000 -0.707108 0.707105 1.000000 0.000000 0.000000 -13.187500 -1.450000 0 0 0 0 0.000000 0.000000 0.000000 0.000000
-32.156399 -4.191004 4.495797 0.000000 -0.707108 0.707105 1.000000 0.000000 0.000000 -13.187500 -1.475000 0 0 0 0 0.000000 0.000000 0.000000 0.000000
-30.403801 -4.191003 4.495797 0.000000 -0.707108 0.707105 1.000000 0.000000 0.000000 -12.468750 -1.475000 0 0 0 0 0.000000 0.000000 0.000000 0.000000
-30.099001 -4.191003 4.495797 0.000000 -0.707108 0.707105 1.000000 0.000000 -0.000000 -12.343750 -1.475000 0 0 0 0 0.000000 0.000000 0.000000 0.000000
-28.346401 -4.191003 4.495797 0.000000 -0.707108 0.707105 1.000000 0.000000 0.000000 -11.625000 -1.475000 0 0 0 0 0.000000 0.000000 0.000000 0.000000
-28.041601 -4.191003 4.495797 0.000000 -0.707108 0.707105 1.000000 0.000000 0.000000 -11.500000 -1.475000 0 0 0 0 0.000000 0.000000 0.000000 0.000000
-32.308800 -4.876803 4.114796 0.000000 0.000000 -1.000000 1.000000 -0.000000 0.000000 -13.250000 1.600000 0 0 0 0 0.000000 0.000000 0.000000 0.000000
-32.308800 -3.505203 4.114797 0.000000 0.000000 -1.000000 1.000000 -0.000000 0.000000 -13.250000 1.150000 0 0 0 0 0.000000 0.000000 0.000000 0.000000
-32.461201 -3.505203 4.114797 0.000000 0.000000 -1.000000 1.000000 -0.000001 0.000000 -13.312500 1.150000 0 0 0 0 0.000000 0.000000 0.000000 0.000000
-32.461201 -4.876803 4.114796 0.000000 0.000000 -1.000000 1.000000 0.000007 0.000000 -13.312500 1.600000 0 0 0 0 0.000000 0.000000 0.000000 0.000000
-32.613602 -2.514604 4.114797 0.000000 0.000000 -1.000000 1.000000 -0.000000 0.000000 -13.375000 0.825000 0 0 0 0 0.000000 0.000000 0.000000 0.000000
-32.613602 -5.486403 4.114796 0.000000 0.000000 -1.000000 1.000000 -0.000000 0.000000 -13.375000 1.800000 0 0 0 0 0.000000 0.000000 0.000000 0.000000
-32.461201 -5.486403 4.114796 0.000000 0.000000 -1.000000 1.000000 -0.000000 0.000000 -13.312500 1.800000 0 0 0 0 0.000000 0.000000 0.000000 0.000000
-32.461201 -2.514604 4.114797 0.000000 0.000000 -1.000000 1.000000 -0.000000 0.000000 -13.312500 0.825000 0 0 0 0 0.000000 0.000000 0.000000 0.000000
-32.156399 -2.819404 4.876796 -0.000000 -0.000000 1.000000 1.000000 -0.000000 0.000000 -13.187500 0.925000 0 0 0 0 0.000000 0.000000 0.000000 0.000000
-32.156399 -5.486403 4.876796 -0.000000 -0.000000 1.000000 1.000000 -0.000000 0.000000 -13.187500 1.800000 0 0 0 0 0.000000 0.000000 0.000000 0.000000
-32.461201 -5.486403 4.876796 -0.000000 -0.000000 1.000000 1.000000 -0.000000 0.000000 -13.312500 1.800000 0 0 0 0 0.000000 0.000000 0.000000 0.000000
-32.613602 -5.486403 4.876796 -0.000000 -0.000000 1.000000 1.000000 -0.000000 0.000000 -13.375000 1.800000 0 0 0 0 0.000000 0.000000 0.000000 0.000000
-32.613602 -2.819404 4.876796 -0.000000 -0.000000 1.000000 1.000000 -0.000000 0.000000 -13.375000 0.925000 0 0 0 0 0.000000 0.000000 0.000000 0.000000
-32.613602 -2.819404 4.876796 -1.000000 -0.000000 -0.000000 -0.000000 0.000001 1.000000 2.000000 0.925000 0 0 0 0 0.000000 0.000000 0.000000 0.000000
-32.613602 -2.514604 4.876797 -1.000000 -0.000000 -0.000000 -0.000000 0.000001 1.000000 2.000000 0.825000 0 0 0 0 0.000000 0.000000 0.000000 0.000000
-32.156399 -2.819404 7.315196 0.000000 -1.000000 -0.000000 1.000000 0.000000 0.000000 -13.187500 -2.400000 0 0 0 0 0.000000 0.000000 0.000000 0.000000
-32.156399 -2.819404 4.876796 0.000000 -1.000000 -0.000000 1.000000 0.000000 0.000000 -13.187500 -1.600000 0 0 0 0 0.000000 0.000000 0.000000 0.000000
-32.613602 -2.819404 4.876796 0.000000 -1.000000 -0.000000 1.000000 0.000000 0.000000 -13.375000 -1.600000 0 0 0 0 0.000000 0.000000 0.000000 0.000000
-32.613602 -2.819404 7.315196 0.000000 -1.000000 -0.000000 1.000000 0.000000 0.000000 -13.375000 -2.400000 0 0 0 0 0.000000 0.000000 0.000000 0.000000
-32.613602 -5.486403 4.876796 -1.000000 -0.000000 -0.000000 -0.000000 -0.000000 1.000000 2.000000 1.800000 0 0 0 0 0.000000 0.000000 0.000000 0.000000
-32.613602 -5.486403 4.114796 -1.000000 -0.000000 -0.000000 -0.000000 0.000004 1.000000 1.687500 1.800000 0 0 0 0 0.000000 0.000000 0.000000 0.000000
-32.613602 -2.514604 4.114797 -1.000000 -0.000000 -0.000000 -0.000000 -0.000000 1.000000 1.687500 0.825000 0 0 0 0 0.000000 0.000000 0.000000 0.000000
-14.630399 1.371599 -4.495801 1.000000 0.000000 -0.000000 0.000000 -0.000000 1.000000 -1.843750 -0.450000 0 0 0 0 0.000000 0.000000 0.000000 0.000000
-14.630399 1.371600 -4.876801 1.000000 0.000000 -0.000000 0.000000 -0.000001 1.000000 -2.000000 -0.450000 0 0 0 0 0.000000 0.000000 0.000000 0.000000
-14.630399 -1.066800 -4.876801 1.000000 0.000000 -0.000000 0.000000 -0.000000 1.000000 -2.000000 0.350000 0 0 0 0 0.000000 0.000000 0.000000 0.000000
-14.630399 -1.524001 -4.876801 1.000000 0.000000 -0.000000 0.000000 -0.000000 1.000000 -2.000000 0.500000 0 0 0 0 0.000000 0.000000 0.000000 0.000000
-14.630399 -1.524001 -4.572001 1.000000 0.000000 -0.000000 -0.000000 0.000000 -1.000000 -1.875000 0.500000 0 0 0 0 0.000000 0.000000 0.000000 0.000000
-14.630399 -4.114800 -4.572002 1.000000 0.000000 0.000000 -0.000000 -0.000000 1.000000 -1.875000 1.350000 0 0 0 0 0.000000 0.000000 0.000000 0.000000
-14.630399 -1.524001 -4.572001 1.000000 0.000000 0.000000 -0.000000 -0.000000 1.000000 -1.875000 0.500000 0 0 0 0 0.000000 0.000000 0.000000 0.000000
-14.630399 -4.114800 -4.876801 1.000000 0.000000 0.000000 -0.000000 -0.000000 1.000000 -2.000000 1.350000 0 0 0 0 0.000000 0.000000 0.000000 0.000000
-15.087600 -1.524001 -4.572001 0.000000 -1.000000 -0.000000 1.000000 0.000000 0.000000 -6.187500 1.500000 0 0 0 0 0.000000 0.000000 0.000000 0.000000
-15.087600 -1.524001 -4.876801 0.000000 -1.000000 -0.000000 1.000000 0.000000 0.000000 -6.187500 1.600000 0 0 0 0 0.000000 0.000000 0.000000 0.000000
-17.373600 -1.524001 -4.876801 0.000000 -1.000000 -0.000000 1.000000 0.000000 0.000000 -7.125000 1.600000 0 0 0 0 0.000000 0.000000 0.000000 0.000000
-17.373600 -1.524001 -4.572002 0.000000 -1.000000 -0.000000 1.000000 0.000000 0.000000 -7.125000 1.500000 0 0 0 0 0.000000 0.000000 0.000000 0.000000
-14.630399 -1.524001 -4.572001 0.000000 -1.000000 -0.000000 1.000000 0.000000 0.000000 -6.000000 1.500000 0 0 0 0 0.000000 0.000000 0.000000 0.000000
-17.373600 -1.524001 -4.572002 -1.000000 -0.000000 -0.000000 -0.000000 -0.000000 1.000000 -1.875000 0.500000 0 0 0 0 0.000000 0.000000 0.000000 0.000000
-17.373600 -1.524001 -4.876801 -1.000000 -0.000000 -0.000000 -0.000000 -0.000000 1.000000 -2.000000 0.500000 0 0 0 0 0.000000 0.000000 0.000000 0.000000
-17.373600 0.914399 -4.876801 -1.000000 -0.000000 -0.000000 -0.000000 -0.000000 1.000000 -2.000000 -0.300000 0 0 0 0 0.000000 0.000000 0.000000 0.000000
-18.897600 0.914399 -3.543302 0.000000 -1.000000 -0.000000 1.000000 0.000000 0.000000 -7.750000 1.162500 0 0 0 0 0.000000 0.000000 0.000000 0.000000
-17.373600 0.914399 -3.543302 0.000000 -1.000000 -0.000000 1.000000 0.000000 -0.000000 -7.125000 1.162500 0 0 0 0 0.000000 0.000000 0.000000 0.000000
-17.373600 0.914399 -4.876801 0.000000 -1.000000 -0.000000 1.000000 0.000000 -0.000000 -7.125000 1.600000 0 0 0 0 0.000000 0.000000 0.000000 0.000000
-18.897600 0.914399 -4.876801 0.000000 -1.000000 -0.000000 1.000000 0.000000 0.000000 -7.750000 1.600000 0 0 0 0 0.000000 0.000000 0.000000 0.000000
-19.507198 0.914399 -4.876801 0.000000 -1.000000 -0.000000 1.000000 0.000000 0.000000 -8.000000 1.600000 0 0 0 0 0.000000 0.000000 0.000000 0.000000
-21.945601 0.914399 -4.876801 0.000000 -1.000000 -0.000000 1.000000 0.000000 -0.000000 -9.000000 1.600000 0 0 0 0 0.000000 0.000000 0.000000 0.000000
-23.164799 0.914399 -4.876802 0.000000 -1.000000 -0.000000 1.000000 0.000000 0.000000 -9.500000 1.600000 0 0 0 0 0.000000 0.000000 0.000000 0.000000
-17.373600 -4.572001 -4.876802 -1.000000 -0.000000 -0.000000 -0.000000 -0.000001 1.000000 -2.000000 1.500000 0 0 0 0 0.000000 0.000000 0.000000 0.000000
-17.373600 -4.114800 -4.876802 -1.000000 -0.000000 -0.000000 -0.000000 -0.000001 1.000000 -2.000000 1.350000 0 0 0 0 0.000000 0.000000 0.000000 0.000000
-17.373600 -4.114801 -4.572002 -1.000000 -0.000000 -0.000000 -0.000000 -0.000001 1.000000 -1.875000 1.350000 0 0 0 0 0.000000 0.000000 0.000000 0.000000
-17.373600 -4.572001 -4.572002 -1.000000 -0.000000 -0.000000 -0.000000 -0.000001 1.000000 -1.875000 1.500000 0 0 0 0 0.000000 0.000000 0.000000 0.000000
-17.373600 -4.572001 -4.572002 -0.000000 -0.000000 1.000000 1.000000 0.000000 0.000000 -7.125000 1.500000 0 0 0 0 0.000000 0.000000 0.000000 0.000000
-17.373600 -4.114801 -4.572002 -0.000000 -0.000000 1.000000 1.000000 0.000000 0.000000 -7.125000 1.350000 0 0 0 0 0.000000 0.000000 0.000000 0.000000
-15.087600 -4.114800 -4.572002 -0.000000 -0.000000 1.000000 1.000000 0.000000 0.000000 -6.187500 1.350000 0 0 0 0 0.000000 0.000000 0.000000 0.000000
-15.087600 -4.191000 -4.572002 -0.000000 -0.000000 1.000000 1.000000 0.000000 0.000000 -6.187500 1.375000 0 0 0 0 0.000000 0.000000 0.000000 0.000000
-15.087600 -4.191000 -4.572002 -0.000000 -0.000000 1.000000 0.000000 -1.000000 -0.000000 -6.187500 1.375000 0 0 0 0 0.000000 0.000000 0.000000 0.000000
-15.087600 -4.114800 -4.572002 -0.000000 -0.000000 1.000000 0.000000 -1.000000 -0.000000 -6.187500 1.350000 0 0 0 0 0.000000 0.000000 0.000000 0.000000
-15.087600 -1.524001 -4.572001 -0.000000 -0.000000 1.000000 0.000000 -1.000000 -0.000000 -6.187500 0.500000 0 0 0 0 0.000000 0.000000 0.000000 0.000000
-14.630399 -1.524001 -4.572001 -0.000000 -0.000000 1.000000 1.000000 -0.000000 0.000000 -6.000000 0.500000 0 0 0 0 0.000000 0.000000 0.000000 0.000000
-14.630399 -4.114800 -4.572002 -0.000000 -0.000000 1.000000 1.000000 0.000000 0.000000 -6.000000 1.350000 0 0 0 0 0.000000 0.000000 0.000000 0.000000
-15.087600 -4.114800 -4.572002 -0.000000 1.000000 0.000000 1.000000 0.000000 0.000000 -6.187500 1.500000 0 0 0 0 0.000000 0.000000 0.000000 0.000000
-17.373600 -4.114801 -4.572002 -0.000000 1.000000 0.000000 1.000000 0.000000 0.000000 -7.125000 1.500000 0 0 0 0 0.000000 0.000000 0.000000 0.000000
-17.373600 -4.114800 -4.876802 -0.000000 1.000000 0.000000 1.000000 0.000000 0.000000 -7.125000 1.600000 0 0 0 0 0.000000 0.000000 0.000000 0.000000
-15.087600 -4.114800 -4.876801 -0.000000 1.000000 0.000000 1.000000 0.000000 0.000000 -6.187500 1.600000 0 0 0 0 0.000000 0.000000 0.000000 0.000000
-15.087600 -4.114800 -4.876801 -1.000000 -0.000000 -0.000000 -0.000000 -0.000000 1.000000 -2.000000 1.350000 0 0 0 0 0.000000 0.000000 0.000000 0.000000
-15.087600 -1.524001 -4.876801 -1.000000 -0.000000 -0.000000 -0.000000 -0.000000 1.000000 -2.000000 0.500000 0 0 0 0 0.000000 0.000000 0.000000 0.000000
-15.087600 -1.524001 -4.572001 -1.000000 -0.000000 -0.000000 -0.000000 -0.000000 1.000000 -1.875000 0.500000 0 0 0 0 0.000000 0.000000 0.000000 0.000000
-15.087600 -4.114800 -4.572002 -1.000000 -0.000000 -0.000000 -0.000000 -0.000000 1.000000 -1.875000 1.350000 0 0 0 0 0.000000 0.000000 0.000000 0.000000
-13.258799 -2.895598 -17.373600 -1.000000 -0.000000 -0.000000 0.000000 -0.000001 1.000000 -7.125000 0.950000 0 0 0 0 0.000000 0.000000 0.000000 0.000000
-13.258799 -4.114799 -17.373602 -1.000000 -0.000000 -0.000000 -0.000000 -0.000001 1.000000 -7.125000 1.350000 0 0 0 0 0.000000 0.000000 0.000000 0.000000
-13.258799 -4.114798 -17.678402 -1.000000 -0.000000 -0.000000 -0.000000 -0.000001 1.000000 -7.250000 1.350000 0 0 0 0 0.000000 0.000000 0.000000 0.000000
-13.258799 -2.895598 -17.678400 -1.000000 -0.000000 -0.000000 0.000000 -0.000001 1.000000 -7.250000 0.950000 0 0 0 0 0.000000 0.000000 0.000000 0.000000
-13.258799 -1.066798 -17.678400 -1.000000 -0.000000 0.000001 0.000001 -0.000001 1.000000 -7.250000 0.350000 0 0 0 0 0.000000 0.000000 0.000000 0.000000
-13.258799 1.371602 -17.678400 -1.000000 -0.000000 0.000001 0.000001 -0.000001 1.000000 -7.250000 -0.450000 0 0 0 0 0.000000 0.000000 0.000000 0.000000
-13.258799 1.371602 -17.373600 -1.000000 -0.000000 0.000001 0.000001 0.000000 1.000000 -7.125000 -0.450000 0 0 0 0 0.000000 0.000000 0.000000 0.000000
-13.258799 -0.952498 -17.373600 -1.000000 -0.000000 0.000001 -0.000000 1.000000 0.000000 -7.125000 0.312500 0 0 0 0 0.000000 0.000000 0.000000 0.000000
-13.258799 -1.333498 -17.373600 -1.000000 -0.000000 0.000001 -0.000000 1.000000 0.000000 -7.125000 0.437500 0 0 0 0 0.000000 0.000000 0.000000 0.000000
-13.258799 -1.371598 -17.373600 -1.000000 -0.000000 0.000001 0.000001 -0.000001 1.000000 -7.125000 0.450000 0 0 0 0 0.000000 0.000000 0.000000 0.000000
-10.820399 -1.371598 -17.373600 -0.000000 -0.000000 1.000000 1.000000 -0.000000 0.000000 -4.437500 0.450000 0 0 0 0 0.000000 0.000000 0.000000 0.000000
-12.953999 -1.981198 -17.373600 -0.000000 -0.000000 1.000000 1.000000 -0.000000 0.000000 -5.312500 0.650000 0 0 0 0 0.000000 0.000000 0.000000 0.000000
-12.953999 -1.371598 -17.373600 -0.000000 -0.000000 1.000000 1.000000 -0.000000 0.000000 -5.312500 0.450000 0 0 0 0 0.000000 0.000000 0.000000 0.000000
-12.649199 -1.371598 -17.373600 -0.000000 -0.000000 1.000000 1.000000 0.000000 0.000000 -5.187500 0.450000 0 0 0 0 0.000000 0.000000 0.000000 0.000000
-11.429998 -0.952498 -17.373600 -0.000000 -0.000001 1.000000 1.000000 0.000000 0.000000 -4.687500 0.312500 0 0 0 0 0.000000 0.000000 0.000000 0.000000
-12.039599 -0.952498 -17.373600 -0.000000 -0.000001 1.000000 1.000000 0.000000 0.000000 -4.937500 0.312500 0 0 0 0 0.000000 0.000000 0.000000 0.000000
-13.258799 -0.952498 -17.373600 -0.000000 -0.000001 1.000000 1.000000 0.000000 0.000000 -5.437500 0.312500 0 0 0 0 0.000000 0.000000 0.000000 0.000000
-13.258799 1.371602 -17.373600 -0.000000 -0.000001 1.000000 1.000000 0.000000 0.000000 -5.437500 -0.450000 0 0 0 0 0.000000 0.000000 0.000000 0.000000
-11.429998 -1.371598 -17.373600 -0.000000 -0.000000 1.000000 1.000000 0.000000 0.000000 -4.687500 0.450000 0 0 0 0 0.000000 0.000000 0.000000 0.000000
-11.429998 -1.333498 -17.373600 -0.000000 -0.000000 1.000000 0.000000 -1.000000 -0.000000 -4.687500 0.437500 0 0 0 0 0.000000 0.000000 0.000000 0.000000
-11.429998 -1.333498 -17.373600 -0.000000 -0.000000 1.000000 1.000000 0.000000 0.000000 -4.687500 0.437500 0 0 0 0 0.000000 0.000000 0.000000 0.000000
-13.258799 -1.371598 -17.373600 -0.000000 -0.000000 1.000000 1.000000 0.000001 0.000000 -5.437500 0.450000 0 0 0 0 0.000000 0.000000 0.000000 0.000000
-13.258799 -1.333498 -17.373600 -0.000000 -0.000000 1.000000 1.000000 0.000000 0.000000 -5.437500 0.437500 0 0 0 0 0.000000 0.000000 0.000000 0.000000
-12.039599 -1.333498 -17.373600 -0.000000 -0.000000 1.000000 -1.000000 -0.000000 -0.000000 -4.937500 0.437500 0 0 0 0 0.000000 0.000000 0.000000 0.000000
-12.039599 -1.333498 -17.373600 -0.000000 -0.000000 1.000000 1.000000 0.000000 0.000000 -4.937500 0.437500 0 0 0 0 0.000000 0.000000 0.000000 0.000000
-12.953999 -4.114798 -17.373602 -0.000000 -0.000000 1.000000 1.000000 0.000001 0.000000 -5.312500 1.350000 0 0 0 0 0.000000 0.000000 0.000000 0.000000
-13.258799 -4.114799 -17.373602 -0.000000 -0.000000 1.000000 1.000000 0.000001 0.000000 -5.437500 1.350000 0 0 0 0 0.000000 0.000000 0.000000 0.000000
-13.258799 -2.895598 -17.373600 -0.000000 -0.000000 1.000000 1.000000 0.000001 0.000000 -5.437500 0.950000 0 0 0 0 0.000000 0.000000 0.000000 0.000000
-12.953999 -1.981198 -17.373600 -0.000000 -0.000000 1.000000 0.000000 1.000000 0.000000 -5.312500 0.650000 0 0 0 0 0.000000 0.000000 0.000000 0.000000
-12.649199 -1.371598 -20.116802 0.000000 -1.000000 -0.000000 1.000000 0.000000 0.000000 -5.187500 6.600000 0 0 0 0 0.000000 0.000000 0.000000 0.000000
-12.649199 -1.371598 -19.812002 0.000000 -1.000000 -0.000000 1.000000 0.000000 0.000000 -5.187500 6.500000 0 0 0 0 0.000000 0.000000 0.000000 0.000000
-10.820399 -1.371598 -19.812002 0.000000 -1.000000 -0.000000 1.000000 0.000000 0.000000 -4.437500 6.500000 0 0 0 0 0.000000 0.000000 0.000000 0.000000
-10.820399 -1.371598 -20.116802 0.000000 -1.000000 -0.000000 1.000000 0.000000 0.000000 -4.437500 6.600000 0 0 0 0 0.000000 0.000000 0.000000 0.000000
-10.820399 -1.371598 -17.983202 -0.000000 -1.000000 -0.000000 1.000000 -0.000000 -0.000000 -4.437500 5.900000 0 0 0 0 0.000000 0.000000 0.000000 0.000000
-10.820397 -1.371597 -21.945601 -0.000000 -1.000000 -0.000000 1.000000 -0.000000 -0.000000 -4.437500 7.200000 0 0 0 0 0.000000 0.000000 0.000000 0.000000
-10.820399 -1.371598 -20.116802 -0.000000 -1.000000 -0.000000 0.000000 0.000000 -1.000000 -4.437500 6.600000 0 0 0 0 0.000000 0.000000 0.000000 0.000000
-10.820399 -1.371598 -19.812002 -0.000000 -1.000000 -0.000000 0.000000 0.000000 -1.000000 -4.437500 6.500000 0 0 0 0 0.000000 0.000000 0.000000 0.000000
-12.649198 -1.371598 -21.945601 0.000000 -1.000000 -0.000000 1.000000 0.000000 0.000000 -5.187500 7.200000 0 0 0 0 0.000000 0.000000 0.000000 0.000000
-12.953998 -1.371598 -21.945601 0.000000 -1.000000 -0.000000 1.000000 0.000000 0.000000 -5.312500 7.200000 0 0 0 0 0.000000 0.000000 0.000000 0.000000
-12.953999 -1.371598 -20.116802 0.000000 -1.000000 -0.000000 1.000000 0.000000 0.000000 -5.312500 6.600000 0 0 0 0 0.000000 0.000000 0.000000 0.000000
-12.953999 -1.371598 -19.812002 0.000000 -1.000000 -0.000000 1.000000 0.000000 0.000000 -5.312500 6.500000 0 0 0 0 0.000000 0.000000 0.000000 0.000000
-12.953999 -1.371598 -17.983202 0.000000 -1.000000 -0.000000 1.000000 0.000000 0.000000 -5.312500 5.900000 0 0 0 0 0.000000 0.000000 0.000000 0.000000
-12.649199 -1.371598 -17.983202 0.000000 -1.000000 -0.000000 1.000000 0.000000 0.000000 -5.187500 5.900000 0 0 0 0 0.000000 0.000000 0.000000 0.000000
-10.820397 -1.371597 -22.250401 0.000000 -1.000000 -0.000000 1.000000 0.000000 0.000000 -4.437500 7.300000 0 0 0 0 0.000000 0.000000 0.000000 0.000000
-11.277597 -1.371597 -22.250401 0.000000 -1.000000 -0.000000 1.000000 0.000000 0.000000 -4.625000 7.300000 0 0 0 0 0.000000 0.000000 0.000000 0.000000
-12.191998 -1.371597 -22.250401 0.000000 -1.000000 -0.000000 1.000000 0.000000 0.000000 -5.000000 7.300000 0 0 0 0 0.000000 0.000000 0.000000 0.000000
-12.649198 -1.371597 -22.250401 0.000000 -1.000000 -0.000000 1.000000 0.000000 0.000000 -5.187500 7.300000 0 0 0 0 0.000000 0.000000 0.000000 0.000000
-10.820399 -1.371598 -17.983202 0.000000 -1.000000 -0.000000 1.000000 0.000000 0.000000 -4.437500 5.900000 0 0 0 0 0.000000 0.000000 0.000000 0.000000
-11.429998 -1.371598 -17.983202 0.000000 -1.000000 -0.000000 1.000000 0.000000 0.000000 -4.687500 5.900000 0 0 0 0 0.000000 0.000000 0.000000 0.000000
-12.649199 -1.371598 -17.983202 0.000000 -1.000000 -0.000000 1.000000 0.000000 0.000000 -5.187500 5.900000 0 0 0 0 0.000000 0.000000 0.000000 0.000000
-12.649199 -1.371598 -17.373600 0.000000 -1.000000 -0.000000 1.000000 0.000000 0.000000 -5.187500 5.700000 0 0 0 0 0.000000 0.000000 0.000000 0.000000
-11.429998 -1.371598 -17.373600 0.000000 -1.000000 -0.000000 1.000000 0.000000 -0.000000 -4.687500 5.700000 0 0 0 0 0.000000 0.000000 0.000000 0.000000
-10.820399 -1.371598 -17.373600 0.000000 -1.000000 -0.000000 1.000000 0.000000 0.000000 -4.437500 5.700000 0 0 0 0 0.000000 0.000000 0.000000 0.000000
-12.953998 -1.066797 -22.250401 -0.000000 -0.000000 1.000000 1.000000 0.000000 0.000000 -5.312500 0.350000 0 0 0 0 0.000000 0.000000 0.000000 0.000000
-12.953998 0.000002 -22.250401 -0.000000 -0.000000 1.000000 1.000000 0.000000 0.000000 -5.312500 0.000000 0 0 0 0 0.000000 0.000000 0.000000 0.000000
-10.820399 -1.066798 -17.983202 0.000000 -0.000005 -1.000000 1.000000 0.000000 0.000000 -4.437500 0.350000 0 0 0 0 0.000000 0.000000 0.000000 0.000000
-11.201399 -1.066798 -17.983202 0.000000 -0.000005 -1.000000 1.000000 0.000000 0.000000 -4.593750 0.350000 0 0 0 0 0.000000 0.000000 0.000000 0.000000
-11.429998 -1.066798 -17.983202 0.000000 -0.000005 -1.000000 1.000000 0.000000 0.000000 -4.687500 0.350000 0 0 0 0 0.000000 0.000000 0.000000 0.000000
-11.429998 -1.129092 -17.983202 0.000000 -0.000005 -1.000000 1.000000 0.000000 0.000000 -4.687500 0.370438 0 0 0 0 0.000000 0.000000 0.000000 0.000000
-11.429998 -1.333498 -17.983202 0.000000 -0.000005 -1.000000 1.000000 0.000000 0.000000 -4.687500 0.437500 0 0 0 0 0.000000 0.000000 0.000000 0.000000
-11.429998 -1.371598 -17.983202 0.000000 -0.000005 -1.000000 1.000000 0.000000 0.000000 -4.687500 0.450000 0 0 0 0 0.000000 0.000000 0.000000 0.000000
-10.820399 -1.371598 -17.983202 0.000000 -0.000005 -1.000000 1.000000 0.000000 0.000000 -4.437500 0.450000 0 0 0 0 0.000000 0.000000 0.000000 0.000000
-11.429998 -1.333498 -17.983202 0.000000 0.000000 -1.000000 1.000000 0.000000 0.000000 -4.687500 0.437500 0 0 0 0 0.000000 0.000000 0.000000 0.000000
-12.039599 -1.333498 -17.983202 0.000000 0.000000 -1.000000 1.000000 0.000000 0.000000 -4.937500 0.437500 0 0 0 0 0.000000 0.000000 0.000000 0.000000
-12.649199 -1.333498 -17.983202 0.000000 0.000000 -1.000000 1.000000 0.000000 0.000000 -5.187500 0.437500 0 0 0 0 0.000000 0.000000 0.000000 0.000000
-12.649199 -1.371598 -17.983202 0.000000 0.000000 -1.000000 1.000000 0.000000 0.000000 -5.187500 0.450000 0 0 0 0 0.000000 0.000000 0.000000 0.000000
-12.039599 -1.333498 -17.983202 0.000000 0.000000 -1.000000 0.000000 -1.000000 -0.000000 -4.937500 0.437500 0 0 0 0 0.000000 0.000000 0.000000 0.000000
-12.039599 -1.129092 -17.983202 0.000000 0.000000 -1.000000 0.000000 -1.000000 -0.000000 -4.937500 0.370438 0 0 0 0 0.000000 0.000000 0.000000 0.000000
-12.039599 -1.066798 -17.983202 0.000000 0.000000 -1.000000 0.000000 -1.000000 -0.000000 -4.937500 0.350000 0 0 0 0 0.000000 0.000000 0.000000 0.000000
-12.649199 -1.066798 -17.983202 0.000000 0.000000 -1.000000 1.000000 0.000000 0.000000 -5.187500 0.350000 0 0 0 0 0.000000 0.000000 0.000000 0.000000
-12.649199 -1.333498 -17.983202 0.000000 0.000000 -1.000000 1.000000 -0.000000 0.000000 -5.187500 0.437500 0 0 0 0 0.000000 0.000000 0.000000 0.000000
-12.039599 -0.952498 -17.983202 0.000000 0.000000 -1.000000 1.000000 -0.000000 0.000000 -4.937500 0.312500 0 0 0 0 0.000000 0.000000 0.000000 0.000000
-11.429998 -0.952498 -17.983202 0.000000 0.000000 -1.000000 1.000000 -0.000000 0.000000 -4.687500 0.312500 0 0 0 0 0.000000 0.000000 0.000000 0.000000
-11.429998 -0.903921 -17.983202 0.000000 0.000000 -1.000000 1.000000 0.000000 0.000000 -4.687500 0.296562 0 0 0 0 0.000000 0.000000 0.000000 0.000000
-12.039599 -0.903921 -17.983202 0.000000 0.000000 -1.000000 1.000000 0.000000 0.000000 -4.937500 0.296562 0 0 0 0 0.000000 0.000000 0.000000 0.000000
-12.953999 -1.054035 -17.983202 0.000000 0.000000 -1.000000 1.000000 0.000000 0.000000 -5.312500 0.345812 0 0 0 0 0.000000 0.000000 0.000000 0.000000
-12.268198 -1.054035 -17.983202 0.000000 0.000000 -1.000000 1.000000 0.000000 0.000000 -5.031250 0.345812 0 0 0 0 0.000000 0.000000 0.000000 0.000000
-12.268198 -0.903921 -17.983202 0.000000 0.000000 -1.000000 1.000000 0.000000 0.000000 -5.031250 0.296562 0 0 0 0 0.000000 0.000000 0.000000 0.000000
-12.953999 -0.903921 -17.983202 0.000000 0.000000 -1.000000 1.000000 0.000000 0.000000 -5.312500 0.296562 0 0 0 0 0.000000 0.000000 0.000000 0.000000
-11.201399 -1.066798 -17.983202 0.000000 0.000010 -1.000000 -1.000000 0.000000 -0.000000 -4.593750 0.350000 0 0 0 0 0.000000 0.000000 0.000000 0.000000
-10.820399 -1.066798 -17.983202 0.000000 0.000010 -1.000000 -1.000000 0.000000 -0.000000 -4.437500 0.350000 0 0 0 0 0.000000 0.000000 0.000000 0.000000
-10.629898 -1.066798 -17.983202 0.000000 0.000010 -1.000000 -1.000000 0.000000 -0.000000 -4.359375 0.350000 0 0 0 0 0.000000 0.000000 0.000000 0.000000
-10.629898 -0.903920 -17.983202 0.000000 0.000010 -1.000000 1.000000 -0.000000 0.000000 -4.359375 0.296562 0 0 0 0 0.000000 0.000000 0.000000 0.000000
-11.201399 -0.903920 -17.983202 0.000000 0.000010 -1.000000 1.000000 0.000000 0.000000 -4.593750 0.296562 0 0 0 0 0.000000 0.000000 0.000000 0.000000
-11.201399 -1.054034 -17.983202 0.000000 0.000010 -1.000000 -0.000000 1.000000 0.000010 -4.593750 0.345812 0 0 0 0 0.000000 0.000000 0.000000 0.000000
-12.953999 0.000002 -17.983202 0.000000 -0.000001 -1.000000 1.000000 0.000000 0.000000 -5.312500 0.000000 0 0 0 0 0.000000 0.000000 0.000000 0.000000
-11.201399 -0.903920 -17.983202 0.000000 -0.000001 -1.000000 1.000000 0.000000 0.000000 -4.593750 0.296562 0 0 0 0 0.000000 0.000000 0.000000 0.000000
-11.429998 -1.054035 -17.983202 0.000000 0.000000 -1.000000 1.000000 0.000000 0.000000 -4.687500 0.345812 0 0 0 0 0.000000 0.000000 0.000000 0.000000
-11.429998 -1.066798 -17.983202 0.000000 0.000000 -1.000000 1.000000 0.000000 0.000000 -4.687500 0.350000 0 0 0 0 0.000000 0.000000 0.000000 0.000000
-11.201399 -1.066798 -17.983202 0.000000 0.000000 -1.000000 1.000000 0.000000 0.000000 -4.593750 0.350000 0 0 0 0 0.000000 0.000000 0.000000 0.000000
-11.201399 -1.054034 -17.983202 0.000000 0.000000 -1.000000 1.000000 0.000000 0.000000 -4.593750 0.345812 0 0 0 0 0.000000 0.000000 0.000000 0.000000
-12.039599 -1.066798 -17.983202 0.000000 -0.000041 -1.000000 1.000000 0.000000 0.000000 -4.937500 0.350000 0 0 0 0 0.000000 0.000000 0.000000 0.000000
-12.039599 -1.054035 -17.983202 0.000000 -0.000041 -1.000000 1.000000 0.000000 0.000000 -4.937500 0.345812 0 0 0 0 0.000000 0.000000 0.000000 0.000000
-12.268198 -1.054035 -17.983202 0.000000 -0.000041 -1.000000 1.000000 0.000000 0.000000 -5.031250 0.345812 0 0 0 0 0.000000 0.000000 0.000000 0.000000
-12.953999 -1.054035 -17.983202 0.000000 -0.000041 -1.000000 1.000000 0.000000 0.000000 -5.312500 0.345812 0 0 0 0 0.000000 0.000000 0.000000 0.000000
-12.953999 -1.066798 -17.983202 0.000000 -0.000041 -1.000000 1.000000 0.000000 0.000000 -5.312500 0.350000 0 0 0 0 0.000000 0.000000 0.000000 0.000000
-12.649199 -1.066798 -17.983202 0.000000 -0.000041 -1.000000 -1.000000 -0.000000 -0.000000 -5.187500 0.350000 0 0 0 0 0.000000 0.000000 0.000000 0.000000
-12.953999 -1.066798 -17.983202 1.000000 0.000000 0.000000 -0.000000 -0.000002 1.000000 -7.375000 0.350000 0 0 0 0 0.000000 0.000000 0.000000 0.000000
-12.953999 -1.054035 -17.983202 1.000000 0.000000 0.000000 -0.000000 -0.000002 1.000000 -7.375000 0.345812 0 0 0 0 0.000000 0.000000 0.000000 0.000000
-12.953999 -0.903921 -17.983202 1.000000 0.000000 0.000000 -0.000000 -0.000000 1.000000 -7.375000 0.296562 0 0 0 0 0.000000 0.000000 0.000000 0.000000
-12.953999 0.000002 -17.983202 1.000000 0.000000 0.000000 -0.000000 -0.000000 1.000000 -7.375000 0.000000 0 0 0 0 0.000000 0.000000 0.000000 0.000000
-12.953998 0.000002 -22.250401 1.000000 0.000000 0.000000 -0.000000 -0.000002 1.000000 -9.125000 0.000000 0 0 0 0 0.000000 0.000000 0.000000 0.000000
-12.953998 -1.066797 -22.250401 1.000000 0.000000 0.000000 -0.000000 -0.000000 1.000000 -9.125000 0.350000 0 0 0 0 0.000000 0.000000 0.000000 0.000000
-12.953998 -1.066797 -21.945601 1.000000 0.000000 0.000000 0.000000 0.000000 -1.000000 -9.000000 0.350000 0 0 0 0 0.000000 0.000000 0.000000 0.000000
-10.820397 -1.371597 -21.945601 -0.000000 -0.000000 1.000000 1.000000 0.000000 0.000000 -4.437500 0.450000 0 0 0 0 0.000000 0.000000 0.000000 0.000000
-12.649198 -1.371598 -21.945601 -0.000000 -0.000000 1.000000 1.000000 0.000000 0.000000 -5.187500 0.450000 0 0 0 0 0.000000 0.000000 0.000000 0.000000
-12.649198 -1.066797 -21.945601 -0.000000 -0.000000 1.000000 1.000000 0.000000 0.000000 -5.187500 0.350000 0 0 0 0 0.000000 0.000000 0.000000 0.000000
-10.820397 -1.066797 -21.945601 -0.000000 -0.000000 1.000000 1.000000 0.000000 0.000000 -4.437500 0.350000 0 0 0 0 0.000000 0.000000 0.000000 0.000000
-12.649199 -1.371598 -20.116802 1.000000 0.000000 0.000000 -0.000000 -0.000000 1.000000 -8.250000 0.450000 0 0 0 0 0.000000 0.000000 0.000000 0.000000
-12.649199 -1.066798 -20.116802 1.000000 0.000000 0.000000 -0.000000 -0.000000 1.000000 -8.250000 0.350000 0 0 0 0 0.000000 0.000000 0.000000 0.000000
-12.649198 -1.066797 -21.945601 1.000000 0.000000 0.000000 -0.000000 -0.000000 1.000000 -9.000000 0.350000 0 0 0 0 0.000000 0.000000 0.000000 0.000000
-12.649198 -1.371598 -21.945601 1.000000 0.000000 0.000000 -0.000000 -0.000000 1.000000 -9.000000 0.450000 0 0 0 0 0.000000 0.000000 0.000000 0.000000
-12.649199 -1.371598 -19.812002 1.000000 0.000000 0.000000 -0.000000 -0.000000 1.000000 -8.125000 0.450000 0 0 0 0 0.000000 0.000000 0.000000 0.000000
-12.649199 -1.371598 -17.983202 1.000000 0.000000 0.000000 -0.000000 -0.000000 1.000000 -7.375000 0.450000 0 0 0 0 0.000000 0.000000 0.000000 0.000000
-12.649199 -1.333498 -17.983202 1.000000 0.000000 0.000000 -0.000000 -0.000000 1.000000 -7.375000 0.437500 0 0 0 0 0.000000 0.000000 0.000000 0.000000
-12.649199 -1.066798 -17.983202 1.000000 0.000000 0.000000 -0.000000 -0.000000 1.000000 -7.375000 0.350000 0 0 0 0 0.000000 0.000000 0.000000 0.000000
-12.649199 -1.066798 -19.812002 1.000000 0.000000 0.000000 -0.000000 -0.000000 1.000000 -8.125000 0.350000 0 0 0 0 0.000000 0.000000 0.000000 0.000000
-10.820399 -1.371598 -19.812002 -1.000000 -0.000000 -0.000000 -0.000000 -0.000000 1.000000 -8.125000 0.450000 0 0 0 0 0.000000 0.000000 0.000000 0.000000
-10.820399 -1.066798 -19.812002 -1.000000 -0.000000 -0.000000 -0.000000 -0.000000 1.000000 -8.125000 0.350000 0 0 0 0 0.000000 0.000000 0.000000 0.000000
-10.820399 -1.066798 -17.983202 -1.000000 -0.000000 -0.000000 -0.000000 -0.000000 1.000000 -7.375000 0.350000 0 0 0 0 0.000000 0.000000 0.000000 0.000000
-10.820399 -1.371598 -17.983202 -1.000000 -0.000000 -0.000000 -0.000000 -0.000000 1.000000 -7.375000 0.450000 0 0 0 0 0.000000 0.000000 0.000000 0.000000
-10.820399 -1.066798 -20.116802 -1.000000 -0.000000 -0.000000 -0.000000 -0.000000 1.000000 -8.250000 0.350000 0 0 0 0 0.000000 0.000000 0.000000 0.000000
-10.820399 -1.371598 -20.116802 -1.000000 -0.000000 -0.000000 -0.000000 -0.000000 1.000000 -8.250000 0.450000 0 0 0 0 0.000000 0.000000 0.000000 0.000000
-10.820397 -1.371597 -21.945601 -1.000000 -0.000000 -0.000000 -0.000000 -0.000000 1.000000 -9.000000 0.450000 0 0 0 0 0.000000 0.000000 0.000000 0.000000
-10.820397 -1.066797 -21.945601 -1.000000 -0.000000 -0.000000 -0.000000 -0.000000 1.000000 -9.000000 0.350000 0 0 0 0 0.000000 0.000000 0.000000 0.000000
-10.820397 -1.066797 -21.183598 -1.000000 -0.000000 -0.000000 0.000000 0.000000 -1.000000 -8.687500 0.350000 0 0 0 0 0.000000 0.000000 0.000000 0.000000
-10.820399 -1.066797 -20.878798 -1.000000 -0.000000 -0.000000 -0.000000 -0.000000 1.000000 -8.562500 0.350000 0 0 0 0 0.000000 0.000000 0.000000 0.000000
-10.820399 -1.066798 -17.983202 0.000000 1.000000 0.000000 1.000000 -0.000000 -0.000000 -4.437500 5.900000 0 0 0 0 0.000000 0.000000 0.000000 0.000000
-10.820399 -1.066798 -19.812002 0.000000 1.000000 0.000000 1.000000 0.000000 -0.000000 -4.437500 6.500000 0 0 0 0 0.000000 0.000000 0.000000 0.000000
-10.820399 -1.066798 -20.116802 0.000000 1.000000 0.000000 1.000000 0.000000 -0.000000 -4.437500 6.600000 0 0 0 0 0.000000 0.000000 0.000000 0.000000
-10.820399 -1.066797 -20.878798 0.000000 1.000000 0.000000 1.000000 -0.000000 0.000045 -4.437500 6.850000 0 0 0 0 0.000000 0.000000 0.000000 0.000000
-10.820397 -1.066797 -21.183598 -0.000000 1.000000 0.000000 1.000000 0.000000 0.000000 -4.437500 6.950000 0 0 0 0 0.000000 0.000000 0.000000 0.000000
-10.820397 -1.066797 -21.945601 -0.000000 1.000000 0.000000 1.000000 0.000000 -0.000000 -4.437500 7.200000 0 0 0 0 0.000000 0.000000 0.000000 0.000000
-12.649199 -1.371598 -19.812002 -0.000000 -0.000002 1.000000 1.000000 0.000000 0.000000 -5.187500 0.450000 0 0 0 0 0.000000 0.000000 0.000000 0.000000
-12.649199 -1.066798 -19.812002 -0.000000 -0.000002 1.000000 1.000000 0.000000 0.000000 -5.187500 0.350000 0 0 0 0 0.000000 0.000000 0.000000 0.000000
-11.887199 -1.066798 -19.812002 -0.000000 -0.000002 1.000000 1.000000 0.000000 0.000000 -4.875000 0.350000 0 0 0 0 0.000000 0.000000 0.000000 0.000000
-11.582398 -1.066798 -19.812002 -0.000000 -0.000002 1.000000 1.000000 -0.000000 0.000000 -4.750000 0.350000 0 0 0 0 0.000000 0.000000 0.000000 0.000000
-10.820399 -1.066798 -19.812002 -0.000000 -0.000002 1.000000 1.000000 0.000000 0.000000 -4.437500 0.350000 0 0 0 0 0.000000 0.000000 0.000000 0.000000
-10.820399 -1.371598 -19.812002 -0.000000 -0.000002 1.000000 1.000000 0.000000 0.000000 -4.437500 0.450000 0 0 0 0 0.000000 0.000000 0.000000 0.000000
-12.649199 -1.066798 -20.116802 0.000000 0.000002 -1.000000 1.000000 0.000000 0.000000 -5.187500 0.350000 0 0 0 0 0.000000 0.000000 0.000000 0.000000
-12.649199 -1.371598 -20.116802 0.000000 0.000002 -1.000000 1.000000 0.000000 0.000000 -5.187500 0.450000 0 0 0 0 0.000000 0.000000 0.000000 0.000000
-10.820399 -1.371598 -20.116802 0.000000 0.000002 -1.000000 1.000000 0.000000 0.000000 -4.437500 0.450000 0 0 0 0 0.000000 0.000000 0.000000 0.000000
-10.820399 -1.066798 -20.116802 0.000000 0.000002 -1.000000 1.000000 0.000000 0.000000 -4.437500 0.350000 0 0 0 0 0.000000 0.000000 0.000000 0.000000
-11.582398 -1.066798 -20.116802 0.000000 0.000002 -1.000000 1.000000 0.000000 0.000000 -4.750000 0.350000 0 0 0 0 0.000000 0.000000 0.000000 0.000000
-11.887199 -1.066798 -20.116802 0.000000 0.000002 -1.000000 1.000000 0.000000 0.000000 -4.875000 0.350000 0 0 0 0 0.000000 0.000000 0.000000 0.000000
-11.887199 -1.066798 -19.812002 -0.000000 1.000000 0.000000 1.000000 0.000000 -0.000000 -4.875000 6.500000 0 0 0 0 0.000000 0.000000 0.000000 0.000000
-12.649199 -1.066798 -19.812002 -0.000000 1.000000 0.000000 1.000000 0.000000 -0.000000 -5.187500 6.500000 0 0 0 0 0.000000 0.000000 0.000000 0.000000
-12.649199 -1.066798 -20.116802 -0.000000 1.000000 0.000000 1.000000 0.000000 0.000000 -5.187500 6.600000 0 0 0 0 0.000000 0.000000 0.000000 0.000000
-11.887199 -1.066798 -20.116802 -0.000000 1.000000 0.000000 1.000000 0.000000 -0.000000 -4.875000 6.600000 0 0 0 0 0.000000 0.000000 0.000000 0.000000
-11.582398 -1.066798 -19.812002 -0.000000 1.000000 0.000000 1.000000 0.000000 -0.000000 -4.750000 6.500000 0 0 0 0 0.000000 0.000000 0.000000 0.000000
-11.582398 -1.066798 -20.116802 -0.000000 1.000000 0.000000 1.000000 0.000000 -0.000000 -4.750000 6.600000 0 0 0 0 0.000000 0.000000 0.000000 0.000000
-12.649199 -1.066798 -17.983202 -0.000000 1.000000 0.000000 1.000000 0.000000 0.000000 -5.187500 5.900000 0 0 0 0 0.000000 0.000000 0.000000 0.000000
-12.953999 -1.066798 -17.983202 -0.000000 1.000000 0.000000 1.000000 0.000000 0.000000 -5.312500 5.900000 0 0 0 0 0.000000 0.000000 0.000000 0.000000
-12.953998 -1.066797 -21.945601 -0.000000 1.000000 0.000000 1.000000 0.000000 -0.000002 -5.312500 7.200000 0 0 0 0 0.000000 0.000000 0.000000 0.000000
-12.649198 -1.066797 -21.945601 -0.000000 1.000000 0.000000 1.000000 0.000000 0.000000 -5.187500 7.200000 0 0 0 0 0.000000 0.000000 0.000000 0.000000
-12.649199 -1.066798 -19.812002 -0.000000 1.000000 0.000000 -0.000000 0.000000 -1.000000 -5.187500 6.500000 0 0 0 0 0.000000 0.000000 0.000000 0.000000
-12.953998 -1.066797 -22.250401 -0.000000 1.000000 0.000000 1.000000 0.000000 0.000000 -5.312500 7.300000 0 0 0 0 0.000000 0.000000 0.000000 0.000000
-12.953999 -1.371598 -17.983202 0.000000 0.000000 -1.000000 1.000000 -0.000000 0.000000 -5.312500 0.450000 0 0 0 0 0.000000 0.000000 0.000000 0.000000
-12.953999 -1.981198 -17.983202 0.000000 0.000000 -1.000000 1.000000 -0.000000 0.000000 -5.312500 0.650000 0 0 0 0 0.000000 0.000000 0.000000 0.000000
-12.953999 -1.981198 -17.983202 1.000000 0.000000 0.000000 0.000000 0.000000 1.000000 -7.375000 0.650000 0 0 0 0 0.000000 0.000000 0.000000 0.000000
-12.953999 -4.114798 -17.983202 1.000000 0.000000 0.000000 0.000000 0.000000 1.000000 -7.375000 1.350000 0 0 0 0 0.000000 0.000000 0.000000 0.000000
-12.953999 -4.114798 -17.678402 1.000000 0.000000 0.000000 -0.000000 -0.000000 1.000000 -7.250000 1.350000 0 0 0 0 0.000000 0.000000 0.000000 0.000000
-12.953999 -4.114798 -17.373602 1.000000 0.000000 0.000000 -0.000000 -0.000000 1.000000 -7.125000 1.350000 0 0 0 0 0.000000 0.000000 0.000000 0.000000
-12.953999 -1.981198 -17.373600 1.000000 0.000000 0.000000 -0.000000 -0.000000 1.000000 -7.125000 0.650000 0 0 0 0 0.000000 0.000000 0.000000 0.000000
-10.820399 -1.371598 -17.983202 -0.894427 -0.447215 -0.000000 -0.000000 -0.000000 1.000000 -7.375000 0.450000 0 0 0 0 0.000000 0.000000 0.000000 0.000000
-10.820399 -1.371598 -17.373600 -0.894427 -0.447215 -0.000000 -0.000000 -0.000000 1.000000 -7.125000 0.450000 0 0 0 0 0.000000 0.000000 0.000000 0.000000
-12.649199 -1.371598 -17.373600 0.894427 -0.447213 0.000000 -0.000000 -0.000000 1.000000 -7.125000 0.450000 0 0 0 0 0.000000 0.000000 0.000000 0.000000
-12.649199 -1.371598 -17.983202 0.894427 -0.447213 0.000000 -0.000000 -0.000000 1.000000 -7.375000 0.450000 0 0 0 0 0.000000 0.000000 0.000000 0.000000
-12.953999 -1.981198 -17.983202 0.894427 -0.447213 0.000000 -0.000000 -0.000000 1.000000 -7.375000 0.650000 0 0 0 0 0.000000 0.000000 0.000000 0.000000
-12.953999 -1.981198 -17.373600 0.894427 -0.447213 0.000000 -0.000000 -0.000000 1.000000 -7.125000 0.650000 0 0 0 0 0.000000 0.000000 0.000000 0.000000
-12.649198 -1.981197 -22.250401 -0.000000 -0.000000 1.000000 1.000000 0.000000 0.000000 -5.187500 0.650000 0 0 0 0 0.000000 0.000000 0.000000 0.000000
-12.649198 -4.114798 -22.250401 -0.000000 -0.000000 1.000000 1.000000 0.000000 0.000000 -5.187500 1.350000 0 0 0 0 0.000000 0.000000 0.000000 0.000000
-12.953998 -4.114798 -22.250401 -0.000000 -0.000000 1.000000 1.000000 -0.000000 0.000000 -5.312500 1.350000 0 0 0 0 0.000000 0.000000 0.000000 0.000000
-12.953998 -1.981197 -22.250401 -0.000000 -0.000000 1.000000 1.000000 0.000001 0.000000 -5.312500 0.650000 0 0 0 0 0.000000 0.000000 0.000000 0.000000
-12.649198 -1.371597 -22.250401 -0.000000 -0.000000 1.000000 1.000000 -0.000000 0.000000 -5.187500 0.450000 0 0 0 0 0.000000 0.000000 0.000000 0.000000
-12.191998 -1.371597 -22.250401 -0.000000 -0.000000 1.000000 1.000000 -0.000000 0.000000 -5.000000 0.450000 0 0 0 0 0.000000 0.000000 0.000000 0.000000
-12.191998 -2.438397 -22.250401 -0.000000 -0.000000 1.000000 1.000000 0.000000 0.000000 -5.000000 0.800000 0 0 0 0 0.000000 0.000000 0.000000 0.000000
-12.191998 -3.047998 -22.250401 -0.000000 -0.000000 1.000000 1.000000 0.000001 0.000000 -5.000000 1.000000 0 0 0 0 0.000000 0.000000 0.000000 0.000000
-12.191998 -4.114798 -22.250401 -0.000000 -0.000000 1.000000 1.000000 -0.000000 0.000000 -5.000000 1.350000 0 0 0 0 0.000000 0.000000 0.000000 0.000000
-10.820397 -1.981197 -22.250401 -0.000000 -0.000000 1.000000 1.000000 -0.000000 0.000000 -4.437500 0.650000 0 0 0 0 0.000000 0.000000 0.000000 0.000000
-10.820397 -4.114797 -22.250401 -0.000000 -0.000000 1.000000 1.000000 -0.000000 0.000000 -4.437500 1.350000 0 0 0 0 0.000000 0.000000 0.000000 0.000000
-10.820397 -1.371597 -22.250401 -0.000000 -0.000000 1.000000 -0.000000 1.000000 0.000000 -4.437500 0.450000 0 0 0 0 0.000000 0.000000 0.000000 0.000000
-10.820397 -1.981197 -22.250401 -0.000000 -0.000000 1.000000 -0.000000 1.000000 0.000000 -4.437500 0.650000 0 0 0 0 0.000000 0.000000 0.000000 0.000000
-10.820397 -4.114797 -22.250401 -0.000000 -0.000000 1.000000 -0.000000 1.000000 0.000000 -4.437500 1.350000 0 0 0 0 0.000000 0.000000 0.000000 0.000000
-11.277597 -4.114797 -22.250401 -0.000000 -0.000000 1.000000 1.000000 -0.000000 0.000000 -4.625000 1.350000 0 0 0 0 0.000000 0.000000 0.000000 0.000000
-11.277597 -3.047997 -22.250401 -0.000000 -0.000000 1.000000 1.000000 0.000001 0.000000 -4.625000 1.000000 0 0 0 0 0.000000 0.000000 0.000000 0.000000
-11.277597 -2.438397 -22.250401 -0.000000 -0.000000 1.000000 1.000000 -0.000000 0.000000 -4.625000 0.800000 0 0 0 0 0.000000 0.000000 0.000000 0.000000
-11.277597 -1.371597 -22.250401 -0.000000 -0.000000 1.000000 1.000000 0.000000 0.000000 -4.625000 0.450000 0 0 0 0 0.000000 0.000000 0.000000 0.000000
-11.582397 -4.114797 -22.250401 -0.000000 -0.000001 1.000000 1.000000 0.000001 0.000000 -4.750000 1.350000 0 0 0 0 0.000000 0.000000 0.000000 0.000000
-11.887198 -4.114798 -22.250401 -0.000000 -0.000001 1.000000 1.000000 0.000001 0.000000 -4.875000 1.350000 0 0 0 0 0.000000 0.000000 0.000000 0.000000
-12.953999 -1.371598 -20.116802 0.000000 0.000000 -1.000000 1.000000 -0.000000 0.000000 -5.312500 0.450000 0 0 0 0 0.000000 0.000000 0.000000 0.000000
-12.953999 -1.981198 -20.116802 0.000000 0.000000 -1.000000 1.000000 -0.000000 0.000000 -5.312500 0.650000 0 0 0 0 0.000000 0.000000 0.000000 0.000000
-12.953999 -1.981198 -20.116802 1.000000 0.000000 0.000000 -0.000000 -0.000000 1.000000 -8.250000 0.650000 0 0 0 0 0.000000 0.000000 0.000000 0.000000
-12.953999 -4.114798 -20.116802 1.000000 0.000000 0.000000 -0.000000 -0.000000 1.000000 -8.250000 1.350000 0 0 0 0 0.000000 0.000000 0.000000 0.000000
-12.953999 -4.114798 -19.812002 1.000000 0.000000 0.000000 0.000000 -0.000000 1.000000 -8.125000 1.350000 0 0 0 0 0.000000 0.000000 0.000000 0.000000
-12.953999 -1.981198 -19.812002 1.000000 0.000000 0.000000 0.000000 -0.000000 1.000000 -8.125000 0.650000 0 0 0 0 0.000000 0.000000 0.000000 0.000000
-12.953999 -1.371598 -17.983202 1.000000 0.000000 -0.000000 0.000000 0.000000 1.000000 -7.375000 0.450000 0 0 0 0 0.000000 0.000000 0.000000 0.000000
-12.953999 -1.371598 -19.812002 1.000000 0.000000 -0.000000 0.000000 -0.000000 1.000000 -8.125000 0.450000 0 0 0 0 0.000000 0.000000 0.000000 0.000000
-12.953999 -4.114798 -18.897602 1.000000 0.000000 -0.000000 0.000000 0.000000 1.000000 -7.750000 1.350000 0 0 0 0 0.000000 0.000000 0.000000 0.000000
-12.953999 -4.114798 -18.592802 1.000000 0.000000 -0.000000 -0.000000 -0.000000 -1.000000 -7.625000 1.350000 0 0 0 0 0.000000 0.000000 0.000000 0.000000
-12.953999 -1.981198 -19.812002 -0.000000 -0.000000 1.000000 1.000000 -0.000000 0.000000 -5.312500 0.650000 0 0 0 0 0.000000 0.000000 0.000000 0.000000
-12.953999 -1.371598 -19.812002 -0.000000 -0.000000 1.000000 1.000000 -0.000000 0.000000 -5.312500 0.450000 0 0 0 0 0.000000 0.000000 0.000000 0.000000
-12.649199 -1.371598 -19.812002 0.894427 -0.447214 0.000000 -0.000000 0.000000 1.000000 -8.125000 0.450000 0 0 0 0 0.000000 0.000000 0.000000 0.000000
-12.649199 -1.371598 -20.116802 0.894427 -0.447214 0.000000 -0.000000 0.000000 1.000000 -8.250000 0.450000 0 0 0 0 0.000000 0.000000 0.000000 0.000000
-12.953999 -1.981198 -20.116802 0.894427 -0.447214 0.000000 -0.000000 0.000000 1.000000 -8.250000 0.650000 0 0 0 0 0.000000 0.000000 0.000000 0.000000
-12.953999 -1.981198 -19.812002 0.894427 -0.447214 0.000000 -0.000000 0.000000 1.000000 -8.125000 0.650000 0 0 0 0 0.000000 0.000000 0.000000 0.000000
-12.649198 -1.371597 -22.250401 1.000000 0.000000 0.000000 -0.000000 -0.000000 1.000000 -9.125000 0.450000 0 0 0 0 0.000000 0.000000 0.000000 0.000000
-12.649198 -1.981197 -22.250401 1.000000 0.000000 0.000000 -0.000000 -0.000000 1.000000 -9.125000 0.650000 0 0 0 0 0.000000 0.000000 0.000000 0.000000
-10.820397 -1.981197 -22.250401 -1.000000 -0.000000 -0.000000 -0.000000 -0.000001 1.000000 -9.125000 0.650000 0 0 0 0 0.000000 0.000000 0.000000 0.000000
-10.820397 -1.371597 -22.250401 -1.000000 -0.000000 -0.000000 -0.000000 -0.000001 1.000000 -9.125000 0.450000 0 0 0 0 0.000000 0.000000 0.000000 0.000000
-10.820397 -1.371597 -21.945601 -0.000000 -0.447214 0.894427 1.000000 -0.000000 0.000000 -4.437500 0.450000 0 0 0 0 0.000000 0.000000 0.000000 0.000000
-10.820397 -1.981197 -22.250401 -0.000000 -0.447214 0.894427 1.000000 -0.000000 0.000000 -4.437500 0.650000 0 0 0 0 0.000000 0.000000 0.000000 0.000000
-12.953998 -1.981197 -22.250401 1.000000 0.000000 0.000000 -0.000000 -0.000000 1.000000 -9.125000 0.650000 0 0 0 0 0.000000 0.000000 0.000000 0.000000
-12.953998 -4.114798 -22.250401 1.000000 0.000000 0.000000 -0.000000 -0.000000 1.000000 -9.125000 1.350000 0 0 0 0 0.000000 0.000000 0.000000 0.000000
-12.953999 -1.371598 -20.116802 1.000000 0.000000 0.000000 -0.000000 -0.000000 1.000000 -8.250000 0.450000 0 0 0 0 0.000000 0.000000 0.000000 0.000000
-12.953998 -1.371598 -21.945601 1.000000 0.000000 0.000000 -0.000000 -0.000000 1.000000 -9.000000 0.450000 0 0 0 0 0.000000 0.000000 0.000000 0.000000
-12.953998 -1.371598 -21.945601 -0.000000 -0.447214 0.894427 1.000000 -0.000000 0.000000 -5.312500 0.450000 0 0 0 0 0.000000 0.000000 0.000000 0.000000
-12.649198 -1.371598 -21.945601 -0.000000 -0.447214 0.894427 1.000000 -0.000000 0.000000 -5.187500 0.450000 0 0 0 0 0.000000 0.000000 0.000000 0.000000
-12.649198 -1.981197 -22.250401 -0.000000 -0.447214 0.894427 1.000000 0.000000 0.000000 -5.187500 0.650000 0 0 0 0 0.000000 0.000000 0.000000 0.000000
-12.953998 -1.981197 -22.250401 -0.000000 -0.447214 0.894427 1.000000 -0.000000 0.000000 -5.312500 0.650000 0 0 0 0 0.000000 0.000000 0.000000 0.000000
IndexCount: 3366
3 1 0
5 3 0
3 2 1
95 2 3
3 96 95
120 95 96
3 97 96
120 96 119
3 98 97
98 117 97
99 98 3
98 118 117
3 100 99
116 115 99
116 99 100
3 101 100
5 4 3
3 4 102
3 102 101
102 121 101
102 111 121
112 111 110
112 110 108
112 108 109
113 112 109
103 108 107
103 107 106
103 106 105
105 104 103
109 114 113
6 12 11
6 11 10
6 10 9
6 9 8
8 7 6
6 7 17
6 17 16
6 16 15
6 15 14
14 13 6
21 19 18
21 18 244
21 20 19
244 245 21
244 249 248
244 248 247
244 247 246
244 246 245
25 23 22
23 250 22
25 24 23
23 251 250
29 27 26
29 28 27
33 31 30
33 32 31
34 38 37
34 37 36
36 35 34
42 40 39
45 42 39
45 43 42
42 41 40
46 49 40
46 40 41
46 41 48
46 50 49
48 47 46
45 44 43
51 58 57
51 57 56
51 56 55
51 55 54
51 54 53
53 52 51
62 60 59
392 62 59
392 59 391
62 61 60
68 60 61
68 61 67
67 63 68
63 67 66
63 66 65
65 64 63
391 395 394
391 394 393
393 392 391
72 70 69
72 71 70
73 76 72
73 72 75
73 77 76
75 74 73
78 82 81
78 81 80
80 79 78
83 82 78
78 84 83
83 85 82
83 86 85
90 88 87
90 89 88
89 396 88
89 397 396
397 398 396
397 399 398
94 92 91
92 400 91
94 93 92
92 401 400
401 402 400
401 403 402
125 123 122
144 142 122
144 122 123
125 124 123
144 123 141
144 143 142
145 144 141
141 147 146
141 146 145
124 140 139
139 127 124
139 138 126
139 126 127
129 128 127
129 127 126
128 134 133
133 130 128
133 132 131
133 131 130
135 130 131
131 137 136
131 136 135
148 152 151
148 151 150
150 149 148
153 154 148
148 149 153
153 156 155
153 155 154
174 153 158
174 158 159
159 158 157
157 160 159
157 162 161
157 161 160
173 157 168
173 168 169
169 168 163
163 170 169
163 167 166
163 166 165
165 164 163
163 172 171
163 171 170
178 176 175
178 177 176
179 184 183
183 180 179
183 182 181
183 181 180
188 186 185
193 190 185
193 185 186
188 187 186
186 194 193
193 189 190
192 191 190
192 190 189
198 196 195
198 197 196
202 200 199
202 201 200
203 208 207
207 204 203
207 206 205
207 205 204
209 214 213
209 213 212
209 212 211
211 210 209
218 216 215
218 217 216
222 220 219
222 221 220
226 224 223
226 225 224
230 228 227
230 229 228
231 237 236
231 236 235
231 235 234
231 234 233
233 232 231
238 232 243
238 243 242
238 242 241
241 239 238
241 240 239
255 253 252
255 254 253
259 257 256
259 258 257
260 267 266
260 266 265
260 265 264
260 264 263
260 263 262
262 261 260
268 264 265
265 269 268
280 279 268
280 268 269
265 270 269
265 271 270
274 273 270
274 270 271
265 272 271
278 276 275
278 277 276
281 286 285
281 285 284
281 284 283
283 282 281
281 282 289
281 289 288
288 287 281
288 289 291
288 291 290
291 414 413
291 413 290
415 414 418
415 418 417
417 416 415
295 293 292
420 295 292
420 292 419
295 294 293
422 420 419
422 421 420
296 301 300
296 300 299
296 299 298
298 297 296
302 297 306
302 306 305
302 305 304
304 303 302
310 308 307
310 309 308
314 312 311
314 313 312
318 316 315
318 317 316
317 423 316
317 424 423
424 425 423
424 426 425
319 328 327
319 327 326
319 326 325
319 325 324
319 324 323
319 323 322
319 322 321
321 320 319
337 326 340
337 340 339
339 338 337
355 340 354
357 356 355
355 354 353
355 353 352
355 352 351
357 355 351
351 358 357
348 322 329
348 329 330
348 330 350
350 349 348
332 330 329
332 331 330
336 334 333
336 335 334
341 347 346
341 346 345
341 345 344
344 342 341
344 343 342
362 360 359
362 361 360
366 364 363
366 365 364
370 368 367
370 369 368
374 372 371
374 373 372
378 376 375
378 377 376
382 380 379
382 381 380
386 384 383
386 385 384
390 388 387
390 389 388
404 408 407
404 407 406
406 405 404
894 406 407
894 407 893
405 406 894
405 894 895
895 899 405
895 894 893
893 898 897
893 897 896
893 896 895
412 410 409
412 411 410
889 410 892
889 892 891
891 890 889
430 428 427
430 429 428
434 432 431
434 433 432
435 441 440
440 436 435
440 439 438
440 438 437
440 437 436
440 444 443
440 443 442
443 448 447
446 445 442
452 450 449
452 451 450
453 451 457
453 457 456
453 456 455
455 454 453
461 459 458
461 460 459
462 460 466
462 466 465
462 465 464
464 463 462
470 468 467
470 469 468
471 469 475
471 475 474
471 474 473
473 472 471
476 480 479
476 479 478
478 477 476
484 480 476
484 481 480
484 483 482
484 482 481
488 486 485
488 487 486
588 592 486
588 486 591
588 591 581
588 581 578
588 578 590
590 589 588
581 580 579
581 579 578
579 580 585
579 585 584
579 584 583
579 583 582
585 587 586
585 586 584
492 490 489
562 492 489
562 489 564
492 491 490
562 565 492
562 567 566
562 566 565
564 563 562
575 566 577
572 569 575
572 575 574
575 577 574
572 576 569
574 573 572
571 570 569
571 569 568
498 494 493
498 497 496
498 496 495
498 495 494
502 500 499
514 499 500
502 501 500
514 500 503
514 503 504
504 515 514
506 504 503
506 505 504
507 513 512
507 512 511
507 511 510
507 510 509
509 508 507
539 512 513
539 538 512
516 521 520
516 520 519
516 519 518
518 517 516
540 520 543
540 543 542
542 541 540
557 542 561
557 561 560
557 560 559
559 558 557
522 527 526
522 526 525
522 525 524
524 523 522
528 531 530
528 530 529
528 537 536
528 536 535
534 529 533
534 533 532
544 550 549
544 549 548
544 548 547
544 547 546
546 545 544
553 549 550
553 554 549
551 554 553
553 552 551
551 555 554
551 556 555
555 556 547
555 547 548
593 597 596
593 596 595
595 594 593
598 601 597
598 597 600
598 602 601
600 599 598
606 604 603
606 605 604
607 610 606
607 606 609
607 611 610
609 608 607
615 613 612
612 619 618
612 618 617
612 617 616
616 615 612
615 614 613
623 621 620
623 622 621
624 621 628
624 628 627
624 627 626
626 625 624
632 630 629
632 631 630
633 630 637
633 637 636
633 636 635
635 634 633
641 639 638
829 828 638
829 638 639
641 640 639
639 824 825
639 825 829
827 825 824
827 826 825
830 826 827
827 831 830
830 832 826
642 647 646
642 646 645
642 645 644
644 643 642
662 645 646
645 660 659
659 644 645
659 656 644
659 658 657
659 657 656
661 658 659
671 657 658
671 658 661
671 661 673
673 672 671
651 649 648
651 650 649
687 650 651
687 651 690
687 690 689
689 688 687
655 653 652
655 654 653
748 739 655
654 740 745
654 745 744
741 740 739
741 739 738
748 747 739
741 736 743
741 743 742
732 737 736
732 736 735
732 735 734
734 733 732
737 732 1323
1323 1324 737
1323 1326 1325
1323 1325 1324
1333 1324 1327
1333 1327 1336
1336 1334 1333
1329 1328 1327
1329 1327 1319
1322 1320 1319
1322 1321 1320
1332 1330 1320
1332 1331 1330
1336 1335 1334
746 734 735
746 735 738
666 664 663
666 665 664
670 668 667
670 669 668
674 678 677
674 677 676
676 675 674
675 1343 674
675 1344 1343
682 680 679
683 679 680
682 681 680
683 680 686
683 686 685
685 684 683
694 692 691
1470 694 691
1470 691 1469
694 693 692
698 696 695
1351 698 695
698 697 696
1345 1351 1350
1345 1350 1349
1345 1349 1348
1345 1348 1347
1347 1346 1345
1352 1350 1355
1352 1355 1354
1354 1353 1352
1448 1447 1355
699 703 702
699 702 701
701 700 699
700 701 1376
700 1376 1363
700 1363 1364
700 1364 1367
700 1367 1368
1368 1375 700
1364 1363 1362
1364 1362 1361
1368 1367 1366
1368 1366 1365
707 705 704
704 711 710
704 710 709
704 709 708
708 707 704
707 706 705
715 713 712
713 1300 712
715 714 713
722 714 715
722 715 721
717 713 714
1304 1300 713
713 717 1304
1304 1308 1300
1307 1305 1304
1307 1304 717
1304 1309 1308
716 718 717
717 714 716
717 718 1307
1307 1306 1305
1306 1314 1305
1306 1312 1314
1310 1313 1312
1310 1312 1311
1310 1311 1302
1310 1302 1303
1303 1308 1310
1315 1302 1311
1315 1311 1317
1303 1302 1301
1315 1318 1302
1317 1316 1315
716 719 718
722 716 714
722 721 720
723 727 726
723 726 725
725 724 723
833 723 724
833 724 835
835 834 833
731 729 728
729 1454 728
731 730 729
729 1455 1454
752 750 749
752 751 750
756 754 753
756 755 754
760 758 757
760 759 758
761 766 765
761 765 764
761 764 763
763 762 761
849 848 766
770 768 767
770 769 768
774 772 771
775 778 771
775 771 772
774 773 772
775 772 777
777 776 775
782 780 779
782 781 780
813 781 782
813 782 815
813 806 781
806 805 804
806 804 803
813 805 806
805 1422 1421
805 1421 804
1422 805 813
813 1444 1422
1437 1444 1443
813 1443 1444
1438 1437 1436
1441 1445 1437
1437 1443 1442
1437 1442 1441
813 1446 1443
815 814 813
1438 1436 1435
783 788 787
787 784 783
787 786 785
787 785 784
837 836 784
785 845 844
789 794 793
789 793 792
789 792 791
791 790 789
789 839 838
847 846 794
798 796 795
798 797 796
802 800 799
802 801 800
807 812 811
807 811 810
807 810 809
809 808 807
808 809 1420
808 1420 1419
808 1419 1418
1418 1417 808
1419 1440 1439
1419 1439 1418
819 817 816
819 818 817
823 821 820
1501 823 820
1501 820 1500
823 822 821
843 841 840
843 842 841
853 851 850
853 852 851
857 855 854
857 856 855
858 864 863
858 863 862
858 862 861
861 859 858
862 863 878
862 878 879
873 879 878
873 878 877
873 877 876
876 874 873
876 875 874
861 860 859
868 866 865
868 867 866
872 870 869
872 871 870
880 884 883
880 883 882
882 881 880
888 886 885
888 887 886
903 901 900
903 902 901
907 905 904
913 914 904
913 904 905
907 906 905
917 921 907
917 907 920
913 905 908
908 909 913
908 912 911
908 911 910
910 909 908
910 1022 909
1040 909 1022
910 1023 1022
1040 1022 1024
1056 1027 1023
1056 1023 910
1027 1026 1025
1027 1025 1024
1056 1026 1027
1040 1024 1025
1040 1025 1043
1040 1043 1039
1034 1039 1038
1040 1039 1042
1034 1038 1037
1034 1037 1036
1036 1035 1034
1045 1036 1037
1045 1044 1036
1013 1035 1036
1013 1036 1017
1054 1044 1045
1054 1045 1031
1054 1021 1044
1054 1020 1021
1054 1031 1032
1054 1032 1056
1056 1055 1054
1028 1032 1031
1028 1031 1030
1028 1033 1032
1056 1032 1033
1030 1029 1028
1056 1033 1026
1056 910 1059
1056 1059 1058
1058 1057 1056
910 911 916
910 916 915
1017 1021 1020
1017 1020 1019
1019 1018 1017
1013 1017 1018
1051 1019 1020
1020 1052 1051
1051 1016 1019
1016 1011 1012
1016 1012 1015
1051 1011 1016
1008 1012 1011
1008 1011 1010
1051 1053 1011
1008 1013 1012
1015 1012 1013
1013 1018 1015
1008 1014 1013
1050 1013 1014
1010 1009 1008
1050 1014 1048
1049 1048 1047
1049 1047 1046
1265 1262 1053
1053 1051 1265
1265 1264 1263
1265 1263 1262
1051 1266 1265
1051 1079 1268
1051 1268 1267
1051 1267 1266
1076 1080 1079
1076 1079 1078
1078 1077 1076
1081 1080 1076
1076 1082 1081
1081 1083 1080
1081 1084 1083
1042 1041 1040
917 920 919
917 922 921
919 918 917
926 924 923
926 925 924
927 924 930
927 930 929
929 928 927
936 932 931
936 935 934
936 934 933
936 933 932
940 938 937
940 939 938
941 944 940
941 940 943
943 942 941
945 951 950
945 950 949
949 946 945
945 1261 1260
945 1260 1259
1259 951 945
949 948 947
949 947 946
955 953 952
955 954 953
956 960 959
956 959 958
958 957 956
963 958 959
959 962 963
963 971 958
961 964 963
963 962 961
961 965 964
1246 965 961
961 1250 1249
961 1249 1248
961 1248 1247
961 1247 1246
1253 1249 1252
1253 1252 1251
966 969 957
966 957 968
966 970 969
968 967 966
972 977 976
972 976 975
972 975 974
974 973 972
972 973 981
972 981 980
972 980 979
972 979 978
980 981 1257
980 1257 1254
1254 1258 980
1257 1256 1255
1257 1255 1254
982 986 985
982 985 984
984 983 982
987 991 990
987 990 989
989 988 987
998 990 991
998 997 990
992 996 995
992 995 994
994 993 992
1002 1000 999
1002 999 1003
1002 1001 1000
1003 1004 1002
1003 1005 1004
1007 1006 1004
1007 1004 1005
1063 1061 1060
1060 1061 1066
1060 1066 1065
1065 1064 1060
1063 1062 1061
1070 1068 1067
1070 1069 1068
1071 1075 1074
1071 1074 1073
1073 1072 1071
1085 1089 1088
1085 1088 1087
1087 1086 1085
1093 1091 1090
1093 1092 1091
1097 1095 1094
1097 1096 1095
1098 1104 1103
1098 1103 1102
1098 1102 1101
1100 1099 1098
1101 1100 1098
1102 1103 1165
1102 1165 1164
1174 1164 1165
1174 1165 1178
1174 1178 1177
1176 1175 1174
1177 1176 1174
1108 1106 1105
1108 1107 1106
1112 1110 1109
1112 1111 1110
1113 1118 1117
1113 1117 1116
1113 1116 1115
1115 1114 1113
1122 1120 1119
1122 1121 1120
1123 1128 1127
1123 1127 1126
1123 1126 1125
1125 1124 1123
1123 1124 1134
1123 1134 1133
1123 1133 1132
1123 1132 1131
1123 1131 1130
1130 1129 1123
1135 1141 1140
1140 1136 1135
1140 1139 1138
1140 1138 1137
1140 1137 1136
1142 1136 1148
1142 1148 1147
1145 1143 1142
1147 1145 1142
1147 1146 1145
1145 1144 1143
1152 1150 1149
1152 1151 1150
1153 1158 1157
1153 1157 1156
1153 1156 1155
1155 1154 1153
1159 1163 1162
1159 1162 1161
1161 1160 1159
1238 1162 1163
1238 1237 1162
1238 1245 1244
1244 1237 1238
1244 1243 1237
1169 1167 1166
1169 1168 1167
1173 1171 1170
1173 1172 1171
1182 1180 1179
1182 1181 1180
1183 1188 1187
1183 1187 1186
1183 1186 1185
1185 1184 1183
1192 1190 1189
1192 1191 1190
1196 1194 1193
1196 1195 1194
1202 1198 1197
1197 1198 1208
1197 1208 1207
1202 1201 1200
1202 1200 1199
1202 1199 1198
1206 1204 1203
1206 1205 1204
1209 1215 1214
1209 1214 1213
1209 1213 1212
1209 1212 1211
1211 1210 1209
1216 1210 1223
1216 1223 1222
1216 1222 1221
1216 1221 1220
1216 1220 1219
1216 1219 1218
1218 1217 1216
1227 1225 1224
1227 1226 1225
1228 1226 1227
1228 1227 1230
1228 1231 1226
1230 1229 1228
1232 1236 1235
1232 1235 1234
1234 1233 1232
1242 1240 1239
1242 1241 1240
1272 1270 1269
1272 1271 1270
1276 1274 1273
1276 1275 1274
1277 1281 1280
1277 1280 1279
1279 1278 1277
1285 1283 1282
1285 1284 1283
1289 1287 1286
1289 1288 1287
1293 1291 1290
1299 1293 1290
1293 1292 1291
1299 1294 1293
1299 1298 1297
1299 1297 1296
1299 1296 1295
1299 1295 1294
1337 1342 1341
1337 1341 1340
1337 1340 1339
1339 1338 1337
1356 1360 1359
1356 1359 1358
1358 1357 1356
1369 1374 1373
1369 1373 1372
1369 1372 1371
1371 1370 1369
1380 1378 1377
1380 1379 1378
1381 1386 1385
1381 1385 1384
1381 1384 1383
1383 1382 1381
1387 1393 1392
1387 1392 1391
1391 1388 1387
1391 1390 1389
1391 1389 1388
1397 1395 1394
1397 1396 1395
1401 1399 1398
1401 1400 1399
1497 1496 1401
1402 1406 1405
1402 1405 1404
1404 1403 1402
1410 1408 1407
1410 1409 1408
1416 1412 1411
1416 1415 1414
1416 1414 1413
1416 1413 1412
1413 1499 1498
1423 1428 1427
1423 1427 1426
1423 1426 1425
1425 1424 1423
1423 1491 1490
1434 1430 1429
1434 1433 1432
1434 1432 1431
1434 1431 1430
1481 1480 1430
1449 1453 1452
1449 1452 1451
1451 1450 1449
1488 1486 1449
1488 1449 1450
1450 1489 1488
1488 1484 1485
1488 1485 1487
1488 1487 1486
1485 1484 1483
1485 1483 1482
1502 1482 1483
1483 1503 1502
1502 1504 1482
1502 1505 1504
1459 1457 1456
1459 1458 1457
1463 1461 1460
1460 1461 1468
1460 1468 1467
1460 1467 1466
1460 1466 1465
1460 1465 1464
1463 1462 1461
1465 1466 1476
1465 1476 1477
1471 1477 1476
1471 1476 1475
1471 1475 1474
1471 1474 1473
1473 1472 1471
1478 1474 1475
1478 1475 1467
1468 1479 1478
1478 1467 1468
1495 1493 1492
1495 1494 1493
1509 1507 1506
1509 1508 1507
