VertexCount: 669
-20.250149 -3.752847 -15.259051 0.000001 -1.000000 -0.000000 1.000000 0.000001 -0.000001 -15.921875 11.843750 0 0 0 0 0.000000 0.000000 0.000000 0.000000
-20.107275 -3.752847 -15.116177 0.000001 -1.000000 -0.000000 1.000000 -0.000001 0.000002 -15.804688 11.726562 0 0 0 0 0.000000 0.000000 0.000000 0.000000
-19.945351 -3.752847 -15.278102 0.000001 -1.000000 -0.000000 1.000000 -0.000001 0.000002 -15.671875 11.859375 0 0 0 0 0.000000 0.000000 0.000000 0.000000
-19.888201 -3.752847 -15.335251 0.000001 -1.000000 -0.000000 1.000000 0.000001 -0.000002 -15.625000 11.906250 0 0 0 0 0.000000 0.000000 0.000000 0.000000
-19.726274 -3.752847 -15.497176 0.000001 -1.000000 -0.000000 1.000000 0.000001 0.000003 -15.492188 12.039062 0 0 0 0 0.000000 0.000000 0.000000 0.000000
-19.869150 -3.752847 -15.640051 0.000001 -1.000000 -0.000000 1.000000 0.000001 -0.000001 -15.609375 12.156250 0 0 0 0 0.000000 0.000000 0.000000 0.000000
-20.050123 -3.752847 -15.059026 0.000000 -1.000000 -0.000000 1.000000 -0.000001 0.000001 -15.757812 11.679688 0 0 0 0 0.000000 0.000000 0.000000 0.000000
-19.926300 -3.752847 -14.935201 0.000000 -1.000000 -0.000000 1.000000 0.000000 -0.000002 -15.656250 11.578125 0 0 0 0 0.000000 0.000000 0.000000 0.000000
-19.545300 -3.752847 -15.316201 0.000000 -1.000000 -0.000000 1.000000 0.000000 -0.000001 -15.343750 11.890625 0 0 0 0 0.000000 0.000000 0.000000 0.000000
-19.669125 -3.752847 -15.440026 0.000000 -1.000000 -0.000000 1.000000 0.000001 -0.000001 -15.445312 11.992188 0 0 0 0 0.000000 0.000000 0.000000 0.000000
-19.831051 -3.752847 -15.278102 0.000000 -1.000000 -0.000000 0.862856 0.000001 -0.505450 -15.578125 11.859375 0 0 0 0 0.000000 0.000000 0.000000 0.000000
-19.888201 -3.752847 -15.220950 0.000000 -1.000000 -0.000000 1.000000 -0.000001 0.000001 -15.625000 11.812500 0 0 0 0 0.000000 0.000000 0.000000 0.000000
-19.678650 -3.752847 -15.449552 0.000001 -1.000000 -0.000000 1.000000 0.000001 0.000004 -15.453125 12.000000 0 0 0 0 0.000000 0.000000 0.000000 0.000000
-19.697701 -3.752847 -15.468600 0.000001 -1.000000 -0.000000 1.000000 0.000001 -0.000019 -15.468750 12.015625 0 0 0 0 0.000000 0.000000 0.000000 0.000000
-20.059650 -3.752847 -15.068551 -0.000003 -1.000000 -0.000000 1.000000 -0.000003 0.000008 -15.765625 11.687500 0 0 0 0 0.000000 0.000000 0.000000 0.000000
-19.735800 -3.486147 -15.601951 0.707106 -0.000009 -0.707108 0.707108 -0.000000 0.707106 -12.265625 2.531250 0 0 0 0 0.000000 0.000000 0.000000 0.000000
-19.735800 -3.524247 -15.601951 0.707106 -0.000009 -0.707108 0.707108 -0.000000 0.707106 -12.265625 2.562500 0 0 0 0 0.000000 0.000000 0.000000 0.000000
-19.564350 -3.524247 -15.430500 0.707106 -0.000009 -0.707108 0.707108 -0.000000 0.707106 -12.125000 2.562500 0 0 0 0 0.000000 0.000000 0.000000 0.000000
-19.488150 -3.524247 -15.354300 0.707106 -0.000009 -0.707108 0.707108 0.000000 0.707106 -12.062500 2.562500 0 0 0 0 0.000000 0.000000 0.000000 0.000000
-19.488150 -3.486147 -15.354300 0.707106 -0.000009 -0.707108 0.707108 -0.000000 0.707106 -12.062500 2.531250 0 0 0 0 0.000000 0.000000 0.000000 0.000000
-20.269199 -3.676648 -15.278100 -0.666666 -0.333339 -0.666665 -0.707106 -0.000000 0.707107 -12.265625 2.593750 0 0 0 0 0.000000 0.000000 0.000000 0.000000
-20.250149 -3.752847 -15.259051 -0.666666 -0.333339 -0.666665 -0.707106 -0.000000 0.707107 -12.250000 2.656250 0 0 0 0 0.000000 0.000000 0.000000 0.000000
-19.869150 -3.752847 -15.640051 -0.666666 -0.333339 -0.666665 -0.707106 0.000000 0.707107 -12.562500 2.656250 0 0 0 0 0.000000 0.000000 0.000000 0.000000
-19.888201 -3.676648 -15.659100 -0.666666 -0.333339 -0.666665 -0.707106 -0.000000 0.707107 -12.578125 2.593750 0 0 0 0 0.000000 0.000000 0.000000 0.000000
-20.134327 -3.676648 -15.412974 -0.666666 -0.333339 -0.666665 0.707106 0.000000 -0.707107 -12.376250 2.593750 0 0 0 0 0.000000 0.000000 0.000000 0.000000
-19.812000 -3.105147 -14.820899 0.301510 0.904535 0.301511 0.948684 -0.316226 -0.000003 -15.562500 11.484375 0 0 0 0 0.000000 0.000000 0.000000 0.000000
-19.869150 -3.067047 -14.878049 0.301510 0.904535 0.301511 0.948684 -0.316226 -0.000003 -15.609375 11.531250 0 0 0 0 0.000000 0.000000 0.000000 0.000000
-19.488150 -3.067047 -15.259050 0.301510 0.904535 0.301511 0.948684 -0.316226 -0.000003 -15.296875 11.843750 0 0 0 0 0.000000 0.000000 0.000000 0.000000
-19.419760 -3.105147 -15.213140 0.301510 0.904535 0.301511 0.948684 -0.316225 -0.000005 -15.240781 11.806094 0 0 0 0 0.000000 0.000000 0.000000 0.000000
-19.431000 -3.105147 -15.201900 0.301510 0.904535 0.301511 0.707107 0.000000 -0.707107 -15.250000 11.796875 0 0 0 0 0.000000 0.000000 0.000000 0.000000
-19.964399 -3.486147 -14.878049 -0.707107 0.000002 0.707106 0.707106 -0.000000 0.707107 -11.218750 2.531250 0 0 0 0 0.000000 0.000000 0.000000 0.000000
-19.964399 -3.524247 -14.878049 -0.707107 0.000002 0.707106 0.707106 -0.000000 0.707107 -11.218750 2.562500 0 0 0 0 0.000000 0.000000 0.000000 0.000000
-20.040600 -3.524247 -14.954250 -0.707107 0.000002 0.707106 0.707106 -0.000000 0.707107 -11.281250 2.562500 0 0 0 0 0.000000 0.000000 0.000000 0.000000
-20.193001 -3.524247 -15.106650 -0.707107 0.000002 0.707106 0.707106 0.000000 0.707107 -11.406250 2.562500 0 0 0 0 0.000000 0.000000 0.000000 0.000000
-20.212049 -3.524247 -15.125699 -0.707107 0.000002 0.707106 0.707106 0.000000 0.707107 -11.421875 2.562500 0 0 0 0 0.000000 0.000000 0.000000 0.000000
-20.212049 -3.486147 -15.125699 -0.707107 0.000002 0.707106 0.707106 0.000000 0.707107 -11.421875 2.531250 0 0 0 0 0.000000 0.000000 0.000000 0.000000
-20.193001 -3.486147 -15.201900 0.707108 -0.000016 -0.707106 0.707106 0.000000 0.707108 -11.937500 2.531250 0 0 0 0 0.000000 0.000000 0.000000 0.000000
-20.193001 -3.524247 -15.201900 0.707108 -0.000016 -0.707106 0.707106 0.000000 0.707108 -11.937500 2.562500 0 0 0 0 0.000000 0.000000 0.000000 0.000000
-20.135851 -3.524247 -15.144751 0.707108 -0.000016 -0.707106 0.707106 0.000000 0.707108 -11.890625 2.562500 0 0 0 0 0.000000 0.000000 0.000000 0.000000
-20.078701 -3.524247 -15.087600 0.707108 -0.000016 -0.707106 0.707106 -0.000000 0.707108 -11.843750 2.562500 0 0 0 0 0.000000 0.000000 0.000000 0.000000
-20.059650 -3.524247 -15.068549 0.707108 -0.000016 -0.707106 0.707106 0.000000 0.707108 -11.828125 2.562500 0 0 0 0 0.000000 0.000000 0.000000 0.000000
-19.926300 -3.524247 -14.935200 0.707108 -0.000016 -0.707106 0.707106 0.000000 0.707108 -11.718750 2.562500 0 0 0 0 0.000000 0.000000 0.000000 0.000000
-19.926300 -3.486147 -14.935200 0.707108 -0.000016 -0.707106 0.707106 0.000000 0.707108 -11.718750 2.531250 0 0 0 0 0.000000 0.000000 0.000000 0.000000
-20.135851 -3.676648 -15.144751 -0.707112 -0.000015 0.707101 -0.577352 0.577350 -0.577348 -12.312500 2.593750 0 0 0 0 0.000000 0.000000 0.000000 0.000000
-20.078701 -3.733798 -15.087600 -0.707112 -0.000015 0.707101 -0.577352 0.577350 -0.577348 -12.265625 2.640625 0 0 0 0 0.000000 0.000000 0.000000 0.000000
-20.059650 -3.752847 -15.068551 -0.707112 -0.000015 0.707101 -0.577352 0.577350 -0.577348 -12.250000 2.656250 0 0 0 0 0.000000 0.000000 0.000000 0.000000
-20.107275 -3.752847 -15.116177 -0.707112 -0.000015 0.707101 0.707101 0.000000 0.707112 -12.289062 2.656250 0 0 0 0 0.000000 0.000000 0.000000 0.000000
-20.250149 -3.752847 -15.259051 -0.707112 -0.000015 0.707101 0.707101 -0.000000 0.707112 -12.406250 2.656250 0 0 0 0 0.000000 0.000000 0.000000 0.000000
-20.269199 -3.676648 -15.278100 -0.707112 -0.000015 0.707101 0.707101 -0.000000 0.707112 -12.421875 2.593750 0 0 0 0 0.000000 0.000000 0.000000 0.000000
-20.059650 -3.676648 -15.068549 -0.707108 0.000009 0.707106 0.707106 0.000000 0.707108 -12.250000 2.593750 0 0 0 0 0.000000 0.000000 0.000000 0.000000
-19.926300 -3.676648 -14.935200 -0.707108 0.000009 0.707106 0.707106 0.000000 0.707108 -12.140625 2.593750 0 0 0 0 0.000000 0.000000 0.000000 0.000000
-19.926300 -3.752847 -14.935201 -0.707108 0.000009 0.707106 0.707106 0.000000 0.707108 -12.140625 2.656250 0 0 0 0 0.000000 0.000000 0.000000 0.000000
-20.050123 -3.752847 -15.059026 -0.707108 0.000009 0.707106 0.707106 0.000000 0.707108 -12.242188 2.656250 0 0 0 0 0.000000 0.000000 0.000000 0.000000
-20.059650 -3.752847 -15.068551 -0.707108 0.000009 0.707106 0.707106 0.000000 0.707108 -12.250000 2.656250 0 0 0 0 0.000000 0.000000 0.000000 0.000000
-20.078701 -3.733798 -15.087600 -0.707113 -0.000000 0.707100 0.707100 0.000000 0.707113 -12.265625 2.640625 0 0 0 0 0.000000 0.000000 0.000000 0.000000
-20.135851 -3.676648 -15.144751 -0.707113 -0.000000 0.707100 0.707100 0.000000 0.707113 -12.312500 2.593750 0 0 0 0 0.000000 0.000000 0.000000 0.000000
-20.078701 -3.676648 -15.087600 -0.707113 -0.000000 0.707100 0.707100 0.000000 0.707113 -12.265625 2.593750 0 0 0 0 0.000000 0.000000 0.000000 0.000000
-19.678650 -3.676648 -15.449551 0.707108 -0.000008 -0.707106 0.707106 0.000000 0.707108 -12.015625 2.593750 0 0 0 0 0.000000 0.000000 0.000000 0.000000
-19.678650 -3.752847 -15.449552 0.707108 -0.000008 -0.707106 0.707106 0.000000 0.707108 -12.015625 2.656250 0 0 0 0 0.000000 0.000000 0.000000 0.000000
-19.669125 -3.752847 -15.440026 0.707108 -0.000008 -0.707106 0.707106 0.000000 0.707108 -12.007812 2.656250 0 0 0 0 0.000000 0.000000 0.000000 0.000000
-19.545300 -3.752847 -15.316201 0.707108 -0.000008 -0.707106 0.707106 0.000000 0.707108 -11.906250 2.656250 0 0 0 0 0.000000 0.000000 0.000000 0.000000
-19.545300 -3.676648 -15.316199 0.707108 -0.000008 -0.707106 0.707106 0.000000 0.707108 -11.906250 2.593750 0 0 0 0 0.000000 0.000000 0.000000 0.000000
-19.888201 -3.676648 -15.659100 0.707107 0.000014 -0.707106 0.707106 -0.000000 0.707107 -12.187500 2.593750 0 0 0 0 0.000000 0.000000 0.000000 0.000000
-19.869150 -3.752847 -15.640051 0.707107 0.000014 -0.707106 0.707106 -0.000000 0.707107 -12.171875 2.656250 0 0 0 0 0.000000 0.000000 0.000000 0.000000
-19.726274 -3.752847 -15.497176 0.707107 0.000014 -0.707106 0.707106 -0.000000 0.707107 -12.054688 2.656250 0 0 0 0 0.000000 0.000000 0.000000 0.000000
-19.697701 -3.752847 -15.468600 0.707107 0.000014 -0.707106 0.707106 0.000000 0.707107 -12.031250 2.656250 0 0 0 0 0.000000 0.000000 0.000000 0.000000
-19.697701 -3.676648 -15.468599 0.707107 0.000014 -0.707106 0.707106 -0.000000 0.707107 -12.031250 2.593750 0 0 0 0 0.000000 0.000000 0.000000 0.000000
-19.545300 -3.486147 -15.316199 -0.707106 -0.000000 0.707108 0.707108 0.000000 0.707106 -11.578125 2.531250 0 0 0 0 0.000000 0.000000 0.000000 0.000000
-19.545300 -3.524247 -15.316199 -0.707106 -0.000000 0.707108 0.707108 0.000000 0.707106 -11.578125 2.562500 0 0 0 0 0.000000 0.000000 0.000000 0.000000
-19.678650 -3.524247 -15.449551 -0.707106 -0.000000 0.707108 0.707108 0.000000 0.707106 -11.687500 2.562500 0 0 0 0 0.000000 0.000000 0.000000 0.000000
-19.697701 -3.524247 -15.468599 -0.707106 -0.000000 0.707108 0.707108 -0.000000 0.707106 -11.703125 2.562500 0 0 0 0 0.000000 0.000000 0.000000 0.000000
-19.754848 -3.524247 -15.525750 -0.707106 -0.000000 0.707108 0.707108 0.000000 0.707106 -11.750000 2.562500 0 0 0 0 0.000000 0.000000 0.000000 0.000000
-19.812000 -3.524247 -15.582900 -0.707106 -0.000000 0.707108 0.707108 -0.000000 0.707106 -11.796875 2.562500 0 0 0 0 0.000000 0.000000 0.000000 0.000000
-19.812000 -3.486147 -15.582900 -0.707106 -0.000000 0.707108 0.707108 -0.000000 0.707106 -11.796875 2.531250 0 0 0 0 0.000000 0.000000 0.000000 0.000000
-20.134327 -3.676648 -15.412974 -0.000001 1.000000 0.000000 1.000000 0.000001 0.000002 -15.826876 11.970000 0 0 0 0 0.000000 0.000000 0.000000 0.000000
-19.888201 -3.676648 -15.659100 -0.000001 1.000000 0.000000 1.000000 0.000001 0.000002 -15.625000 12.171875 0 0 0 0 0.000000 0.000000 0.000000 0.000000
-19.697701 -3.676648 -15.468599 -0.000001 1.000000 0.000000 1.000000 0.000001 0.000002 -15.468750 12.015625 0 0 0 0 0.000000 0.000000 0.000000 0.000000
-19.678650 -3.676648 -15.449551 -0.000001 1.000000 0.000000 1.000000 0.000001 -0.000004 -15.453125 12.000000 0 0 0 0 0.000000 0.000000 0.000000 0.000000
-19.545300 -3.676648 -15.316199 -0.000001 1.000000 0.000000 1.000000 0.000001 -0.000000 -15.343750 11.890625 0 0 0 0 0.000000 0.000000 0.000000 0.000000
-19.677128 -3.676648 -15.184375 -0.000001 1.000000 0.000000 1.000000 0.000001 -0.000029 -15.451876 11.782500 0 0 0 0 0.000000 0.000000 0.000000 0.000000
-19.912012 -3.676648 -15.301912 0.000000 1.000000 0.000000 1.000000 -0.000000 0.000003 -15.644531 11.878906 0 0 0 0 0.000000 0.000000 0.000000 0.000000
-19.794474 -3.676648 -15.067026 0.000000 1.000000 0.000000 1.000000 0.000000 -0.000004 -15.548124 11.686250 0 0 0 0 0.000000 0.000000 0.000000 0.000000
-19.926300 -3.676648 -14.935200 0.000000 1.000000 0.000000 1.000000 0.000000 -0.000002 -15.656250 11.578125 0 0 0 0 0.000000 0.000000 0.000000 0.000000
-20.059650 -3.676648 -15.068549 0.000000 1.000000 0.000000 1.000000 0.000000 -0.000006 -15.765625 11.687500 0 0 0 0 0.000000 0.000000 0.000000 0.000000
-20.078701 -3.676648 -15.087600 0.000000 1.000000 0.000000 1.000000 -0.000000 0.000016 -15.781250 11.703125 0 0 0 0 0.000000 0.000000 0.000000 0.000000
-20.135851 -3.676648 -15.144751 0.000000 1.000000 0.000000 1.000000 -0.000000 0.000017 -15.828125 11.750000 0 0 0 0 0.000000 0.000000 0.000000 0.000000
-20.269199 -3.676648 -15.278100 0.000000 1.000000 0.000000 1.000000 0.000000 -0.000001 -15.937500 11.859375 0 0 0 0 0.000000 0.000000 0.000000 0.000000
-19.816763 -3.676648 -15.111413 0.000000 1.000000 0.000000 1.000000 -0.000000 0.000004 -15.566406 11.722656 0 0 0 0 0.000000 0.000000 0.000000 0.000000
-19.721510 -3.676648 -15.206662 0.000000 1.000000 0.000000 1.000000 -0.000000 0.000004 -15.488281 11.800781 0 0 0 0 0.000000 0.000000 0.000000 0.000000
-19.797712 -3.676648 -15.073313 0.000000 1.000000 0.000000 1.000000 0.000000 -0.000018 -15.550781 11.691406 0 0 0 0 0.000000 0.000000 0.000000 0.000000
-19.683413 -3.676648 -15.187612 0.000000 1.000000 0.000000 1.000000 0.000000 -0.000018 -15.457031 11.785156 0 0 0 0 0.000000 0.000000 0.000000 0.000000
-19.964399 -3.562348 -14.992351 -0.677442 0.286609 -0.677442 -0.707106 -0.000000 0.707107 -12.031250 2.265625 0 0 0 0 0.000000 0.000000 0.000000 0.000000
-19.602449 -3.562348 -15.354300 -0.677442 0.286609 -0.677442 -0.707106 -0.000000 0.707107 -12.328125 2.265625 0 0 0 0 0.000000 0.000000 0.000000 0.000000
-19.488150 -3.067047 -15.259050 -0.677442 0.286609 -0.677442 -0.707106 -0.000000 0.707107 -12.250000 1.859375 0 0 0 0 0.000000 0.000000 0.000000 0.000000
-19.869150 -3.067047 -14.878049 -0.677442 0.286609 -0.677442 -0.707106 -0.000000 0.707107 -11.937500 1.859375 0 0 0 0 0.000000 0.000000 0.000000 0.000000
-19.488150 -3.067047 -15.259050 0.567068 0.027443 -0.823214 0.823399 0.000001 0.567462 -15.109375 1.859375 0 0 0 0 0.000000 0.000000 0.000000 0.000000
-19.602449 -3.562348 -15.354300 0.567068 0.027443 -0.823214 0.823524 0.000001 0.567282 -15.203125 2.265625 0 0 0 0 0.000000 0.000000 0.000000 0.000000
-19.545300 -3.600448 -15.316199 0.567068 0.027443 -0.823214 0.823399 0.000001 0.567462 -15.156250 2.296875 0 0 0 0 0.000000 0.000000 0.000000 0.000000
-19.916584 -3.600448 -14.944916 -0.714357 -0.024146 0.699365 0.699569 -0.000017 0.714565 -11.804844 2.296875 0 0 0 0 0.000000 0.000000 0.000000 0.000000
-19.964399 -3.562348 -14.992351 -0.714357 -0.024146 0.699365 0.699569 -0.000017 0.714565 -11.843750 2.265625 0 0 0 0 0.000000 0.000000 0.000000 0.000000
-19.869150 -3.067047 -14.878049 -0.714357 -0.024146 0.699365 0.699569 0.000016 0.714565 -11.750000 1.859375 0 0 0 0 0.000000 0.000000 0.000000 0.000000
-19.812000 -3.105147 -14.820899 -0.714357 -0.024146 0.699365 0.699569 -0.000017 0.714565 -11.703125 1.890625 0 0 0 0 0.000000 0.000000 0.000000 0.000000
-19.783424 -3.600448 -15.059024 0.301491 0.904550 0.301483 0.948691 -0.316204 0.000001 -15.351562 11.710938 0 0 0 0 0.000000 0.000000 0.000000 0.000000
-19.788568 -3.594923 -15.070454 0.301491 0.904550 0.301483 0.948691 -0.316204 0.000001 -15.355782 11.720312 0 0 0 0 0.000000 0.000000 0.000000 0.000000
-19.680555 -3.594923 -15.178469 0.301491 0.904550 0.301483 0.948690 -0.316207 0.000011 -15.267187 11.808907 0 0 0 0 0.000000 0.000000 0.000000 0.000000
-19.669125 -3.600448 -15.173325 0.301491 0.904550 0.301483 0.948691 -0.316204 0.000001 -15.257812 11.804688 0 0 0 0 0.000000 0.000000 0.000000 0.000000
-19.915443 -3.594923 -14.943392 0.672306 -0.310226 0.672134 -0.706946 0.000062 0.707268 -11.991094 2.292344 0 0 0 0 0.000000 0.000000 0.000000 0.000000
-19.812000 -3.105147 -14.820899 0.672306 -0.310226 0.672134 -0.707008 0.000038 0.707206 -11.890625 1.890625 0 0 0 0 0.000000 0.000000 0.000000 0.000000
-19.431000 -3.105147 -15.201900 0.672306 -0.310226 0.672134 -0.707043 -0.000029 0.707170 -12.203125 1.890625 0 0 0 0 0.000000 0.000000 0.000000 0.000000
-19.543968 -3.594923 -15.315057 0.672306 -0.310226 0.672134 -0.707051 0.000017 0.707162 -12.295938 2.292344 0 0 0 0 0.000000 0.000000 0.000000 0.000000
-19.681890 -3.600448 -15.179611 0.674105 -0.301916 0.674114 -0.707112 -0.000002 0.707102 -12.184844 2.296875 0 0 0 0 0.000000 0.000000 0.000000 0.000000
-19.680555 -3.594923 -15.178469 0.674105 -0.301916 0.674114 -0.707112 -0.000002 0.707102 -12.183907 2.292344 0 0 0 0 0.000000 0.000000 0.000000 0.000000
-19.543968 -3.594923 -15.315057 0.674105 -0.301916 0.674114 -0.707051 0.000017 0.707162 -12.295938 2.292344 0 0 0 0 0.000000 0.000000 0.000000 0.000000
-19.545300 -3.600448 -15.316199 0.674105 -0.301916 0.674114 -0.707112 -0.000002 0.707102 -12.296875 2.296875 0 0 0 0 0.000000 0.000000 0.000000 0.000000
-19.681890 -3.600448 -15.179611 -0.347797 -0.870579 -0.348036 0.928648 -0.370963 -0.000081 -15.455782 11.778594 0 0 0 0 0.000000 0.000000 0.000000 0.000000
-19.545300 -3.600448 -15.316199 -0.347797 -0.870579 -0.348036 0.928648 -0.370963 -0.000081 -15.343750 11.890625 0 0 0 0 0.000000 0.000000 0.000000 0.000000
-19.602449 -3.562348 -15.354300 -0.347797 -0.870579 -0.348036 0.928625 -0.371020 0.000084 -15.390625 11.921875 0 0 0 0 0.000000 0.000000 0.000000 0.000000
-19.747803 -3.562348 -15.209139 -0.347797 -0.870579 -0.348036 0.928852 -0.370450 -0.000054 -15.509844 11.802813 0 0 0 0 0.000000 0.000000 0.000000 0.000000
-19.789711 -3.600448 -15.071788 -0.348033 -0.870584 -0.347789 0.928573 -0.371149 -0.000164 -15.544218 11.690156 0 0 0 0 0.000000 0.000000 0.000000 0.000000
-19.819239 -3.562348 -15.137701 -0.348033 -0.870584 -0.347789 0.928803 -0.370575 -0.000110 -15.568438 11.744219 0 0 0 0 0.000000 0.000000 0.000000 0.000000
-19.964399 -3.562348 -14.992351 -0.348033 -0.870584 -0.347789 0.928530 -0.371258 0.000151 -15.687500 11.625000 0 0 0 0 0.000000 0.000000 0.000000 0.000000
-19.916584 -3.600448 -14.944916 -0.348033 -0.870584 -0.347789 0.928573 -0.371149 -0.000164 -15.648281 11.586094 0 0 0 0 0.000000 0.000000 0.000000 0.000000
-19.789711 -3.600448 -15.071788 0.671951 -0.312451 0.671459 -0.706873 -0.000110 0.707340 -12.096406 2.296875 0 0 0 0 0.000000 0.000000 0.000000 0.000000
-19.916584 -3.600448 -14.944916 0.671951 -0.312451 0.671459 -0.706873 -0.000110 0.707340 -11.992344 2.296875 0 0 0 0 0.000000 0.000000 0.000000 0.000000
-19.915443 -3.594923 -14.943392 0.671951 -0.312451 0.671459 -0.706946 0.000062 0.707268 -11.991094 2.292344 0 0 0 0 0.000000 0.000000 0.000000 0.000000
-19.788568 -3.594923 -15.070454 0.671951 -0.312451 0.671459 -0.706873 -0.000110 0.707340 -12.095312 2.292344 0 0 0 0 0.000000 0.000000 0.000000 0.000000
-19.799999 -3.587113 -15.094648 -0.346534 -0.871679 -0.346539 0.929261 -0.369425 -0.000001 -15.552656 11.708906 0 0 0 0 0.000000 0.000000 0.000000 0.000000
-19.704748 -3.587113 -15.189898 -0.346534 -0.871679 -0.346539 0.929261 -0.369425 -0.000001 -15.474531 11.787031 0 0 0 0 0.000000 0.000000 0.000000 0.000000
-19.747803 -3.562348 -15.209139 -0.346534 -0.871679 -0.346539 0.928852 -0.370450 -0.000054 -15.509844 11.802813 0 0 0 0 0.000000 0.000000 0.000000 0.000000
-19.819239 -3.562348 -15.137701 -0.346534 -0.871679 -0.346539 0.928803 -0.370575 -0.000110 -15.568438 11.744219 0 0 0 0 0.000000 0.000000 0.000000 0.000000
-19.545300 -3.676648 -15.316199 0.707107 0.000011 0.707106 -0.707106 0.000000 0.707107 -12.296875 2.593750 0 0 0 0 0.000000 0.000000 0.000000 0.000000
-19.545300 -3.752847 -15.316201 0.707107 0.000011 0.707106 -0.707106 0.000000 0.707107 -12.296875 2.656250 0 0 0 0 0.000000 0.000000 0.000000 0.000000
-19.926300 -3.752847 -14.935201 0.707107 0.000011 0.707106 -0.707106 0.000000 0.707107 -11.984375 2.656250 0 0 0 0 0.000000 0.000000 0.000000 0.000000
-19.926300 -3.676648 -14.935200 0.707107 0.000011 0.707106 -0.707106 0.000000 0.707107 -11.984375 2.593750 0 0 0 0 0.000000 0.000000 0.000000 0.000000
-19.794474 -3.676648 -15.067026 0.707107 0.000011 0.707106 -0.707106 0.000000 0.707107 -12.092500 2.593750 0 0 0 0 0.000000 0.000000 0.000000 0.000000
-19.677128 -3.676648 -15.184375 0.707107 0.000011 0.707106 -0.707106 0.000000 0.707107 -12.188750 2.593750 0 0 0 0 0.000000 0.000000 0.000000 0.000000
-19.812000 -3.486147 -15.582900 -0.242543 0.000000 -0.970141 0.970141 0.000000 -0.242543 -15.437500 2.531250 0 0 0 0 0.000000 0.000000 0.000000 0.000000
-19.812000 -3.524247 -15.582900 -0.242543 0.000000 -0.970141 0.970141 0.000000 -0.242543 -15.437500 2.562500 0 0 0 0 0.000000 0.000000 0.000000 0.000000
-19.735800 -3.524247 -15.601951 -0.242543 0.000000 -0.970141 0.970141 0.000000 -0.242543 -15.375000 2.562500 0 0 0 0 0.000000 0.000000 0.000000 0.000000
-19.735800 -3.486147 -15.601951 -0.242543 0.000000 -0.970141 0.970141 0.000000 -0.242543 -15.375000 2.531250 0 0 0 0 0.000000 0.000000 0.000000 0.000000
-19.431000 -3.105147 -15.201900 0.672216 -0.310372 0.672157 -0.707043 -0.000029 0.707170 -12.203125 1.890625 0 0 0 0 0.000000 0.000000 0.000000 0.000000
-19.419760 -3.105147 -15.213140 0.672216 -0.310372 0.672157 -0.707079 -0.000013 0.707135 -12.212344 1.890625 0 0 0 0 0.000000 0.000000 0.000000 0.000000
-19.543968 -3.594923 -15.315057 0.672216 -0.310372 0.672157 -0.707051 0.000017 0.707162 -12.295938 2.292344 0 0 0 0 0.000000 0.000000 0.000000 0.000000
-19.488150 -3.486147 -15.354300 0.554700 -0.000000 0.832050 0.832050 -0.000000 -0.554700 -15.171875 2.531250 0 0 0 0 0.000000 0.000000 0.000000 0.000000
-19.488150 -3.524247 -15.354300 0.554700 -0.000000 0.832050 0.832050 -0.000000 -0.554700 -15.171875 2.562500 0 0 0 0 0.000000 0.000000 0.000000 0.000000
-19.545300 -3.524247 -15.316199 0.554700 -0.000000 0.832050 0.832050 -0.000000 -0.554700 -15.218750 2.562500 0 0 0 0 0.000000 0.000000 0.000000 0.000000
-19.545300 -3.486147 -15.316199 0.554700 -0.000000 0.832050 0.832050 -0.000000 -0.554700 -15.218750 2.531250 0 0 0 0 0.000000 0.000000 0.000000 0.000000
-19.419760 -3.105147 -15.213140 0.567611 0.027344 -0.822842 0.823150 0.000000 0.567824 -15.053281 1.890625 0 0 0 0 0.000000 0.000000 0.000000 0.000000
-19.488150 -3.067047 -15.259050 0.567611 0.027344 -0.822842 0.823399 0.000001 0.567462 -15.109375 1.859375 0 0 0 0 0.000000 0.000000 0.000000 0.000000
-19.545300 -3.600448 -15.316199 0.567611 0.027344 -0.822842 0.823399 0.000001 0.567462 -15.156250 2.296875 0 0 0 0 0.000000 0.000000 0.000000 0.000000
-19.488150 -3.486147 -15.354300 -0.000001 1.000000 0.000000 1.000000 0.000001 -0.000006 -15.171875 12.046875 0 0 0 0 0.000000 0.000000 0.000000 0.000000
-19.545300 -3.486147 -15.316199 -0.000001 1.000000 0.000000 1.000000 0.000001 -0.000006 -15.218750 12.015625 0 0 0 0 0.000000 0.000000 0.000000 0.000000
-19.812000 -3.486147 -15.582900 -0.000001 1.000000 0.000000 1.000000 0.000001 -0.000003 -15.437500 12.234375 0 0 0 0 0.000000 0.000000 0.000000 0.000000
-19.735800 -3.486147 -15.601951 -0.000001 1.000000 0.000000 1.000000 0.000001 -0.000006 -15.375000 12.250000 0 0 0 0 0.000000 0.000000 0.000000 0.000000
-19.678650 -3.524247 -15.487650 0.000000 -1.000000 -0.000000 1.000000 0.000000 0.000000 -15.328125 12.156250 0 0 0 0 0.000000 0.000000 0.000000 0.000000
-19.754848 -3.524247 -15.525750 0.000000 -1.000000 -0.000000 1.000000 0.000000 0.000000 -15.390625 12.187500 0 0 0 0 0.000000 0.000000 0.000000 0.000000
-19.697701 -3.524247 -15.468599 0.000000 -1.000000 -0.000000 1.000000 0.000000 0.000000 -15.343750 12.140625 0 0 0 0 0.000000 0.000000 0.000000 0.000000
-19.640551 -3.524247 -15.468599 0.000003 -1.000000 -0.000000 1.000000 0.000003 0.000018 -15.296875 12.140625 0 0 0 0 0.000000 0.000000 0.000000 0.000000
-19.678650 -3.524247 -15.449551 0.000003 -1.000000 -0.000000 1.000000 0.000003 0.000018 -15.328125 12.125000 0 0 0 0 0.000000 0.000000 0.000000 0.000000
-19.545300 -3.524247 -15.316199 0.000003 -1.000000 -0.000000 1.000000 0.000003 0.000018 -15.218750 12.015625 0 0 0 0 0.000000 0.000000 0.000000 0.000000
-19.488150 -3.524247 -15.354300 0.000003 -1.000000 -0.000000 1.000000 0.000003 -0.000008 -15.171875 12.046875 0 0 0 0 0.000000 0.000000 0.000000 0.000000
-19.564350 -3.524247 -15.430500 0.000003 -1.000000 -0.000000 1.000000 0.000003 -0.000016 -15.234375 12.109375 0 0 0 0 0.000000 0.000000 0.000000 0.000000
-19.754848 -3.524247 -15.525750 -0.000001 -1.000000 -0.000000 -0.894423 0.000001 -0.447221 -15.390625 12.187500 0 0 0 0 0.000000 0.000000 0.000000 0.000000
-19.678650 -3.524247 -15.487650 -0.000001 -1.000000 -0.000000 -0.894423 0.000001 -0.447221 -15.328125 12.156250 0 0 0 0 0.000000 0.000000 0.000000 0.000000
-19.640551 -3.524247 -15.468599 -0.000001 -1.000000 -0.000000 -0.894423 0.000001 -0.447221 -15.296875 12.140625 0 0 0 0 0.000000 0.000000 0.000000 0.000000
-19.564350 -3.524247 -15.430500 -0.000001 -1.000000 -0.000000 0.894423 -0.000001 0.447221 -15.234375 12.109375 0 0 0 0 0.000000 0.000000 0.000000 0.000000
-19.735800 -3.524247 -15.601951 -0.000001 -1.000000 -0.000000 1.000000 -0.000001 0.000001 -15.375000 12.250000 0 0 0 0 0.000000 0.000000 0.000000 0.000000
-19.812000 -3.524247 -15.582900 -0.000001 -1.000000 -0.000000 1.000000 -0.000001 -0.000004 -15.437500 12.234375 0 0 0 0 0.000000 0.000000 0.000000 0.000000
-19.926300 -3.486147 -14.935200 -0.000002 1.000000 0.000000 1.000000 0.000002 -0.000008 -16.031250 11.703125 0 0 0 0 0.000000 0.000000 0.000000 0.000000
-19.964399 -3.486147 -14.878049 -0.000002 1.000000 0.000000 1.000000 0.000002 -0.000008 -16.062500 11.656250 0 0 0 0 0.000000 0.000000 0.000000 0.000000
-20.212049 -3.486147 -15.125699 -0.000002 1.000000 0.000000 1.000000 0.000002 -0.000012 -16.265625 11.859375 0 0 0 0 0.000000 0.000000 0.000000 0.000000
-20.193001 -3.486147 -15.201900 -0.000002 1.000000 0.000000 1.000000 0.000002 -0.000008 -16.250000 11.921875 0 0 0 0 0.000000 0.000000 0.000000 0.000000
-20.097750 -3.524247 -15.068549 0.000000 -1.000000 -0.000000 1.000000 0.000001 0.000005 -16.171875 11.812500 0 0 0 0 0.000000 0.000000 0.000000 0.000000
-20.078701 -3.524247 -15.087600 0.000000 -1.000000 -0.000000 1.000000 0.000000 0.000000 -16.156250 11.828125 0 0 0 0 0.000000 0.000000 0.000000 0.000000
-20.135851 -3.524247 -15.144751 0.000000 -1.000000 -0.000000 1.000000 0.000001 0.000000 -16.203125 11.875000 0 0 0 0 0.000000 0.000000 0.000000 0.000000
-20.078701 -3.524247 -15.030450 -0.000003 -1.000000 -0.000000 1.000000 -0.000000 0.000021 -16.156250 11.781250 0 0 0 0 0.000000 0.000000 0.000000 0.000000
-20.040600 -3.524247 -14.954250 -0.000003 -1.000000 -0.000000 1.000000 -0.000000 0.000021 -16.125000 11.718750 0 0 0 0 0.000000 0.000000 0.000000 0.000000
-19.964399 -3.524247 -14.878049 -0.000003 -1.000000 -0.000000 1.000000 -0.000003 0.000032 -16.062500 11.656250 0 0 0 0 0.000000 0.000000 0.000000 0.000000
-19.926300 -3.524247 -14.935200 -0.000003 -1.000000 -0.000000 1.000000 -0.000003 -0.000006 -16.031250 11.703125 0 0 0 0 0.000000 0.000000 0.000000 0.000000
-20.059650 -3.524247 -15.068549 -0.000003 -1.000000 -0.000000 1.000000 -0.000003 0.000009 -16.140625 11.812500 0 0 0 0 0.000000 0.000000 0.000000 0.000000
-20.193001 -3.524247 -15.106650 0.000004 -1.000000 -0.000000 1.000000 0.000004 0.000000 -16.250000 11.843750 0 0 0 0 0.000000 0.000000 0.000000 0.000000
-20.193001 -3.524247 -15.201900 0.000004 -1.000000 -0.000000 1.000000 0.000004 -0.000009 -16.250000 11.921875 0 0 0 0 0.000000 0.000000 0.000000 0.000000
-20.208811 -3.524247 -15.138463 0.000004 -1.000000 -0.000000 1.000000 0.000004 -0.000032 -16.262968 11.869843 0 0 0 0 0.000000 0.000000 0.000000 0.000000
-19.926300 -3.486147 -14.935200 0.832049 -0.000000 0.554703 -0.554703 0.000000 0.832049 -11.359375 2.531250 0 0 0 0 0.000000 0.000000 0.000000 0.000000
-19.926300 -3.524247 -14.935200 0.832049 -0.000000 0.554703 -0.554703 0.000000 0.832049 -11.359375 2.562500 0 0 0 0 0.000000 0.000000 0.000000 0.000000
-19.964399 -3.524247 -14.878049 0.832049 -0.000000 0.554703 -0.554703 0.000000 0.832049 -11.312500 2.562500 0 0 0 0 0.000000 0.000000 0.000000 0.000000
-19.964399 -3.486147 -14.878049 0.832049 -0.000000 0.554703 -0.554703 0.000000 0.832049 -11.312500 2.531250 0 0 0 0 0.000000 0.000000 0.000000 0.000000
-20.212049 -3.486147 -15.125699 -0.970143 0.000000 -0.242536 -0.242536 0.000000 0.970143 -11.515625 2.531250 0 0 0 0 0.000000 0.000000 0.000000 0.000000
-20.212049 -3.524247 -15.125699 -0.970143 0.000000 -0.242536 -0.242536 0.000000 0.970143 -11.515625 2.562500 0 0 0 0 0.000000 0.000000 0.000000 0.000000
-20.193001 -3.524247 -15.201900 -0.970143 0.000000 -0.242536 -0.242536 0.000000 0.970143 -11.578125 2.562500 0 0 0 0 0.000000 0.000000 0.000000 0.000000
-20.193001 -3.486147 -15.201900 -0.970143 0.000000 -0.242536 -0.242536 0.000000 0.970143 -11.578125 2.531250 0 0 0 0 0.000000 0.000000 0.000000 0.000000
-20.040600 -3.714749 -8.248651 -0.000001 -1.000000 -0.000000 1.000000 -0.000001 -0.000001 -16.406250 5.812500 0 0 0 0 0.000000 0.000000 0.000000 0.000000
-19.897726 -3.714749 -8.391525 -0.000001 -1.000000 -0.000000 1.000000 -0.000000 0.000001 -16.289062 5.929688 0 0 0 0 0.000000 0.000000 0.000000 0.000000
-20.059650 -3.714748 -8.553451 -0.000001 -1.000000 -0.000000 1.000000 -0.000000 0.000001 -16.421875 6.062500 0 0 0 0 0.000000 0.000000 0.000000 0.000000
-20.116800 -3.714748 -8.610601 -0.000001 -1.000000 -0.000000 1.000000 -0.000001 0.000013 -16.468750 6.109375 0 0 0 0 0.000000 0.000000 0.000000 0.000000
-20.278725 -3.714748 -8.772526 -0.000001 -1.000000 -0.000000 1.000000 -0.000001 -0.000003 -16.601562 6.242188 0 0 0 0 0.000000 0.000000 0.000000 0.000000
-20.421600 -3.714748 -8.629651 -0.000001 -1.000000 -0.000000 1.000000 -0.000001 0.000000 -16.718750 6.125000 0 0 0 0 0.000000 0.000000 0.000000 0.000000
-19.840576 -3.714748 -8.448675 0.000000 -1.000000 -0.000000 1.000000 0.000000 -0.000001 -16.242188 5.976562 0 0 0 0 0.000000 0.000000 0.000000 0.000000
-19.716749 -3.714748 -8.572500 0.000000 -1.000000 -0.000000 1.000000 0.000000 0.000002 -16.140625 6.078125 0 0 0 0 0.000000 0.000000 0.000000 0.000000
-20.097750 -3.714748 -8.953500 0.000000 -1.000000 -0.000000 1.000000 0.000000 0.000002 -16.453125 6.390625 0 0 0 0 0.000000 0.000000 0.000000 0.000000
-20.221575 -3.714748 -8.829675 0.000000 -1.000000 -0.000000 1.000000 -0.000000 -0.000001 -16.554688 6.289062 0 0 0 0 0.000000 0.000000 0.000000 0.000000
-20.059650 -3.714748 -8.667750 0.000000 -1.000000 -0.000000 -0.707108 -0.000000 -0.707106 -16.421875 6.156250 0 0 0 0 0.000000 0.000000 0.000000 0.000000
-20.002499 -3.714748 -8.610601 0.000000 -1.000000 -0.000000 1.000000 0.000000 -0.000001 -16.375000 6.109375 0 0 0 0 0.000000 0.000000 0.000000 0.000000
-20.059650 -3.714748 -8.667750 -0.000001 -1.000000 -0.000000 1.000000 -0.000001 0.000001 -16.421875 6.156250 0 0 0 0 0.000000 0.000000 0.000000 0.000000
-20.231100 -3.714748 -8.820150 -0.000001 -1.000000 -0.000000 1.000000 -0.000001 0.000030 -16.562500 6.281250 0 0 0 0 0.000000 0.000000 0.000000 0.000000
-20.250149 -3.714748 -8.801101 -0.000001 -1.000000 -0.000000 1.000000 -0.000001 -0.000011 -16.578125 6.265625 0 0 0 0 0.000000 0.000000 0.000000 0.000000
-19.850100 -3.714748 -8.439150 0.000000 -1.000000 -0.000000 1.000000 -0.000000 0.000003 -16.250000 5.968750 0 0 0 0 0.000000 0.000000 0.000000 0.000000
-19.659599 -3.448048 -8.534400 0.707108 -0.000012 0.707106 -0.707106 -0.000000 0.707108 -6.171875 2.515625 0 0 0 0 0.000000 0.000000 0.000000 0.000000
-19.659599 -3.486148 -8.534400 0.707108 -0.000012 0.707106 -0.707106 -0.000000 0.707108 -6.171875 2.546875 0 0 0 0 0.000000 0.000000 0.000000 0.000000
-19.735800 -3.486148 -8.458201 0.707108 -0.000012 0.707106 -0.707106 -0.000000 0.707108 -6.109375 2.546875 0 0 0 0 0.000000 0.000000 0.000000 0.000000
-19.888201 -3.486149 -8.305800 0.707108 -0.000012 0.707106 -0.707106 -0.000001 0.707108 -5.984375 2.546875 0 0 0 0 0.000000 0.000000 0.000000 0.000000
-19.907249 -3.486149 -8.286750 0.707108 -0.000012 0.707106 -0.707106 0.000000 0.707108 -5.968750 2.546875 0 0 0 0 0.000000 0.000000 0.000000 0.000000
-19.907249 -3.448049 -8.286750 0.707108 -0.000012 0.707106 -0.707106 -0.000001 0.707108 -5.968750 2.515625 0 0 0 0 0.000000 0.000000 0.000000 0.000000
-20.059650 -3.638549 -8.229601 -0.666666 -0.333334 0.666667 0.707107 0.000003 0.707107 -6.718750 2.578125 0 0 0 0 0.000000 0.000000 0.000000 0.000000
-20.040600 -3.714749 -8.248651 -0.666666 -0.333334 0.666667 0.707107 0.000003 0.707107 -6.734375 2.640625 0 0 0 0 0.000000 0.000000 0.000000 0.000000
-20.421600 -3.714748 -8.629651 -0.666666 -0.333334 0.666667 0.707108 -0.000001 0.707106 -7.046875 2.640625 0 0 0 0 0.000000 0.000000 0.000000 0.000000
-20.440651 -3.638549 -8.610601 -0.666666 -0.333334 0.666667 0.707108 -0.000002 0.707106 -7.031250 2.578125 0 0 0 0 0.000000 0.000000 0.000000 0.000000
-20.194523 -3.638549 -8.364475 -0.666666 -0.333334 0.666667 0.707107 0.000003 0.707107 -6.829375 2.578125 0 0 0 0 0.000000 0.000000 0.000000 0.000000
-20.383501 -3.448048 -8.763000 -0.707107 -0.000013 -0.707107 -0.707107 0.000000 0.707107 -6.359375 2.515625 0 0 0 0 0.000000 0.000000 0.000000 0.000000
-20.383501 -3.486148 -8.763000 -0.707107 -0.000013 -0.707107 -0.707107 0.000000 0.707107 -6.359375 2.546875 0 0 0 0 0.000000 0.000000 0.000000 0.000000
-20.212049 -3.486148 -8.934450 -0.707107 -0.000013 -0.707107 -0.707107 0.000000 0.707107 -6.500000 2.546875 0 0 0 0 0.000000 0.000000 0.000000 0.000000
-20.135851 -3.486148 -9.010650 -0.707107 -0.000013 -0.707107 -0.707107 -0.000000 0.707107 -6.562500 2.546875 0 0 0 0 0.000000 0.000000 0.000000 0.000000
-20.135851 -3.448048 -9.010650 -0.707107 -0.000013 -0.707107 -0.707107 0.000000 0.707107 -6.562500 2.515625 0 0 0 0 0.000000 0.000000 0.000000 0.000000
-19.869150 -3.695699 -8.420100 0.707133 -0.000000 0.707081 -0.707091 -0.000000 0.707123 -5.953125 2.625000 0 0 0 0 0.000000 0.000000 0.000000 0.000000
-19.926300 -3.638549 -8.362951 0.707133 -0.000000 0.707081 -0.707091 -0.000000 0.707123 -5.906250 2.578125 0 0 0 0 0.000000 0.000000 0.000000 0.000000
-19.869150 -3.638549 -8.420100 0.707133 -0.000000 0.707081 -0.707081 -0.000000 0.707133 -5.953125 2.578125 0 0 0 0 0.000000 0.000000 0.000000 0.000000
-19.850100 -3.638549 -8.439150 0.707111 -0.000011 0.707102 -0.707102 -0.000000 0.707112 -5.968750 2.578125 0 0 0 0 0.000000 0.000000 0.000000 0.000000
-19.716749 -3.638549 -8.572500 0.707111 -0.000011 0.707102 -0.707102 -0.000000 0.707112 -6.078125 2.578125 0 0 0 0 0.000000 0.000000 0.000000 0.000000
-19.716749 -3.714748 -8.572500 0.707111 -0.000011 0.707102 -0.707102 -0.000000 0.707112 -6.078125 2.640625 0 0 0 0 0.000000 0.000000 0.000000 0.000000
-19.840576 -3.714748 -8.448675 0.707111 -0.000011 0.707102 -0.707102 -0.000000 0.707111 -5.976562 2.640625 0 0 0 0 0.000000 0.000000 0.000000 0.000000
-19.850100 -3.714748 -8.439150 0.707111 -0.000011 0.707102 -0.707105 -0.000002 0.707109 -5.968750 2.640625 0 0 0 0 0.000000 0.000000 0.000000 0.000000
-19.926300 -3.638549 -8.362951 0.707104 -0.000008 0.707110 -0.707091 -0.000000 0.707123 -5.906250 2.578125 0 0 0 0 0.000000 0.000000 0.000000 0.000000
-19.869150 -3.695699 -8.420100 0.707104 -0.000008 0.707110 -0.707091 -0.000000 0.707123 -5.953125 2.625000 0 0 0 0 0.000000 0.000000 0.000000 0.000000
-19.850100 -3.714748 -8.439150 0.707104 -0.000008 0.707110 -0.707105 -0.000002 0.707109 -5.968750 2.640625 0 0 0 0 0.000000 0.000000 0.000000 0.000000
-19.897726 -3.714749 -8.391525 0.707104 -0.000008 0.707110 -0.707110 -0.000000 0.707104 -5.929688 2.640625 0 0 0 0 0.000000 0.000000 0.000000 0.000000
-20.040600 -3.714749 -8.248651 0.707104 -0.000008 0.707110 -0.707110 0.000000 0.707104 -5.812500 2.640625 0 0 0 0 0.000000 0.000000 0.000000 0.000000
-20.059650 -3.638549 -8.229601 0.707104 -0.000008 0.707110 -0.707110 0.000000 0.707104 -5.796875 2.578125 0 0 0 0 0.000000 0.000000 0.000000 0.000000
-19.983450 -3.448049 -8.305800 -0.707108 0.000000 -0.707106 -0.707106 0.000000 0.707108 -5.984375 2.515625 0 0 0 0 0.000000 0.000000 0.000000 0.000000
-19.983450 -3.486149 -8.305800 -0.707108 0.000000 -0.707106 -0.707106 0.000000 0.707108 -5.984375 2.546875 0 0 0 0 0.000000 0.000000 0.000000 0.000000
-19.926300 -3.486149 -8.362951 -0.707108 0.000000 -0.707106 -0.707106 0.000000 0.707108 -6.031250 2.546875 0 0 0 0 0.000000 0.000000 0.000000 0.000000
-19.869150 -3.486149 -8.420100 -0.707108 0.000000 -0.707106 -0.707106 -0.000000 0.707108 -6.078125 2.546875 0 0 0 0 0.000000 0.000000 0.000000 0.000000
-19.850100 -3.486148 -8.439150 -0.707108 0.000000 -0.707106 -0.707106 -0.000011 0.707108 -6.093750 2.546875 0 0 0 0 0.000000 0.000000 0.000000 0.000000
-19.716749 -3.486148 -8.572500 -0.707108 0.000000 -0.707106 -0.707106 0.000000 0.707108 -6.203125 2.546875 0 0 0 0 0.000000 0.000000 0.000000 0.000000
-19.716749 -3.448048 -8.572500 -0.707108 0.000000 -0.707106 -0.707106 -0.000001 0.707108 -6.203125 2.515625 0 0 0 0 0.000000 0.000000 0.000000 0.000000
-19.602449 -3.067048 -8.686800 0.301512 0.904533 -0.301513 0.948683 -0.316228 0.000002 -16.046875 6.171875 0 0 0 0 0.000000 0.000000 0.000000 0.000000
-19.659599 -3.028948 -8.629651 0.301512 0.904533 -0.301513 0.948683 -0.316228 0.000002 -16.093750 6.125000 0 0 0 0 0.000000 0.000000 0.000000 0.000000
-20.040600 -3.028948 -9.010650 0.301512 0.904533 -0.301513 0.948683 -0.316228 0.000002 -16.406250 6.437500 0 0 0 0 0.000000 0.000000 0.000000 0.000000
-19.994690 -3.067048 -9.079040 0.301512 0.904533 -0.301513 0.948683 -0.316230 -0.000004 -16.368593 6.493594 0 0 0 0 0.000000 0.000000 0.000000 0.000000
-19.983450 -3.067048 -9.067801 0.301512 0.904533 -0.301513 -0.837505 0.402396 0.369679 -16.359375 6.484375 0 0 0 0 0.000000 0.000000 0.000000 0.000000
-20.231100 -3.638549 -8.820150 -0.707106 0.000000 -0.707108 -0.707108 -0.000000 0.707106 -6.281250 2.578125 0 0 0 0 0.000000 0.000000 0.000000 0.000000
-20.231100 -3.714748 -8.820150 -0.707106 0.000000 -0.707108 -0.707108 -0.000000 0.707106 -6.281250 2.640625 0 0 0 0 0.000000 0.000000 0.000000 0.000000
-20.221575 -3.714748 -8.829675 -0.707106 0.000000 -0.707108 -0.707108 -0.000000 0.707106 -6.289062 2.640625 0 0 0 0 0.000000 0.000000 0.000000 0.000000
-20.097750 -3.714748 -8.953500 -0.707106 0.000000 -0.707108 -0.707108 0.000000 0.707106 -6.390625 2.640625 0 0 0 0 0.000000 0.000000 0.000000 0.000000
-20.097750 -3.638549 -8.953500 -0.707106 0.000000 -0.707108 -0.707108 0.000000 0.707106 -6.390625 2.578125 0 0 0 0 0.000000 0.000000 0.000000 0.000000
-20.440651 -3.638549 -8.610601 -0.707102 -0.000008 -0.707111 -0.707112 -0.000000 0.707102 -6.109375 2.578125 0 0 0 0 0.000000 0.000000 0.000000 0.000000
-20.421600 -3.714748 -8.629651 -0.707102 -0.000008 -0.707111 -0.707112 -0.000000 0.707102 -6.125000 2.640625 0 0 0 0 0.000000 0.000000 0.000000 0.000000
-20.278725 -3.714748 -8.772526 -0.707102 -0.000008 -0.707111 -0.707112 -0.000000 0.707102 -6.242188 2.640625 0 0 0 0 0.000000 0.000000 0.000000 0.000000
-20.250149 -3.714748 -8.801101 -0.707102 -0.000008 -0.707111 -0.707112 -0.000000 0.707102 -6.265625 2.640625 0 0 0 0 0.000000 0.000000 0.000000 0.000000
-20.250149 -3.638549 -8.801101 -0.707102 -0.000008 -0.707111 -0.707112 -0.000000 0.707102 -6.265625 2.578125 0 0 0 0 0.000000 0.000000 0.000000 0.000000
-20.097750 -3.448048 -8.953500 0.707107 0.000004 0.707107 -0.707107 0.000000 0.707107 -6.515625 2.515625 0 0 0 0 0.000000 0.000000 0.000000 0.000000
-20.097750 -3.486148 -8.953500 0.707107 0.000004 0.707107 -0.707107 0.000000 0.707107 -6.515625 2.546875 0 0 0 0 0.000000 0.000000 0.000000 0.000000
-20.231100 -3.486148 -8.820150 0.707107 0.000004 0.707107 -0.707107 0.000000 0.707107 -6.406250 2.546875 0 0 0 0 0.000000 0.000000 0.000000 0.000000
-20.250149 -3.486148 -8.801101 0.707107 0.000004 0.707107 -0.707107 0.000000 0.707107 -6.390625 2.546875 0 0 0 0 0.000000 0.000000 0.000000 0.000000
-20.307301 -3.486148 -8.743951 0.707107 0.000004 0.707107 -0.707107 0.000000 0.707107 -6.343750 2.546875 0 0 0 0 0.000000 0.000000 0.000000 0.000000
-20.364450 -3.486148 -8.686800 0.707107 0.000004 0.707107 -0.707107 -0.000000 0.707107 -6.296875 2.546875 0 0 0 0 0.000000 0.000000 0.000000 0.000000
-20.364450 -3.448048 -8.686800 0.707107 0.000004 0.707107 -0.707107 0.000000 0.707107 -6.296875 2.515625 0 0 0 0 0.000000 0.000000 0.000000 0.000000
-20.194523 -3.638549 -8.364475 0.000000 1.000000 0.000000 1.000000 -0.000000 -0.000002 -16.532499 5.907500 0 0 0 0 0.000000 0.000000 0.000000 0.000000
-20.440651 -3.638549 -8.610601 0.000000 1.000000 0.000000 1.000000 -0.000000 0.000002 -16.734375 6.109375 0 0 0 0 0.000000 0.000000 0.000000 0.000000
-20.250149 -3.638549 -8.801101 0.000000 1.000000 0.000000 1.000000 -0.000000 0.000002 -16.578125 6.265625 0 0 0 0 0.000000 0.000000 0.000000 0.000000
-20.231100 -3.638549 -8.820150 0.000000 1.000000 0.000000 1.000000 -0.000000 -0.000015 -16.562500 6.281250 0 0 0 0 0.000000 0.000000 0.000000 0.000000
-20.097750 -3.638549 -8.953500 0.000000 1.000000 0.000000 1.000000 -0.000000 0.000001 -16.453125 6.390625 0 0 0 0 0.000000 0.000000 0.000000 0.000000
-19.965923 -3.638549 -8.821674 0.000000 1.000000 0.000000 1.000000 0.000009 0.000007 -16.344999 6.282500 0 0 0 0 0.000000 0.000000 0.000000 0.000000
-20.083462 -3.638549 -8.586787 0.000001 1.000000 0.000000 1.000000 -0.000000 -0.000006 -16.441406 6.089844 0 0 0 0 0.000000 0.000000 0.000000 0.000000
-19.848577 -3.638549 -8.704328 0.000001 1.000000 0.000000 1.000000 0.000009 -0.000019 -16.248751 6.186250 0 0 0 0 0.000000 0.000000 0.000000 0.000000
-19.716749 -3.638549 -8.572500 0.000001 1.000000 0.000000 1.000000 -0.000001 0.000002 -16.140625 6.078125 0 0 0 0 0.000000 0.000000 0.000000 0.000000
-19.850100 -3.638549 -8.439150 0.000001 1.000000 0.000000 1.000000 -0.000001 0.000004 -16.250000 5.968750 0 0 0 0 0.000000 0.000000 0.000000 0.000000
-19.869150 -3.638549 -8.420100 0.000001 1.000000 0.000000 1.000000 -0.000001 -0.000001 -16.265625 5.953125 0 0 0 0 0.000000 0.000000 0.000000 0.000000
-19.926300 -3.638549 -8.362951 0.000001 1.000000 0.000000 1.000000 -0.000001 0.000001 -16.312500 5.906250 0 0 0 0 0.000000 0.000000 0.000000 0.000000
-20.059650 -3.638549 -8.229601 0.000001 1.000000 0.000000 1.000000 -0.000001 0.000001 -16.421875 5.796875 0 0 0 0 0.000000 0.000000 0.000000 0.000000
-19.892963 -3.638549 -8.682037 0.000000 1.000000 0.000000 1.000000 0.000000 0.000000 -16.285156 6.167969 0 0 0 0 0.000000 0.000000 0.000000 0.000000
-19.988213 -3.638549 -8.777288 0.000000 1.000000 0.000000 1.000000 0.000000 0.000000 -16.363281 6.246094 0 0 0 0 0.000000 0.000000 0.000000 0.000000
-19.854862 -3.638549 -8.701088 -0.000027 1.000000 0.000000 1.000000 0.000027 -0.000040 -16.253906 6.183594 0 0 0 0 0.000000 0.000000 0.000000 0.000000
-19.969162 -3.638549 -8.815388 -0.000027 1.000000 0.000000 1.000000 0.000027 -0.000040 -16.347656 6.277344 0 0 0 0 0.000000 0.000000 0.000000 0.000000
-19.965923 -3.638549 -8.821674 -0.000027 1.000000 0.000000 1.000000 0.000009 0.000007 -16.344999 6.282500 0 0 0 0 0.000000 0.000000 0.000000 0.000000
-19.848577 -3.638549 -8.704328 -0.000027 1.000000 0.000000 1.000000 0.000009 -0.000019 -16.248751 6.186250 0 0 0 0 0.000000 0.000000 0.000000 0.000000
-19.773901 -3.524248 -8.534400 -0.677441 0.286611 0.677442 0.707107 -0.000000 0.707107 -6.968750 2.250000 0 0 0 0 0.000000 0.000000 0.000000 0.000000
-20.135851 -3.524248 -8.896351 -0.677441 0.286611 0.677442 0.707107 -0.000000 0.707107 -7.265625 2.250000 0 0 0 0 0.000000 0.000000 0.000000 0.000000
-20.040600 -3.028948 -9.010650 -0.677441 0.286611 0.677442 0.707107 0.000000 0.707107 -7.359375 1.843750 0 0 0 0 0.000000 0.000000 0.000000 0.000000
-19.659599 -3.028948 -8.629651 -0.677441 0.286611 0.677442 0.707107 -0.000000 0.707107 -7.046875 1.843750 0 0 0 0 0.000000 0.000000 0.000000 0.000000
-20.040600 -3.028948 -9.010650 -0.823202 0.027439 -0.567085 -0.567486 0.000002 0.823383 -6.656250 1.843750 0 0 0 0 0.000000 0.000000 0.000000 0.000000
-20.135851 -3.524248 -8.896351 -0.823202 0.027439 -0.567085 -0.567299 0.000003 0.823512 -6.562500 2.250000 0 0 0 0 0.000000 0.000000 0.000000 0.000000
-20.097750 -3.562349 -8.953500 -0.823202 0.027439 -0.567085 -0.567486 0.000002 0.823383 -6.609375 2.281250 0 0 0 0 0.000000 0.000000 0.000000 0.000000
-19.726465 -3.562349 -8.582216 0.699358 -0.024146 0.714363 0.714571 -0.000021 -0.699563 -15.523594 2.281250 0 0 0 0 0.000000 0.000000 0.000000 0.000000
-19.773901 -3.524248 -8.534400 0.699358 -0.024146 0.714363 0.714571 -0.000021 -0.699563 -15.562500 2.250000 0 0 0 0 0.000000 0.000000 0.000000 0.000000
-19.659599 -3.028948 -8.629651 0.699358 -0.024146 0.714363 0.714572 0.000015 -0.699562 -15.468750 1.843750 0 0 0 0 0.000000 0.000000 0.000000 0.000000
-19.602449 -3.067048 -8.686800 0.699358 -0.024146 0.714363 0.714571 -0.000021 -0.699563 -15.421875 1.875000 0 0 0 0 0.000000 0.000000 0.000000 0.000000
-19.840576 -3.562349 -8.715375 0.301522 0.904528 -0.301520 0.948681 -0.316235 0.000016 -16.054688 6.226562 0 0 0 0 0.000000 0.000000 0.000000 0.000000
-19.852003 -3.556824 -8.710233 0.301522 0.904528 -0.301520 0.948681 -0.316235 0.000016 -16.064062 6.222344 0 0 0 0 0.000000 0.000000 0.000000 0.000000
-19.960018 -3.556824 -8.818245 0.301522 0.904528 -0.301520 0.948680 -0.316238 0.000007 -16.152657 6.310937 0 0 0 0 0.000000 0.000000 0.000000 0.000000
-19.954876 -3.562349 -8.829675 0.301522 0.904528 -0.301520 0.948681 -0.316235 0.000016 -16.148438 6.320312 0 0 0 0 0.000000 0.000000 0.000000 0.000000
-19.724941 -3.556824 -8.583359 0.672138 -0.310224 -0.672303 0.707265 0.000063 0.706949 -6.930781 2.276719 0 0 0 0 0.000000 0.000000 0.000000 0.000000
-19.602449 -3.067048 -8.686800 0.672138 -0.310224 -0.672303 0.707203 0.000038 0.707011 -7.015625 1.875000 0 0 0 0 0.000000 0.000000 0.000000 0.000000
-19.983450 -3.067048 -9.067801 0.672138 -0.310224 -0.672303 0.707160 -0.000019 0.707053 -7.328125 1.875000 0 0 0 0 0.000000 0.000000 0.000000 0.000000
-20.096605 -3.556824 -8.954834 0.672138 -0.310224 -0.672303 0.707153 0.000023 0.707061 -7.235469 2.276719 0 0 0 0 0.000000 0.000000 0.000000 0.000000
-19.961161 -3.562349 -8.816912 0.674098 -0.302017 -0.674075 0.707096 0.000006 0.707118 -7.122344 2.281250 0 0 0 0 0.000000 0.000000 0.000000 0.000000
-19.960018 -3.556824 -8.818245 0.674098 -0.302017 -0.674075 0.707096 0.000006 0.707118 -7.123437 2.276719 0 0 0 0 0.000000 0.000000 0.000000 0.000000
-20.096605 -3.556824 -8.954834 0.674098 -0.302017 -0.674075 0.707153 0.000023 0.707061 -7.235469 2.276719 0 0 0 0 0.000000 0.000000 0.000000 0.000000
-20.097750 -3.562349 -8.953500 0.674098 -0.302017 -0.674075 0.707096 0.000006 0.707118 -7.234375 2.281250 0 0 0 0 0.000000 0.000000 0.000000 0.000000
-19.990688 -3.524248 -8.750998 -0.348029 -0.870582 0.347796 0.928794 -0.370596 0.000035 -16.365313 6.224531 0 0 0 0 0.000000 0.000000 0.000000 0.000000
-19.961161 -3.562349 -8.816912 -0.348029 -0.870582 0.347796 0.928559 -0.371184 0.000055 -16.341093 6.278594 0 0 0 0 0.000000 0.000000 0.000000 0.000000
-20.097750 -3.562349 -8.953500 -0.348029 -0.870582 0.347796 0.928543 -0.371226 -0.000065 -16.453125 6.390625 0 0 0 0 0.000000 0.000000 0.000000 0.000000
-20.135851 -3.524248 -8.896351 -0.348029 -0.870582 0.347796 0.928559 -0.371184 0.000055 -16.484375 6.343750 0 0 0 0 0.000000 0.000000 0.000000 0.000000
-19.919252 -3.524248 -8.679561 -0.347786 -0.870587 0.348027 0.928860 -0.370432 0.000075 -16.306719 6.165937 0 0 0 0 0.000000 0.000000 0.000000 0.000000
-19.773901 -3.524248 -8.534400 -0.347786 -0.870587 0.348027 0.928658 -0.370938 0.000116 -16.187500 6.046875 0 0 0 0 0.000000 0.000000 0.000000 0.000000
-19.726465 -3.562349 -8.582216 -0.347786 -0.870587 0.348027 0.928622 -0.371028 -0.000146 -16.148594 6.086094 0 0 0 0 0.000000 0.000000 0.000000 0.000000
-19.853340 -3.562349 -8.709090 -0.347786 -0.870587 0.348027 0.928658 -0.370938 0.000116 -16.252657 6.190156 0 0 0 0 0.000000 0.000000 0.000000 0.000000
-19.853340 -3.562349 -8.709090 0.671439 -0.312552 -0.671924 0.707338 -0.000105 0.706876 -7.033906 2.281250 0 0 0 0 0.000000 0.000000 0.000000 0.000000
-19.726465 -3.562349 -8.582216 0.671439 -0.312552 -0.671924 0.707338 -0.000105 0.706876 -6.929844 2.281250 0 0 0 0 0.000000 0.000000 0.000000 0.000000
-19.724941 -3.556824 -8.583359 0.671439 -0.312552 -0.671924 0.707265 0.000063 0.706949 -6.930781 2.276719 0 0 0 0 0.000000 0.000000 0.000000 0.000000
-19.852003 -3.556824 -8.710233 0.671439 -0.312552 -0.671924 0.707338 -0.000105 0.706876 -7.034844 2.276719 0 0 0 0 0.000000 0.000000 0.000000 0.000000
-19.971449 -3.549013 -8.794052 -0.346527 -0.871683 0.346536 0.929263 -0.369420 -0.000006 -16.349531 6.259844 0 0 0 0 0.000000 0.000000 0.000000 0.000000
-19.990688 -3.524248 -8.750998 -0.346527 -0.871683 0.346536 0.928794 -0.370596 0.000035 -16.365313 6.224531 0 0 0 0 0.000000 0.000000 0.000000 0.000000
-19.919252 -3.524248 -8.679561 -0.346527 -0.871683 0.346536 0.928860 -0.370432 0.000075 -16.306719 6.165937 0 0 0 0 0.000000 0.000000 0.000000 0.000000
-19.876198 -3.549013 -8.698802 -0.346527 -0.871683 0.346536 0.929263 -0.369420 -0.000006 -16.271406 6.181719 0 0 0 0 0.000000 0.000000 0.000000 0.000000
-20.097750 -3.638549 -8.953500 0.707108 0.000000 -0.707106 0.707106 0.000000 0.707108 -7.234375 2.578125 0 0 0 0 0.000000 0.000000 0.000000 0.000000
-20.097750 -3.714748 -8.953500 0.707108 0.000000 -0.707106 0.707106 0.000000 0.707108 -7.234375 2.640625 0 0 0 0 0.000000 0.000000 0.000000 0.000000
-19.716749 -3.714748 -8.572500 0.707108 0.000000 -0.707106 0.707106 -0.000000 0.707108 -6.921875 2.640625 0 0 0 0 0.000000 0.000000 0.000000 0.000000
-19.716749 -3.638549 -8.572500 0.707108 0.000000 -0.707106 0.707106 -0.000000 0.707108 -6.921875 2.578125 0 0 0 0 0.000000 0.000000 0.000000 0.000000
-19.848577 -3.638549 -8.704328 0.707108 0.000000 -0.707106 0.707106 0.000000 0.707108 -7.030000 2.578125 0 0 0 0 0.000000 0.000000 0.000000 0.000000
-19.965923 -3.638549 -8.821674 0.707108 0.000000 -0.707106 0.707106 0.000000 0.707108 -7.126250 2.578125 0 0 0 0 0.000000 0.000000 0.000000 0.000000
-20.364450 -3.448048 -8.686800 -0.970143 -0.000000 0.242533 0.242533 -0.000000 0.970143 -6.890625 2.515625 0 0 0 0 0.000000 0.000000 0.000000 0.000000
-20.364450 -3.486148 -8.686800 -0.970143 -0.000000 0.242533 0.242533 -0.000000 0.970143 -6.890625 2.546875 0 0 0 0 0.000000 0.000000 0.000000 0.000000
-20.383501 -3.486148 -8.763000 -0.970143 -0.000000 0.242533 0.242533 -0.000000 0.970143 -6.953125 2.546875 0 0 0 0 0.000000 0.000000 0.000000 0.000000
-20.383501 -3.448048 -8.763000 -0.970143 -0.000000 0.242533 0.242533 -0.000000 0.970143 -6.953125 2.515625 0 0 0 0 0.000000 0.000000 0.000000 0.000000
-19.983450 -3.067048 -9.067801 0.672193 -0.310345 -0.672193 0.707160 -0.000019 0.707053 -7.328125 1.875000 0 0 0 0 0.000000 0.000000 0.000000 0.000000
-19.994690 -3.067048 -9.079040 0.672193 -0.310345 -0.672193 0.707111 0.000016 0.707103 -7.337344 1.875000 0 0 0 0 0.000000 0.000000 0.000000 0.000000
-20.096605 -3.556824 -8.954834 0.672193 -0.310345 -0.672193 0.707153 0.000023 0.707061 -7.235469 2.276719 0 0 0 0 0.000000 0.000000 0.000000 0.000000
-20.135851 -3.448048 -9.010650 0.832040 0.000000 -0.554716 0.554716 0.000000 0.832040 -7.156250 2.515625 0 0 0 0 0.000000 0.000000 0.000000 0.000000
-20.135851 -3.486148 -9.010650 0.832040 0.000000 -0.554716 0.554716 0.000000 0.832040 -7.156250 2.546875 0 0 0 0 0.000000 0.000000 0.000000 0.000000
-20.097750 -3.486148 -8.953500 0.832040 0.000000 -0.554716 0.554716 0.000000 0.832040 -7.109375 2.546875 0 0 0 0 0.000000 0.000000 0.000000 0.000000
-20.097750 -3.448048 -8.953500 0.832040 0.000000 -0.554716 0.554716 0.000000 0.832040 -7.109375 2.515625 0 0 0 0 0.000000 0.000000 0.000000 0.000000
-19.994690 -3.067048 -9.079040 -0.822817 0.027346 -0.567648 -0.567860 0.000001 0.823125 -6.712344 1.875000 0 0 0 0 0.000000 0.000000 0.000000 0.000000
-20.040600 -3.028948 -9.010650 -0.822817 0.027346 -0.567648 -0.567486 0.000002 0.823383 -6.656250 1.843750 0 0 0 0 0.000000 0.000000 0.000000 0.000000
-20.097750 -3.562349 -8.953500 -0.822817 0.027346 -0.567648 -0.567486 0.000002 0.823383 -6.609375 2.281250 0 0 0 0 0.000000 0.000000 0.000000 0.000000
-20.135851 -3.448048 -9.010650 -0.000001 1.000000 0.000000 1.000000 0.000001 -0.000001 -16.359375 6.562500 0 0 0 0 0.000000 0.000000 0.000000 0.000000
-20.097750 -3.448048 -8.953500 -0.000001 1.000000 0.000000 1.000000 0.000001 -0.000001 -16.328125 6.515625 0 0 0 0 0.000000 0.000000 0.000000 0.000000
-20.364450 -3.448048 -8.686800 -0.000001 1.000000 0.000000 1.000000 0.000001 0.000006 -16.546875 6.296875 0 0 0 0 0.000000 0.000000 0.000000 0.000000
-20.383501 -3.448048 -8.763000 -0.000001 1.000000 0.000000 1.000000 0.000001 -0.000001 -16.562500 6.359375 0 0 0 0 0.000000 0.000000 0.000000 0.000000
-20.269199 -3.486148 -8.820150 0.000000 -1.000000 -0.000000 1.000000 -0.000000 0.000011 -16.468750 6.406250 0 0 0 0 0.000000 0.000000 0.000000 0.000000
-20.307301 -3.486148 -8.743951 0.000000 -1.000000 -0.000000 1.000000 -0.000000 0.000011 -16.500000 6.343750 0 0 0 0 0.000000 0.000000 0.000000 0.000000
-20.250149 -3.486148 -8.801101 0.000000 -1.000000 -0.000000 1.000000 -0.000000 0.000011 -16.453125 6.390625 0 0 0 0 0.000000 0.000000 0.000000 0.000000
-20.250149 -3.486148 -8.858250 0.000000 -1.000000 -0.000000 1.000000 0.000000 -0.000009 -16.453125 6.437500 0 0 0 0 0.000000 0.000000 0.000000 0.000000
-20.231100 -3.486148 -8.820150 0.000000 -1.000000 -0.000000 1.000000 0.000000 -0.000009 -16.437500 6.406250 0 0 0 0 0.000000 0.000000 0.000000 0.000000
-20.097750 -3.486148 -8.953500 0.000000 -1.000000 -0.000000 1.000000 0.000000 -0.000009 -16.328125 6.515625 0 0 0 0 0.000000 0.000000 0.000000 0.000000
-20.135851 -3.486148 -9.010650 0.000000 -1.000000 -0.000000 1.000000 0.000000 -0.000004 -16.359375 6.562500 0 0 0 0 0.000000 0.000000 0.000000 0.000000
-20.212049 -3.486148 -8.934450 0.000000 -1.000000 -0.000000 1.000000 -0.000000 0.000032 -16.421875 6.500000 0 0 0 0 0.000000 0.000000 0.000000 0.000000
-20.307301 -3.486148 -8.743951 -0.000005 -1.000000 -0.000000 -0.447219 0.000002 0.894424 -16.500000 6.343750 0 0 0 0 0.000000 0.000000 0.000000 0.000000
-20.269199 -3.486148 -8.820150 -0.000005 -1.000000 -0.000000 -0.447221 0.000002 0.894423 -16.468750 6.406250 0 0 0 0 0.000000 0.000000 0.000000 0.000000
-20.250149 -3.486148 -8.858250 -0.000005 -1.000000 -0.000000 -0.447219 0.000002 0.894424 -16.453125 6.437500 0 0 0 0 0.000000 0.000000 0.000000 0.000000
-20.212049 -3.486148 -8.934450 -0.000005 -1.000000 -0.000000 -0.447219 0.000002 0.894424 -16.421875 6.500000 0 0 0 0 0.000000 0.000000 0.000000 0.000000
-20.383501 -3.486148 -8.763000 -0.000005 -1.000000 -0.000000 1.000000 -0.000005 0.000004 -16.562500 6.359375 0 0 0 0 0.000000 0.000000 0.000000 0.000000
-20.364450 -3.486148 -8.686800 -0.000005 -1.000000 -0.000000 1.000000 -0.000005 0.000002 -16.546875 6.296875 0 0 0 0 0.000000 0.000000 0.000000 0.000000
-19.716749 -3.448048 -8.572500 0.000000 1.000000 0.000000 1.000000 0.000000 -0.000000 -15.515625 6.203125 0 0 0 0 0.000000 0.000000 0.000000 0.000000
-19.659599 -3.448048 -8.534400 0.000000 1.000000 0.000000 1.000000 0.000000 -0.000000 -15.468750 6.171875 0 0 0 0 0.000000 0.000000 0.000000 0.000000
-19.907249 -3.448049 -8.286750 0.000000 1.000000 0.000000 1.000000 -0.000000 0.000003 -15.671875 5.968750 0 0 0 0 0.000000 0.000000 0.000000 0.000000
-19.983450 -3.448049 -8.305800 0.000000 1.000000 0.000000 1.000000 0.000000 -0.000000 -15.734375 5.984375 0 0 0 0 0.000000 0.000000 0.000000 0.000000
-19.888201 -3.486149 -8.305800 -0.000001 -1.000000 -0.000000 1.000000 -0.000001 -0.000012 -15.656250 5.984375 0 0 0 0 0.000000 0.000000 0.000000 0.000000
-19.735800 -3.486148 -8.458201 -0.000001 -1.000000 -0.000000 1.000000 -0.000001 -0.000016 -15.531250 6.109375 0 0 0 0 0.000000 0.000000 0.000000 0.000000
-19.812000 -3.486149 -8.420100 -0.000001 -1.000000 -0.000000 1.000000 -0.000001 -0.000016 -15.593750 6.078125 0 0 0 0 0.000000 0.000000 0.000000 0.000000
-19.850100 -3.486149 -8.401051 -0.000001 -1.000000 -0.000000 1.000000 -0.000000 0.000006 -15.625000 6.062500 0 0 0 0 0.000000 0.000000 0.000000 0.000000
-19.926300 -3.486149 -8.362951 -0.000001 -1.000000 -0.000000 1.000000 -0.000000 -0.000000 -15.687500 6.031250 0 0 0 0 0.000000 0.000000 0.000000 0.000000
-19.983450 -3.486149 -8.305800 -0.000001 -1.000000 -0.000000 1.000000 -0.000001 -0.000000 -15.734375 5.984375 0 0 0 0 0.000000 0.000000 0.000000 0.000000
-19.920015 -3.486149 -8.289989 -0.000001 -1.000000 -0.000000 1.000000 -0.000001 -0.000000 -15.682344 5.971406 0 0 0 0 0.000000 0.000000 0.000000 0.000000
-19.659599 -3.486148 -8.534400 -0.000003 -1.000000 -0.000000 1.000000 -0.000003 -0.000024 -15.468750 6.171875 0 0 0 0 0.000000 0.000000 0.000000 0.000000
-19.716749 -3.486148 -8.572500 -0.000003 -1.000000 -0.000000 1.000000 -0.000003 -0.000000 -15.515625 6.203125 0 0 0 0 0.000000 0.000000 0.000000 0.000000
-19.850100 -3.486148 -8.439150 -0.000003 -1.000000 -0.000000 1.000000 -0.000003 -0.000006 -15.625000 6.093750 0 0 0 0 0.000000 0.000000 0.000000 0.000000
-19.869150 -3.486149 -8.420100 0.000000 -1.000000 -0.000000 1.000000 0.000000 -0.000005 -15.640625 6.078125 0 0 0 0 0.000000 0.000000 0.000000 0.000000
-19.907249 -3.448049 -8.286750 -0.242543 -0.000000 0.970141 0.970141 -0.000000 0.242543 -15.671875 2.515625 0 0 0 0 0.000000 0.000000 0.000000 0.000000
-19.907249 -3.486149 -8.286750 -0.242543 -0.000000 0.970141 0.970141 -0.000000 0.242543 -15.671875 2.546875 0 0 0 0 0.000000 0.000000 0.000000 0.000000
-19.983450 -3.486149 -8.305800 -0.242543 -0.000000 0.970141 0.970141 -0.000000 0.242543 -15.734375 2.546875 0 0 0 0 0.000000 0.000000 0.000000 0.000000
-19.983450 -3.448049 -8.305800 -0.242543 -0.000000 0.970141 0.970141 -0.000000 0.242543 -15.734375 2.515625 0 0 0 0 0.000000 0.000000 0.000000 0.000000
-19.716749 -3.448048 -8.572500 0.554694 0.000000 -0.832055 0.832055 0.000000 0.554694 -15.515625 2.515625 0 0 0 0 0.000000 0.000000 0.000000 0.000000
-19.716749 -3.486148 -8.572500 0.554694 0.000000 -0.832055 0.832055 0.000000 0.554694 -15.515625 2.546875 0 0 0 0 0.000000 0.000000 0.000000 0.000000
-19.659599 -3.486148 -8.534400 0.554694 0.000000 -0.832055 0.832055 0.000000 0.554694 -15.468750 2.546875 0 0 0 0 0.000000 0.000000 0.000000 0.000000
-19.659599 -3.448048 -8.534400 0.554694 0.000000 -0.832055 0.832055 0.000000 0.554694 -15.468750 2.515625 0 0 0 0 0.000000 0.000000 0.000000 0.000000
2.857500 -1.524000 -21.050251 0.000000 1.000000 0.000000 1.000000 -0.000000 0.000032 2.734375 17.140625 0 0 0 0 0.000000 0.000000 0.000000 0.000000
2.857500 -1.524000 -20.974051 0.000000 1.000000 0.000000 1.000000 -0.000000 0.000032 2.734375 17.078125 0 0 0 0 0.000000 0.000000 0.000000 0.000000
2.781300 -1.524000 -20.916901 0.000000 1.000000 0.000000 1.000000 -0.000000 0.000032 2.671875 17.031250 0 0 0 0 0.000000 0.000000 0.000000 0.000000
2.705100 -1.524000 -20.974051 0.000000 1.000000 0.000000 1.000000 -0.000000 -0.000013 2.609375 17.078125 0 0 0 0 0.000000 0.000000 0.000000 0.000000
2.705100 -1.524000 -21.050251 0.000000 1.000000 0.000000 1.000000 -0.000000 -0.000000 2.609375 17.140625 0 0 0 0 0.000000 0.000000 0.000000 0.000000
2.781300 -1.524000 -21.107399 0.000000 1.000000 0.000000 1.000000 -0.000000 -0.000000 2.671875 17.187500 0 0 0 0 0.000000 0.000000 0.000000 0.000000
2.857500 -1.676400 -21.050251 0.000000 -1.000000 -0.000000 1.000000 0.000000 -0.000001 2.343750 17.265625 0 0 0 0 0.000000 0.000000 0.000000 0.000000
2.781300 -1.676400 -21.107399 0.000000 -1.000000 -0.000000 1.000000 0.000000 -0.000001 2.281250 17.312500 0 0 0 0 0.000000 0.000000 0.000000 0.000000
2.740914 -1.676400 -21.077112 0.000000 -1.000000 -0.000000 1.000000 0.000000 -0.000001 2.248125 17.287657 0 0 0 0 0.000000 0.000000 0.000000 0.000000
2.705100 -1.676400 -21.050251 0.000000 -1.000000 -0.000000 1.000000 0.000000 0.000000 2.218750 17.265625 0 0 0 0 0.000000 0.000000 0.000000 0.000000
2.705100 -1.676400 -20.974051 0.000000 -1.000000 -0.000000 1.000000 0.000000 0.000000 2.218750 17.203125 0 0 0 0 0.000000 0.000000 0.000000 0.000000
2.781300 -1.676400 -20.916901 0.000000 -1.000000 -0.000000 1.000000 0.000000 -0.000013 2.281250 17.156250 0 0 0 0 0.000000 0.000000 0.000000 0.000000
2.857500 -1.676400 -20.974051 0.000000 -1.000000 -0.000000 1.000000 0.000000 0.000032 2.343750 17.203125 0 0 0 0 0.000000 0.000000 0.000000 0.000000
2.705100 -1.524000 -20.974051 -1.000000 0.000000 0.000000 0.000000 0.000000 1.000000 -17.625000 1.562500 0 0 0 0 0.000000 0.000000 0.000000 0.000000
2.705100 -1.600200 -20.974051 -1.000000 0.000000 0.000000 0.000000 0.000000 1.000000 -17.625000 1.625000 0 0 0 0 0.000000 0.000000 0.000000 0.000000
2.705100 -1.600200 -21.050251 -1.000000 0.000000 0.000000 0.000000 0.000000 1.000000 -17.687500 1.625000 0 0 0 0 0.000000 0.000000 0.000000 0.000000
2.705100 -1.524000 -21.050251 -1.000000 0.000000 0.000000 0.000000 0.000000 1.000000 -17.687500 1.562500 0 0 0 0 0.000000 0.000000 0.000000 0.000000
2.857500 -1.524000 -21.050251 1.000000 0.000000 0.000000 0.000000 0.000000 1.000000 -17.687500 1.562500 0 0 0 0 0.000000 0.000000 0.000000 0.000000
2.857500 -1.600200 -21.050251 1.000000 0.000000 0.000000 0.000000 0.000000 1.000000 -17.687500 1.625000 0 0 0 0 0.000000 0.000000 0.000000 0.000000
2.857500 -1.600200 -20.974051 1.000000 0.000000 0.000000 0.000000 0.000000 1.000000 -17.625000 1.625000 0 0 0 0 0.000000 0.000000 0.000000 0.000000
2.857500 -1.524000 -20.974051 1.000000 0.000000 0.000000 0.000000 0.000000 1.000000 -17.625000 1.562500 0 0 0 0 0.000000 0.000000 0.000000 0.000000
2.781300 -1.524000 -21.107399 0.600000 0.000000 -0.800000 0.800000 -0.000000 0.600000 2.375000 1.562500 0 0 0 0 0.000000 0.000000 0.000000 0.000000
2.781300 -1.600200 -21.107399 0.600000 0.000000 -0.800000 0.800000 -0.000000 0.600000 2.375000 1.625000 0 0 0 0 0.000000 0.000000 0.000000 0.000000
2.821686 -1.600200 -21.077112 0.600000 0.000000 -0.800000 0.800000 -0.000000 0.600000 2.408125 1.625000 0 0 0 0 0.000000 0.000000 0.000000 0.000000
2.857500 -1.600200 -21.050251 0.600000 0.000000 -0.800000 0.800000 -0.000000 0.600000 2.437500 1.625000 0 0 0 0 0.000000 0.000000 0.000000 0.000000
2.857500 -1.524000 -21.050251 0.600000 0.000000 -0.800000 0.800000 -0.000000 0.600000 2.437500 1.562500 0 0 0 0 0.000000 0.000000 0.000000 0.000000
2.705100 -1.524000 -21.050251 -0.600000 0.000000 -0.800000 0.800000 0.000000 -0.600000 2.312500 1.562500 0 0 0 0 0.000000 0.000000 0.000000 0.000000
2.705100 -1.600200 -21.050251 -0.600000 0.000000 -0.800000 0.800000 0.000000 -0.600000 2.312500 1.625000 0 0 0 0 0.000000 0.000000 0.000000 0.000000
2.740914 -1.600200 -21.077112 -0.600000 0.000000 -0.800000 0.800000 0.000000 -0.600000 2.341875 1.625000 0 0 0 0 0.000000 0.000000 0.000000 0.000000
2.781300 -1.600200 -21.107399 -0.600000 0.000000 -0.800000 0.800000 0.000000 -0.600000 2.375000 1.625000 0 0 0 0 0.000000 0.000000 0.000000 0.000000
2.781300 -1.524000 -21.107399 -0.600000 0.000000 -0.800000 0.800000 0.000000 -0.600000 2.375000 1.562500 0 0 0 0 0.000000 0.000000 0.000000 0.000000
2.857500 -1.524000 -20.974051 0.600000 -0.000000 0.800000 0.800000 0.000000 -0.600000 2.437500 1.562500 0 0 0 0 0.000000 0.000000 0.000000 0.000000
2.857500 -1.600200 -20.974051 0.600000 -0.000000 0.800000 0.799883 0.000000 -0.600156 2.437500 1.625000 0 0 0 0 0.000000 0.000000 0.000000 0.000000
2.781300 -1.600200 -20.916901 0.600000 -0.000000 0.800000 0.800000 0.000000 -0.600000 2.375000 1.625000 0 0 0 0 0.000000 0.000000 0.000000 0.000000
2.781300 -1.524000 -20.916901 0.600000 -0.000000 0.800000 0.800000 0.000000 -0.600000 2.375000 1.562500 0 0 0 0 0.000000 0.000000 0.000000 0.000000
2.781300 -1.524000 -20.916901 -0.600000 -0.000000 0.800000 0.800000 -0.000000 0.600000 2.375000 1.562500 0 0 0 0 0.000000 0.000000 0.000000 0.000000
2.781300 -1.600200 -20.916901 -0.600000 -0.000000 0.800000 0.800000 -0.000000 0.600000 2.375000 1.625000 0 0 0 0 0.000000 0.000000 0.000000 0.000000
2.705100 -1.600200 -20.974051 -0.600000 -0.000000 0.800000 0.799883 -0.000000 0.600156 2.312500 1.625000 0 0 0 0 0.000000 0.000000 0.000000 0.000000
2.705100 -1.524000 -20.974051 -0.600000 -0.000000 0.800000 0.800000 -0.000000 0.600000 2.312500 1.562500 0 0 0 0 0.000000 0.000000 0.000000 0.000000
2.705100 -1.638300 -20.974051 -1.000000 0.000000 0.000000 0.000000 -0.000002 1.000000 -17.625000 1.656250 0 0 0 0 0.000000 0.000000 0.000000 0.000000
2.705100 -1.676400 -20.974051 -1.000000 0.000000 0.000000 0.000000 -0.000002 1.000000 -17.625000 1.687500 0 0 0 0 0.000000 0.000000 0.000000 0.000000
2.705100 -1.676400 -21.050251 -1.000000 0.000000 0.000000 0.000000 0.000000 1.000000 -17.687500 1.687500 0 0 0 0 0.000000 0.000000 0.000000 0.000000
2.705100 -1.638300 -21.050251 -1.000000 0.000000 0.000000 0.000000 -0.000002 1.000000 -17.687500 1.656250 0 0 0 0 0.000000 0.000000 0.000000 0.000000
2.705100 -1.638300 -21.050251 -0.600000 0.000000 -0.800000 0.800000 0.000000 -0.600000 2.312500 1.656250 0 0 0 0 0.000000 0.000000 0.000000 0.000000
2.705100 -1.676400 -21.050251 -0.600000 0.000000 -0.800000 0.800000 -0.000003 -0.600000 2.312500 1.687500 0 0 0 0 0.000000 0.000000 0.000000 0.000000
2.740914 -1.676400 -21.077112 -0.600000 0.000000 -0.800000 0.800000 0.000000 -0.600000 2.341875 1.687500 0 0 0 0 0.000000 0.000000 0.000000 0.000000
2.740914 -1.638300 -21.077112 -0.600000 0.000000 -0.800000 -0.000000 -1.000000 -0.000000 2.341875 1.656250 0 0 0 0 0.000000 0.000000 0.000000 0.000000
2.740914 -1.638300 -21.077112 -0.600000 0.000000 -0.800000 0.800000 0.000000 -0.600000 2.341875 1.656250 0 0 0 0 0.000000 0.000000 0.000000 0.000000
2.781300 -1.676400 -21.107399 -0.600000 0.000000 -0.800000 0.800000 0.000003 -0.600000 2.375000 1.687500 0 0 0 0 0.000000 0.000000 0.000000 0.000000
2.781300 -1.638300 -21.107399 -0.600000 0.000000 -0.800000 0.800000 0.000000 -0.600000 2.375000 1.656250 0 0 0 0 0.000000 0.000000 0.000000 0.000000
2.757107 -1.600200 -20.934998 -0.600469 -0.000000 0.799648 -0.000000 1.000000 0.000000 2.355156 1.625000 0 0 0 0 0.000000 0.000000 0.000000 0.000000
2.757107 -1.638300 -20.934998 -0.600469 -0.000000 0.799648 -0.000000 1.000000 0.000000 2.355156 1.656250 0 0 0 0 0.000000 0.000000 0.000000 0.000000
2.757107 -1.676400 -20.934998 -0.600469 -0.000000 0.799648 -0.000000 1.000000 0.000000 2.355156 1.687500 0 0 0 0 0.000000 0.000000 0.000000 0.000000
2.705100 -1.676400 -20.974051 -0.600469 -0.000000 0.799648 0.799648 0.000000 0.600469 2.312500 1.687500 0 0 0 0 0.000000 0.000000 0.000000 0.000000
2.705100 -1.638300 -20.974051 -0.600469 -0.000000 0.799648 0.799648 0.000002 0.600469 2.312500 1.656250 0 0 0 0 0.000000 0.000000 0.000000 0.000000
2.705100 -1.600200 -20.974051 -0.600469 -0.000000 0.799648 0.799883 -0.000000 0.600156 2.312500 1.625000 0 0 0 0 0.000000 0.000000 0.000000 0.000000
2.805493 -1.600200 -20.934998 0.600469 -0.000000 0.799648 0.799648 -0.000000 -0.600469 2.394844 1.625000 0 0 0 0 0.000000 0.000000 0.000000 0.000000
2.857500 -1.600200 -20.974051 0.600469 -0.000000 0.799648 0.799883 0.000000 -0.600156 2.437500 1.625000 0 0 0 0 0.000000 0.000000 0.000000 0.000000
2.857500 -1.638300 -20.974051 0.600469 -0.000000 0.799648 0.799766 0.000000 -0.600312 2.437500 1.656250 0 0 0 0 0.000000 0.000000 0.000000 0.000000
2.805493 -1.638300 -20.934998 0.600469 -0.000000 0.799648 0.799648 -0.000000 -0.600469 2.394844 1.656250 0 0 0 0 0.000000 0.000000 0.000000 0.000000
2.821686 -1.638300 -21.077112 0.600000 0.000000 -0.800000 0.800000 -0.000000 0.600000 2.408125 1.656250 0 0 0 0 0.000000 0.000000 0.000000 0.000000
2.857500 -1.638300 -21.050251 0.600000 0.000000 -0.800000 0.800000 -0.000000 0.600000 2.437500 1.656250 0 0 0 0 0.000000 0.000000 0.000000 0.000000
2.857500 -1.638300 -21.050251 1.000000 0.000000 0.000000 0.000000 -0.000002 1.000000 -17.687500 1.656250 0 0 0 0 0.000000 0.000000 0.000000 0.000000
2.857500 -1.676400 -21.050251 1.000000 0.000000 0.000000 0.000000 -0.000002 1.000000 -17.687500 1.687500 0 0 0 0 0.000000 0.000000 0.000000 0.000000
2.857500 -1.676400 -20.974051 1.000000 0.000000 0.000000 0.000000 0.000000 1.000000 -17.625000 1.687500 0 0 0 0 0.000000 0.000000 0.000000 0.000000
2.857500 -1.638300 -20.974051 1.000000 0.000000 0.000000 0.000000 -0.000002 1.000000 -17.625000 1.656250 0 0 0 0 0.000000 0.000000 0.000000 0.000000
2.757107 -1.638300 -20.934998 -0.598991 -0.000000 0.800756 0.800756 -0.000000 0.598991 2.355156 1.656250 0 0 0 0 0.000000 0.000000 0.000000 0.000000
2.781300 -1.638300 -20.916901 -0.598991 -0.000000 0.800756 0.800756 -0.000000 0.598991 2.375000 1.656250 0 0 0 0 0.000000 0.000000 0.000000 0.000000
2.781300 -1.676400 -20.916901 -0.598991 -0.000000 0.800756 0.800756 -0.000000 0.598991 2.375000 1.687500 0 0 0 0 0.000000 0.000000 0.000000 0.000000
2.757107 -1.676400 -20.934998 -0.598991 -0.000000 0.800756 0.800756 -0.000000 0.598991 2.355156 1.687500 0 0 0 0 0.000000 0.000000 0.000000 0.000000
2.781300 -1.638300 -21.107399 0.600000 0.000000 -0.800000 0.800000 -0.000002 0.600000 2.375000 1.656250 0 0 0 0 0.000000 0.000000 0.000000 0.000000
2.781300 -1.676400 -21.107399 0.600000 0.000000 -0.800000 0.800000 -0.000002 0.600000 2.375000 1.687500 0 0 0 0 0.000000 0.000000 0.000000 0.000000
2.857500 -1.676400 -21.050251 0.600000 0.000000 -0.800000 0.800000 -0.000002 0.600000 2.437500 1.687500 0 0 0 0 0.000000 0.000000 0.000000 0.000000
2.821686 -1.638300 -21.077112 0.600000 0.000000 -0.800000 0.800000 -0.000000 0.600000 2.408125 1.656250 0 0 0 0 0.000000 0.000000 0.000000 0.000000
2.857500 -1.638300 -20.974051 0.600000 -0.000000 0.800000 0.799766 0.000000 -0.600312 2.437500 1.656250 0 0 0 0 0.000000 0.000000 0.000000 0.000000
2.857500 -1.676400 -20.974051 0.600000 -0.000000 0.800000 0.800000 0.000000 -0.600000 2.437500 1.687500 0 0 0 0 0.000000 0.000000 0.000000 0.000000
2.781300 -1.676400 -20.916901 0.600000 -0.000000 0.800000 0.800000 0.000000 -0.600000 2.375000 1.687500 0 0 0 0 0.000000 0.000000 0.000000 0.000000
2.781300 -1.638300 -20.916901 0.600000 -0.000000 0.800000 0.800000 0.000000 -0.600000 2.375000 1.656250 0 0 0 0 0.000000 0.000000 0.000000 0.000000
-11.315701 -4.133852 9.639299 0.000000 -1.000000 -0.000000 1.000000 0.000000 0.000000 -8.843750 -7.671875 0 0 0 0 0.000000 0.000000 0.000000 0.000000
-11.315701 -4.133852 9.601199 0.000000 -1.000000 -0.000000 1.000000 0.000000 0.000000 -8.843750 -7.640625 0 0 0 0 0.000000 0.000000 0.000000 0.000000
-11.468101 -4.133852 9.601199 0.000000 -1.000000 -0.000000 1.000000 0.000000 0.000000 -8.968750 -7.640625 0 0 0 0 0.000000 0.000000 0.000000 0.000000
-11.468101 -4.133852 9.639299 0.000000 -1.000000 -0.000000 1.000000 0.000000 0.000000 -8.968750 -7.671875 0 0 0 0 0.000000 0.000000 0.000000 0.000000
-11.315701 -4.057652 9.582150 0.000000 0.894428 -0.447211 1.000000 0.000000 0.000000 -8.843750 -7.625000 0 0 0 0 0.000000 0.000000 0.000000 0.000000
-11.315701 -4.040697 9.616058 0.000000 0.894428 -0.447211 1.000000 0.000000 0.000000 -8.843750 -7.652813 0 0 0 0 0.000000 0.000000 0.000000 0.000000
-11.468101 -4.040697 9.616058 0.000000 0.894428 -0.447211 1.000000 0.000000 0.000000 -8.968750 -7.652813 0 0 0 0 0.000000 0.000000 0.000000 0.000000
-11.468101 -4.057652 9.582150 0.000000 0.894428 -0.447211 1.000000 0.000000 0.000000 -8.968750 -7.625000 0 0 0 0 0.000000 0.000000 0.000000 0.000000
-14.439899 -4.133852 9.639299 0.000000 -1.000000 -0.000000 1.000000 0.000000 0.000000 -11.843750 -7.671875 0 0 0 0 0.000000 0.000000 0.000000 0.000000
-14.439899 -4.133852 9.601199 0.000000 -1.000000 -0.000000 1.000000 0.000000 0.000000 -11.843750 -7.640625 0 0 0 0 0.000000 0.000000 0.000000 0.000000
-14.592299 -4.133852 9.601199 0.000000 -1.000000 -0.000000 1.000000 0.000000 0.000000 -11.968750 -7.640625 0 0 0 0 0.000000 0.000000 0.000000 0.000000
-14.592299 -4.133852 9.639299 0.000000 -1.000000 -0.000000 1.000000 0.000000 0.000000 -11.968750 -7.671875 0 0 0 0 0.000000 0.000000 0.000000 0.000000
-14.439899 -4.057652 9.582150 0.000000 0.894427 -0.447213 1.000000 0.000000 0.000000 -11.843750 -7.625000 0 0 0 0 0.000000 0.000000 0.000000 0.000000
-14.439899 -4.040697 9.616058 0.000000 0.894427 -0.447213 1.000000 0.000000 0.000000 -11.843750 -7.652813 0 0 0 0 0.000000 0.000000 0.000000 0.000000
-14.592299 -4.040697 9.616058 0.000000 0.894427 -0.447213 1.000000 0.000000 0.000000 -11.968750 -7.652813 0 0 0 0 0.000000 0.000000 0.000000 0.000000
-14.592299 -4.057652 9.582150 0.000000 0.894427 -0.447213 1.000000 0.000000 0.000000 -11.968750 -7.625000 0 0 0 0 0.000000 0.000000 0.000000 0.000000
-7.429500 -4.133851 5.372099 0.000000 -1.000000 -0.000000 1.000000 0.000000 0.000000 -5.656250 -4.171875 0 0 0 0 0.000000 0.000000 0.000000 0.000000
-7.467600 -4.133851 5.372099 0.000000 -1.000000 -0.000000 1.000000 0.000000 0.000000 -5.687500 -4.171875 0 0 0 0 0.000000 0.000000 0.000000 0.000000
-7.467600 -4.133851 5.524499 0.000000 -1.000000 -0.000000 1.000000 0.000000 0.000000 -5.687500 -4.296875 0 0 0 0 0.000000 0.000000 0.000000 0.000000
-7.429500 -4.133851 5.524499 0.000000 -1.000000 -0.000000 1.000000 0.000000 0.000000 -5.656250 -4.296875 0 0 0 0 0.000000 0.000000 0.000000 0.000000
-7.452741 -4.040697 5.524499 -0.447215 0.894427 0.000000 0.894427 0.447215 0.000000 -5.675313 -4.296875 0 0 0 0 0.000000 0.000000 0.000000 0.000000
-7.486650 -4.057651 5.524499 -0.447215 0.894427 0.000000 0.894427 0.447215 0.000000 -5.703125 -4.296875 0 0 0 0 0.000000 0.000000 0.000000 0.000000
-7.486650 -4.057651 5.372099 -0.447215 0.894427 0.000000 0.894427 0.447215 0.000000 -5.703125 -4.171875 0 0 0 0 0.000000 0.000000 0.000000 0.000000
-7.452741 -4.040697 5.372099 -0.447215 0.894427 0.000000 0.894427 0.447215 0.000000 -5.675313 -4.171875 0 0 0 0 0.000000 0.000000 0.000000 0.000000
-1.143000 -4.000500 5.988939 -1.000000 0.000000 0.000000 0.000000 -0.000002 1.000000 5.771563 2.875000 0 0 0 0 0.000000 0.000000 0.000000 0.000000
-1.143000 -3.962400 5.977319 -1.000000 0.000000 0.000000 0.000000 -0.000002 1.000000 5.762031 2.843750 0 0 0 0 0.000000 0.000000 0.000000 0.000000
-1.143000 -3.962400 6.305550 -1.000000 0.000000 0.000000 0.000000 -0.000001 1.000000 6.031250 2.843750 0 0 0 0 0.000000 0.000000 0.000000 0.000000
-1.143000 -4.000500 6.305550 -1.000000 0.000000 0.000000 0.000000 0.000000 1.000000 6.031250 2.875000 0 0 0 0 0.000000 0.000000 0.000000 0.000000
-1.143000 -4.000500 6.153150 -1.000000 0.000000 0.000000 0.000000 -0.000002 1.000000 5.906250 2.875000 0 0 0 0 0.000000 0.000000 0.000000 0.000000
-1.143000 -4.000500 6.115050 -1.000000 0.000000 0.000000 0.000000 -0.000002 1.000000 5.875000 2.875000 0 0 0 0 0.000000 0.000000 0.000000 0.000000
-1.143000 -3.962400 5.977319 1.000000 0.000000 0.000000 0.000000 0.000000 1.000000 5.668281 2.515625 0 0 0 0 0.000000 0.000000 0.000000 0.000000
-1.143000 -3.790950 5.924550 1.000000 0.000000 0.000000 -0.000000 -0.000001 1.000000 5.625000 2.375000 0 0 0 0 0.000000 0.000000 0.000000 0.000000
-1.143000 -3.962400 5.924550 1.000000 0.000000 0.000000 0.000000 0.000000 1.000000 5.625000 2.515625 0 0 0 0 0.000000 0.000000 0.000000 0.000000
-1.143000 -4.000500 5.988939 1.000000 0.000000 0.000000 0.000000 0.000000 1.000000 5.677813 2.546875 0 0 0 0 0.000000 0.000000 0.000000 0.000000
-1.143000 -4.000500 5.924550 1.000000 0.000000 0.000000 -0.000000 -0.000001 1.000000 5.625000 2.546875 0 0 0 0 0.000000 0.000000 0.000000 0.000000
-1.143000 -4.076700 5.924550 1.000000 0.000000 0.000000 -0.000000 0.000002 1.000000 5.625000 2.609375 0 0 0 0 0.000000 0.000000 0.000000 0.000000
-1.143000 -4.038600 6.000750 1.000000 0.000000 0.000000 0.000000 0.000000 1.000000 5.687500 2.578125 0 0 0 0 0.000000 0.000000 0.000000 0.000000
-1.143000 -3.543300 5.848350 1.000000 -0.000000 0.000000 -0.000000 -0.000004 1.000000 5.562500 2.171875 0 0 0 0 0.000000 0.000000 0.000000 0.000000
-1.143000 -3.581400 5.772150 1.000000 -0.000000 0.000000 -0.000000 0.000003 1.000000 5.500000 2.203125 0 0 0 0 0.000000 0.000000 0.000000 0.000000
-1.143000 -3.962400 5.924550 1.000000 -0.000000 0.000000 -0.000000 -1.000000 -0.000000 5.625000 2.515625 0 0 0 0 0.000000 0.000000 0.000000 0.000000
-1.143000 -4.152900 6.115050 1.000000 0.000000 0.000000 0.000000 0.000000 1.000000 6.000000 2.906250 0 0 0 0 0.000000 0.000000 0.000000 0.000000
-1.143000 -4.152900 5.924550 1.000000 0.000000 0.000000 0.000000 0.000000 1.000000 5.843750 2.906250 0 0 0 0 0.000000 0.000000 0.000000 0.000000
-1.143000 -4.229100 5.924550 1.000000 0.000000 0.000000 0.000000 0.000000 1.000000 5.843750 2.968750 0 0 0 0 0.000000 0.000000 0.000000 0.000000
-1.143000 -4.229100 6.115050 1.000000 0.000000 0.000000 0.000000 0.000000 1.000000 6.000000 2.968750 0 0 0 0 0.000000 0.000000 0.000000 0.000000
-1.143000 -4.152900 6.153150 1.000000 0.000000 0.000000 0.000000 0.000000 1.000000 6.031250 2.906250 0 0 0 0 0.000000 0.000000 0.000000 0.000000
-1.143000 -4.229100 6.153150 1.000000 0.000000 0.000000 0.000000 0.000000 1.000000 6.031250 2.968750 0 0 0 0 0.000000 0.000000 0.000000 0.000000
-1.143000 -4.229100 6.381750 1.000000 0.000000 0.000000 0.000000 0.000000 1.000000 6.218750 2.968750 0 0 0 0 0.000000 0.000000 0.000000 0.000000
-1.143000 -4.152900 6.419850 1.000000 0.000000 0.000000 0.000000 0.000000 1.000000 6.250000 2.906250 0 0 0 0 0.000000 0.000000 0.000000 0.000000
-1.143000 -3.962400 5.924550 0.000000 1.000000 0.000000 1.000000 -0.000000 -0.000000 -0.562500 -5.843750 0 0 0 0 0.000000 0.000000 0.000000 0.000000
-1.066800 -3.962400 5.924550 0.000000 1.000000 0.000000 1.000000 -0.000000 -0.000000 -0.500000 -5.843750 0 0 0 0 0.000000 0.000000 0.000000 0.000000
-1.066800 -3.962400 6.267450 0.000000 1.000000 0.000000 1.000000 -0.000000 0.000000 -0.500000 -6.125000 0 0 0 0 0.000000 0.000000 0.000000 0.000000
-1.143000 -3.962400 6.305550 0.000000 1.000000 0.000000 1.000000 -0.000000 -0.000000 -0.562500 -6.156250 0 0 0 0 0.000000 0.000000 0.000000 0.000000
-1.143000 -3.962400 5.977319 0.000000 1.000000 0.000000 0.000000 -0.000000 1.000000 -0.562500 -5.887031 0 0 0 0 0.000000 0.000000 0.000000 0.000000
-1.143000 -3.962400 5.924550 0.000000 0.000000 -1.000000 1.000000 0.000000 0.000000 -0.437500 2.843750 0 0 0 0 0.000000 0.000000 0.000000 0.000000
-1.143000 -4.000500 5.924550 0.000000 0.000000 -1.000000 1.000000 0.000000 0.000000 -0.437500 2.875000 0 0 0 0 0.000000 0.000000 0.000000 0.000000
-1.104900 -4.000500 5.924550 0.000000 0.000000 -1.000000 1.000000 0.000000 0.000000 -0.406250 2.875000 0 0 0 0 0.000000 0.000000 0.000000 0.000000
-1.066800 -4.000500 5.924550 0.000000 0.000000 -1.000000 1.000000 0.000000 0.000000 -0.375000 2.875000 0 0 0 0 0.000000 0.000000 0.000000 0.000000
-1.066800 -3.962400 5.924550 0.000000 0.000000 -1.000000 1.000000 0.000000 0.000000 -0.375000 2.843750 0 0 0 0 0.000000 0.000000 0.000000 0.000000
-1.104900 -4.000500 6.153150 0.000000 -1.000000 -0.000000 1.000000 0.000000 -0.000000 -0.531250 -6.031250 0 0 0 0 0.000000 0.000000 0.000000 0.000000
-1.143000 -4.000500 6.153150 0.000000 -1.000000 -0.000000 1.000000 0.000000 0.000000 -0.562500 -6.031250 0 0 0 0 0.000000 0.000000 0.000000 0.000000
-1.143000 -4.000500 6.305550 0.000000 -1.000000 -0.000000 1.000000 0.000000 0.000008 -0.562500 -6.156250 0 0 0 0 0.000000 0.000000 0.000000 0.000000
-1.104900 -4.000500 6.286500 0.000000 -1.000000 -0.000000 1.000000 0.000000 0.000005 -0.531250 -6.140625 0 0 0 0 0.000000 0.000000 0.000000 0.000000
-1.104900 -4.000500 6.115050 0.000000 -1.000000 -0.000000 1.000000 0.000000 0.000000 -0.531250 -6.000000 0 0 0 0 0.000000 0.000000 0.000000 0.000000
-1.104900 -4.000500 5.924550 0.000000 -1.000000 -0.000000 1.000000 0.000000 0.000000 -0.531250 -5.843750 0 0 0 0 0.000000 0.000000 0.000000 0.000000
-1.143000 -4.000500 5.924550 0.000000 -1.000000 -0.000000 1.000000 0.000000 0.000000 -0.562500 -5.843750 0 0 0 0 0.000000 0.000000 0.000000 0.000000
-1.143000 -4.000500 5.988939 0.000000 -1.000000 -0.000000 1.000000 0.000000 0.000001 -0.562500 -5.896563 0 0 0 0 0.000000 0.000000 0.000000 0.000000
-1.143000 -4.000500 6.115050 0.000000 -1.000000 -0.000000 1.000000 0.000000 0.000000 -0.562500 -6.000000 0 0 0 0 0.000000 0.000000 0.000000 0.000000
-1.066800 -4.000500 5.924550 0.000000 -1.000000 -0.000000 1.000000 0.000000 0.000000 -0.500000 -5.843750 0 0 0 0 0.000000 0.000000 0.000000 0.000000
-1.066800 -4.000500 6.267450 0.000000 -1.000000 -0.000000 1.000000 0.000000 -0.000008 -0.500000 -6.125000 0 0 0 0 0.000000 0.000000 0.000000 0.000000
-1.066800 -3.962400 5.924550 1.000000 0.000000 0.000000 0.000000 -0.000001 1.000000 5.718750 2.843750 0 0 0 0 0.000000 0.000000 0.000000 0.000000
-1.066800 -4.000500 5.924550 1.000000 0.000000 0.000000 0.000000 -0.000001 1.000000 5.718750 2.875000 0 0 0 0 0.000000 0.000000 0.000000 0.000000
-1.066800 -4.000500 6.267450 1.000000 0.000000 0.000000 0.000000 -0.000001 1.000000 6.000000 2.875000 0 0 0 0 0.000000 0.000000 0.000000 0.000000
-1.066800 -3.962400 6.267450 1.000000 0.000000 0.000000 0.000000 -0.000001 1.000000 6.000000 2.843750 0 0 0 0 0.000000 0.000000 0.000000 0.000000
-1.066800 -3.962400 6.267450 0.447214 -0.000000 0.894427 0.894427 -0.000000 -0.447214 -0.375000 2.843750 0 0 0 0 0.000000 0.000000 0.000000 0.000000
-1.066800 -4.000500 6.267450 0.447214 -0.000000 0.894427 0.894427 -0.000000 -0.447214 -0.375000 2.875000 0 0 0 0 0.000000 0.000000 0.000000 0.000000
-1.104900 -4.000500 6.286500 0.447214 -0.000000 0.894427 0.894427 -0.000000 -0.447214 -0.406250 2.875000 0 0 0 0 0.000000 0.000000 0.000000 0.000000
-1.143000 -4.000500 6.305550 0.447214 -0.000000 0.894427 0.894427 0.000000 -0.447214 -0.437500 2.875000 0 0 0 0 0.000000 0.000000 0.000000 0.000000
-1.143000 -3.962400 6.305550 0.447214 -0.000000 0.894427 0.894427 0.000000 -0.447214 -0.437500 2.843750 0 0 0 0 0.000000 0.000000 0.000000 0.000000
-1.143000 -4.229100 6.381750 0.000000 -1.000000 -0.000000 0.000000 -0.000000 1.000000 -0.687500 -5.343750 0 0 0 0 0.000000 0.000000 0.000000 0.000000
-1.143000 -4.229100 6.153150 0.000000 -1.000000 -0.000000 0.000000 -0.000000 1.000000 -0.687500 -5.156250 0 0 0 0 0.000000 0.000000 0.000000 0.000000
-1.143000 -4.229100 6.115050 0.000000 -1.000000 -0.000000 0.000000 -0.000000 1.000000 -0.687500 -5.125000 0 0 0 0 0.000000 0.000000 0.000000 0.000000
-1.143000 -4.229100 5.924550 0.000000 -1.000000 -0.000000 0.000000 0.000000 -1.000000 -0.687500 -4.968750 0 0 0 0 0.000000 0.000000 0.000000 0.000000
-1.676400 -4.229100 5.924550 0.000000 -1.000000 -0.000000 1.000000 0.000000 0.000000 -1.125000 -4.968750 0 0 0 0 0.000000 0.000000 0.000000 0.000000
-1.676400 -4.229100 6.115050 0.000000 -1.000000 -0.000000 1.000000 0.000000 0.000000 -1.125000 -5.125000 0 0 0 0 0.000000 0.000000 0.000000 0.000000
-1.676400 -4.229100 6.153150 0.000000 -1.000000 -0.000000 1.000000 0.000000 0.000000 -1.125000 -5.156250 0 0 0 0 0.000000 0.000000 0.000000 0.000000
-1.676400 -4.229100 6.381750 0.000000 -1.000000 -0.000000 1.000000 0.000000 0.000000 -1.125000 -5.343750 0 0 0 0 0.000000 0.000000 0.000000 0.000000
-1.676400 -3.962400 5.977319 1.000000 0.000000 0.000000 0.000000 -0.000002 1.000000 5.762031 2.843750 0 0 0 0 0.000000 0.000000 0.000000 0.000000
-1.676400 -4.000500 5.988939 1.000000 0.000000 0.000000 0.000000 -0.000002 1.000000 5.771563 2.875000 0 0 0 0 0.000000 0.000000 0.000000 0.000000
-1.676400 -4.000500 6.115050 1.000000 0.000000 0.000000 0.000000 -0.000002 1.000000 5.875000 2.875000 0 0 0 0 0.000000 0.000000 0.000000 0.000000
-1.676400 -4.000500 6.153150 1.000000 0.000000 0.000000 0.000000 0.000000 1.000000 5.906250 2.875000 0 0 0 0 0.000000 0.000000 0.000000 0.000000
-1.676400 -4.000500 6.305550 1.000000 0.000000 0.000000 0.000000 0.000000 1.000000 6.031250 2.875000 0 0 0 0 0.000000 0.000000 0.000000 0.000000
-1.676400 -3.962400 6.305550 1.000000 0.000000 0.000000 0.000000 -0.000001 1.000000 6.031250 2.843750 0 0 0 0 0.000000 0.000000 0.000000 0.000000
-1.676400 -4.152900 6.115050 -1.000000 0.000000 0.000000 0.000000 0.000000 1.000000 6.000000 2.906250 0 0 0 0 0.000000 0.000000 0.000000 0.000000
-1.676400 -4.229100 6.115050 -1.000000 0.000000 0.000000 0.000000 0.000000 1.000000 6.000000 2.968750 0 0 0 0 0.000000 0.000000 0.000000 0.000000
-1.676400 -4.229100 5.924550 -1.000000 0.000000 0.000000 0.000000 0.000000 1.000000 5.843750 2.968750 0 0 0 0 0.000000 0.000000 0.000000 0.000000
-1.676400 -4.152900 5.924550 -1.000000 0.000000 0.000000 0.000000 0.000000 1.000000 5.843750 2.906250 0 0 0 0 0.000000 0.000000 0.000000 0.000000
-1.676400 -4.152900 6.153150 -1.000000 0.000000 0.000000 0.000000 0.000000 1.000000 6.031250 2.906250 0 0 0 0 0.000000 0.000000 0.000000 0.000000
-1.676400 -4.152900 6.419850 -1.000000 0.000000 0.000000 0.000000 0.000000 1.000000 6.250000 2.906250 0 0 0 0 0.000000 0.000000 0.000000 0.000000
-1.676400 -4.229100 6.381750 -1.000000 0.000000 0.000000 0.000000 0.000000 1.000000 6.218750 2.968750 0 0 0 0 0.000000 0.000000 0.000000 0.000000
-1.676400 -4.229100 6.153150 -1.000000 0.000000 0.000000 0.000000 0.000000 1.000000 6.031250 2.968750 0 0 0 0 0.000000 0.000000 0.000000 0.000000
-1.676400 -3.962400 5.924550 -1.000000 0.000000 0.000000 -0.000000 0.000000 1.000000 5.625000 2.515625 0 0 0 0 0.000000 0.000000 0.000000 0.000000
-1.676400 -3.790950 5.924550 -1.000000 0.000000 0.000000 -0.000000 0.000001 1.000000 5.625000 2.375000 0 0 0 0 0.000000 0.000000 0.000000 0.000000
-1.676400 -3.962400 5.977319 -1.000000 0.000000 0.000000 0.000000 0.000000 1.000000 5.668281 2.515625 0 0 0 0 0.000000 0.000000 0.000000 0.000000
-1.676400 -4.000500 5.924550 -1.000000 0.000000 0.000000 -0.000000 0.000000 1.000000 5.625000 2.546875 0 0 0 0 0.000000 0.000000 0.000000 0.000000
-1.676400 -4.000500 5.988939 -1.000000 0.000000 0.000000 0.000000 0.000000 1.000000 5.677813 2.546875 0 0 0 0 0.000000 0.000000 0.000000 0.000000
-1.676400 -4.038600 6.000750 -1.000000 0.000000 0.000000 0.000000 -0.000003 1.000000 5.687500 2.578125 0 0 0 0 0.000000 0.000000 0.000000 0.000000
-1.676400 -4.076700 5.924550 -1.000000 0.000000 0.000000 -0.000000 0.000003 1.000000 5.625000 2.609375 0 0 0 0 0.000000 0.000000 0.000000 0.000000
-1.676400 -3.581400 5.772150 -1.000000 0.000000 -0.000000 -0.000000 0.000003 1.000000 5.500000 2.203125 0 0 0 0 0.000000 0.000000 0.000000 0.000000
-1.676400 -3.543300 5.848350 -1.000000 0.000000 -0.000000 -0.000000 0.000003 1.000000 5.562500 2.171875 0 0 0 0 0.000000 0.000000 0.000000 0.000000
-1.333500 -4.152900 5.943600 0.000000 1.000000 0.000000 1.000000 -0.000000 -0.000000 -0.843750 -4.984375 0 0 0 0 0.000000 0.000000 0.000000 0.000000
-1.485900 -4.152900 5.943600 0.000000 1.000000 0.000000 1.000000 0.000000 0.000000 -0.968750 -4.984375 0 0 0 0 0.000000 0.000000 0.000000 0.000000
-1.485900 -4.152900 5.924550 0.000000 1.000000 0.000000 1.000000 0.000000 0.000000 -0.968750 -4.968750 0 0 0 0 0.000000 0.000000 0.000000 0.000000
-1.333500 -4.152900 5.924550 0.000000 1.000000 0.000000 1.000000 -0.000000 0.000013 -0.843750 -4.968750 0 0 0 0 0.000000 0.000000 0.000000 0.000000
-1.333500 -4.152900 5.981699 0.000000 1.000000 0.000000 1.000000 -0.000000 -0.000000 -0.843750 -5.015625 0 0 0 0 0.000000 0.000000 0.000000 0.000000
-1.333500 -4.152900 6.419850 0.000000 1.000000 0.000000 1.000000 -0.000000 -0.000000 -0.843750 -5.375000 0 0 0 0 0.000000 0.000000 0.000000 0.000000
-1.485900 -4.152900 6.419850 0.000000 1.000000 0.000000 1.000000 0.000000 0.000000 -0.968750 -5.375000 0 0 0 0 0.000000 0.000000 0.000000 0.000000
-1.485900 -4.152900 5.981699 0.000000 1.000000 0.000000 1.000000 0.000000 0.000000 -0.968750 -5.015625 0 0 0 0 0.000000 0.000000 0.000000 0.000000
-1.676400 -4.152900 6.419850 -0.000000 1.000000 0.000000 1.000000 0.000000 0.000000 -1.125000 -5.375000 0 0 0 0 0.000000 0.000000 0.000000 0.000000
-1.676400 -4.152900 6.153150 -0.000000 1.000000 0.000000 1.000000 0.000000 0.000000 -1.125000 -5.156250 0 0 0 0 0.000000 0.000000 0.000000 0.000000
-1.676400 -4.152900 6.115050 -0.000000 1.000000 0.000000 1.000000 0.000000 0.000000 -1.125000 -5.125000 0 0 0 0 0.000000 0.000000 0.000000 0.000000
-1.676400 -4.152900 5.924550 -0.000000 1.000000 0.000000 1.000000 0.000000 0.000000 -1.125000 -4.968750 0 0 0 0 0.000000 0.000000 0.000000 0.000000
-1.485900 -4.152900 5.943600 -0.000000 1.000000 0.000000 -0.000000 0.000000 -1.000000 -0.968750 -4.984375 0 0 0 0 0.000000 0.000000 0.000000 0.000000
-1.485900 -4.152900 5.981699 -0.000000 1.000000 0.000000 -0.000000 0.000000 -1.000000 -0.968750 -5.015625 0 0 0 0 0.000000 0.000000 0.000000 0.000000
-1.143000 -4.152900 6.419850 0.000000 1.000000 0.000000 1.000000 -0.000000 -0.000000 -0.687500 -5.375000 0 0 0 0 0.000000 0.000000 0.000000 0.000000
-1.143000 -4.152900 5.924550 0.000000 1.000000 0.000000 1.000000 -0.000000 -0.000000 -0.687500 -4.968750 0 0 0 0 0.000000 0.000000 0.000000 0.000000
-1.143000 -4.152900 6.115050 0.000000 1.000000 0.000000 0.000000 0.000000 -1.000000 -0.687500 -5.125000 0 0 0 0 0.000000 0.000000 0.000000 0.000000
-1.143000 -4.152900 6.153150 0.000000 1.000000 0.000000 0.000000 0.000000 -1.000000 -0.687500 -5.156250 0 0 0 0 0.000000 0.000000 0.000000 0.000000
-1.143000 -3.581400 5.772150 0.000000 0.894427 -0.447213 1.000000 0.000000 0.000000 -0.687500 -4.843750 0 0 0 0 0.000000 0.000000 0.000000 0.000000
-1.143000 -3.543300 5.848350 0.000000 0.894427 -0.447213 1.000000 0.000000 0.000000 -0.687500 -4.906250 0 0 0 0 0.000000 0.000000 0.000000 0.000000
-1.676400 -3.543300 5.848350 0.000000 0.894427 -0.447213 1.000000 0.000000 0.000000 -1.125000 -4.906250 0 0 0 0 0.000000 0.000000 0.000000 0.000000
-1.676400 -3.581400 5.772150 0.000000 0.894427 -0.447213 1.000000 0.000000 0.000000 -1.125000 -4.843750 0 0 0 0 0.000000 0.000000 0.000000 0.000000
-1.676400 -4.038600 6.000750 0.000000 0.294086 0.955779 0.000000 -0.955779 0.294086 -1.000000 2.578125 0 0 0 0 0.000000 0.000000 0.000000 0.000000
-1.676400 -3.790950 5.924550 0.000000 0.294086 0.955779 0.000000 -0.955779 0.294086 -1.000000 2.375000 0 0 0 0 0.000000 0.000000 0.000000 0.000000
-1.676400 -3.543300 5.848350 0.000000 0.294086 0.955779 0.000000 -0.955779 0.294086 -1.000000 2.171875 0 0 0 0 0.000000 0.000000 0.000000 0.000000
-1.143000 -3.543300 5.848350 0.000000 0.294086 0.955779 1.000000 -0.000000 -0.000000 -0.562500 2.171875 0 0 0 0 0.000000 0.000000 0.000000 0.000000
-1.143000 -3.790950 5.924550 0.000000 0.294086 0.955779 1.000000 -0.000000 -0.000000 -0.562500 2.375000 0 0 0 0 0.000000 0.000000 0.000000 0.000000
-1.143000 -4.038600 6.000750 0.000000 0.294086 0.955779 1.000000 -0.000000 -0.000000 -0.562500 2.578125 0 0 0 0 0.000000 0.000000 0.000000 0.000000
-1.333500 -4.038600 6.000750 0.000000 0.294086 0.955779 1.000000 -0.000000 -0.000000 -0.718750 2.578125 0 0 0 0 0.000000 0.000000 0.000000 0.000000
-1.485900 -4.038600 6.000750 0.000000 0.294086 0.955779 1.000000 -0.000000 -0.000000 -0.843750 2.578125 0 0 0 0 0.000000 0.000000 0.000000 0.000000
-1.143000 -4.076700 5.924550 0.000000 -0.294086 -0.955779 1.000000 0.000000 0.000000 -0.562500 2.609375 0 0 0 0 0.000000 0.000000 0.000000 0.000000
-1.143000 -3.581400 5.772150 0.000000 -0.294086 -0.955779 1.000000 0.000000 0.000000 -0.562500 2.203125 0 0 0 0 0.000000 0.000000 0.000000 0.000000
-1.676400 -3.581400 5.772150 0.000000 -0.294086 -0.955779 1.000000 0.000000 0.000000 -1.000000 2.203125 0 0 0 0 0.000000 0.000000 0.000000 0.000000
-1.676400 -4.076700 5.924550 0.000000 -0.294086 -0.955779 1.000000 0.000000 0.000000 -1.000000 2.609375 0 0 0 0 0.000000 0.000000 0.000000 0.000000
-1.485900 -4.076700 5.924550 0.000000 -0.294086 -0.955779 -1.000000 0.000000 0.000000 -0.843750 2.609375 0 0 0 0 0.000000 0.000000 0.000000 0.000000
-1.333500 -4.076700 5.924550 0.000000 -0.294086 -0.955779 -1.000000 0.000000 0.000000 -0.718750 2.609375 0 0 0 0 0.000000 0.000000 0.000000 0.000000
-1.333500 -4.038600 6.000750 0.000000 -0.894427 0.447214 1.000000 0.000000 -0.000000 -0.843750 -5.031250 0 0 0 0 0.000000 0.000000 0.000000 0.000000
-1.143000 -4.038600 6.000750 0.000000 -0.894427 0.447214 1.000000 0.000000 -0.000000 -0.687500 -5.031250 0 0 0 0 0.000000 0.000000 0.000000 0.000000
-1.143000 -4.076700 5.924550 0.000000 -0.894427 0.447214 1.000000 0.000000 -0.000000 -0.687500 -4.968750 0 0 0 0 0.000000 0.000000 0.000000 0.000000
-1.333500 -4.076700 5.924550 0.000000 -0.894427 0.447214 1.000000 0.000000 -0.000000 -0.843750 -4.968750 0 0 0 0 0.000000 0.000000 0.000000 0.000000
-1.333500 -4.057650 5.962650 0.000000 -0.894427 0.447214 -0.000000 -0.447214 -0.894427 -0.843750 -5.000000 0 0 0 0 0.000000 0.000000 0.000000 0.000000
-1.485900 -4.057650 5.962650 0.000000 -0.894427 0.447213 1.000000 0.000000 0.000000 -0.968750 -5.000000 0 0 0 0 0.000000 0.000000 0.000000 0.000000
-1.485900 -4.038600 6.000750 0.000000 -0.894427 0.447213 1.000000 0.000000 0.000000 -0.968750 -5.031250 0 0 0 0 0.000000 0.000000 0.000000 0.000000
-1.333500 -4.057650 5.962650 0.000000 -0.894427 0.447213 1.000000 0.000000 0.000000 -0.843750 -5.000000 0 0 0 0 0.000000 0.000000 0.000000 0.000000
-1.485900 -4.038600 6.000750 0.000000 -0.894427 0.447214 0.000000 0.447214 0.894427 -0.968750 -5.031250 0 0 0 0 0.000000 0.000000 0.000000 0.000000
-1.485900 -4.057650 5.962650 0.000000 -0.894427 0.447214 0.000000 0.447214 0.894427 -0.968750 -5.000000 0 0 0 0 0.000000 0.000000 0.000000 0.000000
-1.485900 -4.076700 5.924550 0.000000 -0.894427 0.447214 0.000000 0.447214 0.894427 -0.968750 -4.968750 0 0 0 0 0.000000 0.000000 0.000000 0.000000
-1.676400 -4.076700 5.924550 0.000000 -0.894427 0.447214 1.000000 0.000000 0.000000 -1.125000 -4.968750 0 0 0 0 0.000000 0.000000 0.000000 0.000000
-1.676400 -4.038600 6.000750 0.000000 -0.894427 0.447214 1.000000 0.000000 0.000000 -1.125000 -5.031250 0 0 0 0 0.000000 0.000000 0.000000 0.000000
-1.676400 -4.152900 5.924550 0.000000 0.000000 -1.000000 1.000000 0.000000 0.000000 -1.000000 2.906250 0 0 0 0 0.000000 0.000000 0.000000 0.000000
-1.676400 -4.229100 5.924550 0.000000 0.000000 -1.000000 1.000000 0.000000 0.000000 -1.000000 2.968750 0 0 0 0 0.000000 0.000000 0.000000 0.000000
-1.143000 -4.229100 5.924550 0.000000 0.000000 -1.000000 1.000000 0.000000 0.000000 -0.562500 2.968750 0 0 0 0 0.000000 0.000000 0.000000 0.000000
-1.143000 -4.152900 5.924550 0.000000 0.000000 -1.000000 1.000000 0.000000 0.000000 -0.562500 2.906250 0 0 0 0 0.000000 0.000000 0.000000 0.000000
-1.333500 -4.152900 5.924550 0.000000 0.000000 -1.000000 1.000000 0.000000 0.000000 -0.718750 2.906250 0 0 0 0 0.000000 0.000000 0.000000 0.000000
-1.485900 -4.152900 5.924550 0.000000 0.000000 -1.000000 1.000000 0.000000 0.000000 -0.843750 2.906250 0 0 0 0 0.000000 0.000000 0.000000 0.000000
-1.143000 -4.152900 6.419850 0.000000 -0.447214 0.894427 1.000000 0.000000 0.000000 -0.562500 2.906250 0 0 0 0 0.000000 0.000000 0.000000 0.000000
-1.143000 -4.229100 6.381750 0.000000 -0.447214 0.894427 1.000000 0.000000 0.000000 -0.562500 2.968750 0 0 0 0 0.000000 0.000000 0.000000 0.000000
-1.676400 -4.229100 6.381750 0.000000 -0.447214 0.894427 1.000000 0.000000 0.000000 -1.000000 2.968750 0 0 0 0 0.000000 0.000000 0.000000 0.000000
-1.676400 -4.152900 6.419850 0.000000 -0.447214 0.894427 1.000000 0.000000 0.000000 -1.000000 2.906250 0 0 0 0 0.000000 0.000000 0.000000 0.000000
-1.485900 -4.152900 6.419850 0.000000 -0.447214 0.894427 -1.000000 0.000000 0.000000 -0.843750 2.906250 0 0 0 0 0.000000 0.000000 0.000000 0.000000
-1.333500 -4.152900 6.419850 0.000000 -0.447214 0.894427 -1.000000 0.000000 0.000000 -0.718750 2.906250 0 0 0 0 0.000000 0.000000 0.000000 0.000000
-1.752600 -3.962400 5.924550 0.000000 0.000000 -1.000000 1.000000 0.000000 0.000000 -1.437500 2.843750 0 0 0 0 0.000000 0.000000 0.000000 0.000000
-1.752600 -4.000500 5.924550 0.000000 0.000000 -1.000000 1.000000 0.000000 0.000000 -1.437500 2.875000 0 0 0 0 0.000000 0.000000 0.000000 0.000000
-1.714500 -4.000500 5.924550 0.000000 0.000000 -1.000000 1.000000 0.000000 0.000000 -1.406250 2.875000 0 0 0 0 0.000000 0.000000 0.000000 0.000000
-1.676400 -4.000500 5.924550 0.000000 0.000000 -1.000000 1.000000 0.000000 0.000000 -1.375000 2.875000 0 0 0 0 0.000000 0.000000 0.000000 0.000000
-1.676400 -3.962400 5.924550 0.000000 0.000000 -1.000000 1.000000 0.000000 0.000000 -1.375000 2.843750 0 0 0 0 0.000000 0.000000 0.000000 0.000000
-1.676400 -3.962400 6.305550 -0.000000 1.000000 0.000000 1.000000 0.000000 -0.000000 -1.500000 -6.156250 0 0 0 0 0.000000 0.000000 0.000000 0.000000
-1.752600 -3.962400 6.267450 -0.000000 1.000000 0.000000 1.000000 0.000000 -0.000000 -1.562500 -6.125000 0 0 0 0 0.000000 0.000000 0.000000 0.000000
-1.752600 -3.962400 5.924550 -0.000000 1.000000 0.000000 1.000000 0.000000 -0.000000 -1.562500 -5.843750 0 0 0 0 0.000000 0.000000 0.000000 0.000000
-1.676400 -3.962400 5.924550 -0.000000 1.000000 0.000000 1.000000 0.000000 0.000000 -1.500000 -5.843750 0 0 0 0 0.000000 0.000000 0.000000 0.000000
-1.676400 -3.962400 5.977319 -0.000000 1.000000 0.000000 0.000000 0.000000 -1.000000 -1.500000 -5.887031 0 0 0 0 0.000000 0.000000 0.000000 0.000000
-1.752600 -3.962400 6.267450 -1.000000 0.000000 0.000000 0.000000 -0.000001 1.000000 6.000000 2.843750 0 0 0 0 0.000000 0.000000 0.000000 0.000000
-1.752600 -4.000500 6.267450 -1.000000 0.000000 0.000000 0.000000 -0.000001 1.000000 6.000000 2.875000 0 0 0 0 0.000000 0.000000 0.000000 0.000000
-1.752600 -4.000500 5.924550 -1.000000 0.000000 0.000000 0.000000 -0.000001 1.000000 5.718750 2.875000 0 0 0 0 0.000000 0.000000 0.000000 0.000000
-1.752600 -3.962400 5.924550 -1.000000 0.000000 0.000000 0.000000 -0.000001 1.000000 5.718750 2.843750 0 0 0 0 0.000000 0.000000 0.000000 0.000000
-1.676400 -4.000500 6.153150 -0.000000 -1.000000 -0.000000 1.000000 -0.000000 -0.000000 -1.500000 -6.031250 0 0 0 0 0.000000 0.000000 0.000000 0.000000
-1.714500 -4.000500 6.153150 -0.000000 -1.000000 -0.000000 1.000000 -0.000000 -0.000000 -1.531250 -6.031250 0 0 0 0 0.000000 0.000000 0.000000 0.000000
-1.714500 -4.000500 6.286500 -0.000000 -1.000000 -0.000000 1.000000 -0.000000 -0.000006 -1.531250 -6.140625 0 0 0 0 0.000000 0.000000 0.000000 0.000000
-1.676400 -4.000500 6.305550 -0.000000 -1.000000 -0.000000 1.000000 -0.000000 -0.000000 -1.500000 -6.156250 0 0 0 0 0.000000 0.000000 0.000000 0.000000
-1.676400 -4.000500 6.115050 0.000000 -1.000000 -0.000000 0.000000 -0.000000 1.000000 -1.500000 -6.000000 0 0 0 0 0.000000 0.000000 0.000000 0.000000
-1.676400 -4.000500 5.988939 0.000000 -1.000000 -0.000000 0.000000 -0.000000 1.000000 -1.500000 -5.896563 0 0 0 0 0.000000 0.000000 0.000000 0.000000
-1.676400 -4.000500 5.924550 0.000000 -1.000000 -0.000000 0.000000 -0.000000 1.000000 -1.500000 -5.843750 0 0 0 0 0.000000 0.000000 0.000000 0.000000
-1.714500 -4.000500 5.924550 0.000000 -1.000000 -0.000000 1.000000 0.000000 0.000000 -1.531250 -5.843750 0 0 0 0 0.000000 0.000000 0.000000 0.000000
-1.714500 -4.000500 6.115050 0.000000 -1.000000 -0.000000 1.000000 0.000000 0.000000 -1.531250 -6.000000 0 0 0 0 0.000000 0.000000 0.000000 0.000000
-1.752600 -4.000500 5.924550 0.000000 -1.000000 -0.000000 1.000000 0.000000 0.000000 -1.562500 -5.843750 0 0 0 0 0.000000 0.000000 0.000000 0.000000
-1.752600 -4.000500 6.267450 0.000000 -1.000000 -0.000000 1.000000 -0.000000 0.000008 -1.562500 -6.125000 0 0 0 0 0.000000 0.000000 0.000000 0.000000
-1.714500 -4.000500 6.153150 0.000000 -1.000000 -0.000000 0.000000 -0.000000 1.000000 -1.531250 -6.031250 0 0 0 0 0.000000 0.000000 0.000000 0.000000
-1.714500 -4.000500 6.115050 0.000000 -1.000000 -0.000000 0.000000 -0.000000 1.000000 -1.531250 -6.000000 0 0 0 0 0.000000 0.000000 0.000000 0.000000
-1.676400 -3.962400 6.305550 -0.447214 -0.000000 0.894427 0.894427 -0.000000 0.447214 -1.375000 2.843750 0 0 0 0 0.000000 0.000000 0.000000 0.000000
-1.676400 -4.000500 6.305550 -0.447214 -0.000000 0.894427 0.894427 -0.000000 0.447214 -1.375000 2.875000 0 0 0 0 0.000000 0.000000 0.000000 0.000000
-1.714500 -4.000500 6.286500 -0.447214 -0.000000 0.894427 0.894427 -0.000000 0.447214 -1.406250 2.875000 0 0 0 0 0.000000 0.000000 0.000000 0.000000
-1.752600 -4.000500 6.267450 -0.447214 -0.000000 0.894427 0.894427 0.000000 0.447214 -1.437500 2.875000 0 0 0 0 0.000000 0.000000 0.000000 0.000000
-1.752600 -3.962400 6.267450 -0.447214 -0.000000 0.894427 0.894427 -0.000000 0.447214 -1.437500 2.843750 0 0 0 0 0.000000 0.000000 0.000000 0.000000
4.076700 -3.657600 1.047750 0.000000 1.000000 0.000000 1.000000 0.000000 0.000000 7.524306 -0.968750 0 0 0 0 0.000000 0.000000 0.000000 0.000000
3.905250 -3.657600 1.047750 0.000000 1.000000 0.000000 1.000000 0.000000 0.000000 7.211806 -0.968750 0 0 0 0 0.000000 0.000000 0.000000 0.000000
3.905250 -3.657600 0.742950 0.000000 1.000000 0.000000 1.000000 0.000000 0.000000 7.211806 -0.468750 0 0 0 0 0.000000 0.000000 0.000000 0.000000
4.076700 -3.657600 0.742950 0.000000 1.000000 0.000000 1.000000 0.000000 0.000000 7.524306 -0.468750 0 0 0 0 0.000000 0.000000 0.000000 0.000000
IndexCount: 1260
0 5 4
0 4 3
0 3 2
2 1 0
3 4 13
3 13 12
3 12 9
9 10 3
11 10 9
11 9 8
11 8 7
11 7 6
2 11 6
2 6 14
14 1 2
15 19 18
15 18 17
17 16 15
20 24 23
23 21 20
23 22 21
25 29 28
25 28 27
27 26 25
30 35 34
30 34 33
30 33 32
32 31 30
36 42 41
36 41 40
36 40 39
36 39 38
38 37 36
43 48 47
43 47 46
43 46 45
45 44 43
49 53 52
49 52 51
51 50 49
56 55 54
57 61 60
57 60 59
59 58 57
62 66 65
62 65 64
64 63 62
67 73 72
67 72 71
67 71 70
67 70 69
69 68 67
74 79 78
74 78 77
74 77 76
76 75 74
74 86 85
74 85 84
74 84 83
74 83 82
74 82 81
81 80 74
81 79 90
81 90 89
88 80 87
94 92 91
94 93 92
97 96 95
101 99 98
101 100 99
105 103 102
105 104 103
109 107 106
109 108 107
113 111 110
113 112 111
117 115 114
117 116 115
121 119 118
121 120 119
125 123 122
125 124 123
129 127 126
129 128 127
130 135 134
130 134 133
130 133 132
132 131 130
139 137 136
139 138 137
142 141 140
146 144 143
146 145 144
149 148 147
153 151 150
153 152 151
156 155 154
157 161 160
157 160 159
159 158 157
162 167 166
162 166 165
162 165 164
164 163 162
171 169 168
171 170 169
174 173 172
180 174 172
180 172 175
180 181 174
180 182 181
175 176 180
175 179 178
175 178 177
177 176 175
186 184 183
186 185 184
190 188 187
190 189 188
191 196 195
191 195 194
191 194 193
193 192 191
194 195 205
194 205 204
194 204 200
200 203 194
202 201 200
202 200 199
202 199 198
202 198 197
193 202 197
193 197 206
206 192 193
207 212 211
207 211 210
207 210 209
209 208 207
217 214 213
217 216 215
217 215 214
218 222 221
218 221 220
220 219 218
225 224 223
226 230 229
226 229 228
228 227 226
231 236 235
231 235 234
234 232 231
234 233 232
237 243 242
237 242 241
237 241 240
237 240 239
239 238 237
244 248 247
244 247 246
246 245 244
249 253 252
249 252 251
251 250 249
254 258 257
254 257 256
256 255 254
259 265 264
259 264 263
259 263 262
259 262 261
261 260 259
266 271 270
266 270 269
266 269 268
268 267 266
266 278 277
266 277 276
266 276 275
266 275 274
266 274 273
273 272 266
280 272 279
284 282 281
284 283 282
288 286 285
288 287 286
291 290 289
295 293 292
295 294 293
299 297 296
299 298 297
303 301 300
303 302 301
307 305 304
307 306 305
311 309 308
311 310 309
315 313 312
315 314 313
319 317 316
319 318 317
323 321 320
323 322 321
324 329 328
328 325 324
328 327 326
328 326 325
333 331 330
333 332 331
336 335 334
340 338 337
340 339 338
343 342 341
347 345 344
347 346 345
350 349 348
351 355 354
351 354 353
353 352 351
356 361 360
356 360 359
358 357 356
359 358 356
365 363 362
365 364 363
366 372 371
366 371 370
366 370 369
366 369 368
368 367 366
370 376 369
373 367 368
368 375 374
368 374 373
380 378 377
380 379 378
384 382 381
384 383 382
385 390 389
385 389 388
385 388 387
387 386 385
391 397 396
391 396 395
391 395 394
391 394 393
393 392 391
401 399 398
401 400 399
405 403 402
405 404 403
406 410 409
406 409 408
408 407 406
409 446 445
409 445 408
455 458 446
455 446 457
457 456 455
411 415 414
411 414 413
413 412 411
413 431 430
413 430 429
413 429 428
428 412 413
434 433 430
434 430 432
419 417 416
419 418 417
423 421 420
423 422 421
427 425 424
427 426 425
435 440 439
435 439 438
435 438 437
437 436 435
444 442 441
444 443 442
450 448 447
450 449 448
454 452 451
454 453 452
462 460 459
462 461 460
466 464 463
466 465 464
470 468 467
470 469 468
474 472 471
474 473 472
478 476 475
478 477 476
482 480 479
482 481 480
486 484 483
486 485 484
487 492 491
491 488 487
491 490 489
491 489 488
495 494 493
494 502 497
497 500 494
499 498 497
499 497 496
497 498 501
497 501 500
506 504 503
506 505 504
510 508 507
510 509 508
511 515 514
514 512 511
514 513 512
516 520 519
516 519 518
518 517 516
524 522 521
530 524 521
530 521 525
524 523 522
530 531 524
525 526 530
525 529 528
525 528 527
527 526 525
535 533 532
535 534 533
536 540 539
536 539 538
538 537 536
541 548 547
541 547 546
541 546 545
541 545 544
541 544 543
543 542 541
549 554 553
549 553 552
549 552 551
551 550 549
558 556 555
558 557 556
562 560 559
562 561 560
565 564 563
570 566 563
570 563 564
564 571 570
570 569 566
569 567 566
569 568 567
575 573 572
586 575 572
586 572 576
575 574 573
586 587 575
586 589 588
586 588 587
576 577 586
579 577 576
579 578 577
578 585 584
578 584 574
578 574 583
578 583 582
578 582 581
581 580 578
593 591 590
593 592 591
594 601 600
594 600 599
594 599 598
594 598 597
594 597 596
596 595 594
602 607 606
602 606 605
602 605 604
604 603 602
608 612 611
608 611 610
610 609 608
615 608 614
615 614 613
616 620 619
616 619 618
618 617 616
621 626 625
621 625 624
621 624 623
623 622 621
627 632 631
627 631 630
627 630 629
629 628 627
633 637 636
633 636 635
635 634 633
638 642 641
638 641 640
640 639 638
646 644 643
646 645 644
650 648 647
650 649 648
654 658 649
649 657 656
649 656 654
651 655 654
651 654 653
654 659 658
653 652 651
660 664 663
660 663 662
662 661 660
668 666 665
668 667 666