VertexCount: 1039
4.267200 -3.657599 0.971550 -0.000001 1.000000 0.000000 1.000000 0.000001 -0.000000 8.387154 -0.593750 0 0 0 0 0.000000 0.000000 0.000000 0.000000
4.191000 -3.657599 0.895350 -0.000001 1.000000 0.000000 1.000000 0.000001 -0.000000 8.248264 -0.468750 0 0 0 0 0.000000 0.000000 0.000000 0.000000
3.981450 -3.657599 0.685800 -0.000001 1.000000 0.000000 1.000000 0.000001 0.000000 7.866320 -0.125000 0 0 0 0 0.000000 0.000000 0.000000 0.000000
4.057651 -3.657599 0.609600 -0.000001 1.000000 0.000000 1.000000 0.000001 -0.000000 8.005209 0.000000 0 0 0 0 0.000000 0.000000 0.000000 0.000000
4.267200 -3.657599 0.609600 -0.000001 1.000000 0.000000 1.000000 0.000001 0.000000 8.387154 0.000000 0 0 0 0 0.000000 0.000000 0.000000 0.000000
4.267200 -3.657599 0.762000 -0.000001 1.000000 0.000000 1.000000 0.000001 -0.000000 8.387154 -0.250000 0 0 0 0 0.000000 0.000000 0.000000 0.000000
4.267200 -3.657599 0.990600 -0.000003 1.000000 0.000000 1.000000 0.000003 -0.000001 8.387154 -0.625000 0 0 0 0 0.000000 0.000000 0.000000 0.000000
4.267200 -3.657599 1.066800 -0.000003 1.000000 0.000000 1.000000 0.000002 -0.000001 8.387154 -0.750000 0 0 0 0 0.000000 0.000000 0.000000 0.000000
4.152900 -3.657599 0.952500 -0.000003 1.000000 0.000000 1.000000 0.000002 0.000000 8.178820 -0.562500 0 0 0 0 0.000000 0.000000 0.000000 0.000000
4.143375 -3.657599 0.942975 -0.000003 1.000000 0.000000 1.000000 0.000002 -0.000000 8.161459 -0.546875 0 0 0 0 0.000000 0.000000 0.000000 0.000000
3.933825 -3.657599 0.733425 -0.000003 1.000000 0.000000 1.000000 0.000002 0.000000 7.779514 -0.203125 0 0 0 0 0.000000 0.000000 0.000000 0.000000
3.971925 -3.657599 0.695325 -0.000003 1.000000 0.000000 1.000000 0.000002 0.000000 7.848958 -0.140625 0 0 0 0 0.000000 0.000000 0.000000 0.000000
3.981450 -3.657599 0.704850 -0.000003 1.000000 0.000000 1.000000 0.000003 0.000000 7.866320 -0.156250 0 0 0 0 0.000000 0.000000 0.000000 0.000000
4.171950 -3.657599 0.895350 -0.000003 1.000000 0.000000 1.000000 0.000003 -0.000001 8.213542 -0.468750 0 0 0 0 0.000000 0.000000 0.000000 0.000000
3.657600 -3.657599 0.609600 -0.000000 1.000000 0.000000 1.000000 0.000000 0.000000 7.276042 0.000000 0 0 0 0 0.000000 0.000000 0.000000 0.000000
3.829050 -3.657599 0.838200 -0.000000 1.000000 0.000000 1.000000 0.000000 -0.000000 7.588542 -0.375000 0 0 0 0 0.000000 0.000000 0.000000 0.000000
3.657600 -3.657599 0.666750 -0.000000 1.000000 0.000000 1.000000 0.000000 -0.000001 7.276042 -0.093750 0 0 0 0 0.000000 0.000000 0.000000 0.000000
4.267200 -3.657599 1.219200 -0.000000 1.000000 0.000000 1.000000 0.000000 0.000000 8.387154 -1.000000 0 0 0 0 0.000000 0.000000 0.000000 0.000000
4.210050 -3.657599 1.219200 -0.000000 1.000000 0.000000 1.000000 0.000000 0.000000 8.282987 -1.000000 0 0 0 0 0.000000 0.000000 0.000000 0.000000
4.038600 -3.657599 1.047750 -0.000000 1.000000 0.000000 1.000000 0.000000 0.000000 7.970487 -0.718750 0 0 0 0 0.000000 0.000000 0.000000 0.000000
4.114800 -3.657599 1.219200 -0.000000 1.000000 0.000000 1.000000 0.000000 -0.000000 8.109375 -1.000000 0 0 0 0 0.000000 0.000000 0.000000 0.000000
3.657600 -3.657599 0.762000 -0.000000 1.000000 0.000000 1.000000 0.000000 -0.000000 7.276042 -0.250000 0 0 0 0 0.000000 0.000000 0.000000 0.000000
-9.601200 -4.114803 10.820397 -0.000000 1.000000 0.000000 1.000000 0.000000 0.000000 -7.250000 -7.937500 0 0 0 0 0.000000 0.000000 0.000000 0.000000
-10.629901 -4.114803 10.820397 -0.000000 1.000000 0.000000 1.000000 0.000000 0.000000 -8.093750 -7.937500 0 0 0 0 0.000000 0.000000 0.000000 0.000000
-10.629901 -4.114803 10.667997 -0.000000 1.000000 0.000000 1.000000 0.000000 -0.000000 -8.093750 -7.812500 0 0 0 0 0.000000 0.000000 0.000000 0.000000
-9.601200 -4.114802 10.667997 -0.000000 1.000000 0.000000 1.000000 0.000000 0.000000 -7.250000 -7.812500 0 0 0 0 0.000000 0.000000 0.000000 0.000000
-1.009650 -2.514601 5.410200 -0.000000 1.000000 0.000000 1.000000 0.000000 0.000000 -1.062500 -4.234375 0 0 0 0 0.000000 0.000000 0.000000 0.000000
-1.009650 -2.514601 5.429250 -0.000000 1.000000 0.000000 1.000000 0.000000 0.000000 -1.062500 -4.250000 0 0 0 0 0.000000 0.000000 0.000000 0.000000
-1.066800 -2.514601 5.429250 -0.000000 1.000000 0.000000 1.000000 0.000000 0.000000 -1.109375 -4.250000 0 0 0 0 0.000000 0.000000 0.000000 0.000000
-1.066800 -2.514601 5.410200 -0.000000 1.000000 0.000000 1.000000 0.000000 0.000000 -1.109375 -4.234375 0 0 0 0 0.000000 0.000000 0.000000 0.000000
-0.990600 -2.514601 5.410200 -0.000000 1.000000 0.000000 1.000000 0.000000 0.000000 -1.046875 -4.234375 0 0 0 0 0.000000 0.000000 0.000000 0.000000
-0.933450 -2.514601 5.410200 -0.000000 1.000000 0.000000 1.000000 0.000000 0.000000 -1.000000 -4.234375 0 0 0 0 0.000000 0.000000 0.000000 0.000000
-0.933450 -2.514601 5.429250 -0.000000 1.000000 0.000000 1.000000 0.000000 0.000000 -1.000000 -4.250000 0 0 0 0 0.000000 0.000000 0.000000 0.000000
-0.990600 -2.514601 5.429250 -0.000000 1.000000 0.000000 1.000000 0.000000 0.000000 -1.046875 -4.250000 0 0 0 0 0.000000 0.000000 0.000000 0.000000
-0.933450 -2.514601 5.486400 -0.000000 1.000000 0.000000 1.000000 0.000000 0.000000 -1.000000 -4.296875 0 0 0 0 0.000000 0.000000 0.000000 0.000000
-1.066800 -2.514601 5.486400 -0.000000 1.000000 0.000000 1.000000 0.000000 0.000000 -1.109375 -4.296875 0 0 0 0 0.000000 0.000000 0.000000 0.000000
-0.990600 -2.514601 5.429250 -0.000000 1.000000 0.000000 -1.000000 -0.000000 -0.000000 -1.046875 -4.250000 0 0 0 0 0.000000 0.000000 0.000000 0.000000
-0.933450 -2.514601 5.410200 -0.000000 1.000000 0.000000 1.000000 0.000000 0.000000 -1.000000 -4.234375 0 0 0 0 0.000000 0.000000 0.000000 0.000000
-0.990600 -2.514601 5.410200 -0.000000 1.000000 0.000000 1.000000 0.000000 0.000000 -1.046875 -4.234375 0 0 0 0 0.000000 0.000000 0.000000 0.000000
-1.009650 -2.514601 5.410200 -0.000000 1.000000 0.000000 1.000000 0.000000 0.000000 -1.062500 -4.234375 0 0 0 0 0.000000 0.000000 0.000000 0.000000
-1.066800 -2.514601 5.410200 -0.000000 1.000000 0.000000 1.000000 0.000000 0.000000 -1.109375 -4.234375 0 0 0 0 0.000000 0.000000 0.000000 0.000000
-1.066800 -2.514601 5.353050 -0.000000 1.000000 0.000000 1.000000 0.000000 0.000000 -1.109375 -4.187500 0 0 0 0 0.000000 0.000000 0.000000 0.000000
-0.933450 -2.514601 5.353050 -0.000000 1.000000 0.000000 1.000000 0.000000 0.000000 -1.000000 -4.187500 0 0 0 0 0.000000 0.000000 0.000000 0.000000
-1.009650 -2.514601 6.762750 -0.000000 1.000000 0.000000 1.000000 0.000000 0.000000 -1.062500 -5.234375 0 0 0 0 0.000000 0.000000 0.000000 0.000000
-1.009650 -2.514601 6.781800 -0.000000 1.000000 0.000000 1.000000 0.000000 0.000000 -1.062500 -5.250000 0 0 0 0 0.000000 0.000000 0.000000 0.000000
-1.066800 -2.514601 6.781800 -0.000000 1.000000 0.000000 1.000000 0.000000 0.000000 -1.109375 -5.250000 0 0 0 0 0.000000 0.000000 0.000000 0.000000
-1.066800 -2.514601 6.762750 -0.000000 1.000000 0.000000 1.000000 0.000000 0.000000 -1.109375 -5.234375 0 0 0 0 0.000000 0.000000 0.000000 0.000000
-0.990600 -2.514601 6.762750 -0.000000 1.000000 0.000000 1.000000 0.000000 0.000000 -1.046875 -5.234375 0 0 0 0 0.000000 0.000000 0.000000 0.000000
-0.933450 -2.514601 6.762750 -0.000000 1.000000 0.000000 1.000000 0.000000 0.000000 -1.000000 -5.234375 0 0 0 0 0.000000 0.000000 0.000000 0.000000
-0.933450 -2.514601 6.781800 -0.000000 1.000000 0.000000 1.000000 0.000000 0.000000 -1.000000 -5.250000 0 0 0 0 0.000000 0.000000 0.000000 0.000000
-0.990600 -2.514601 6.781800 -0.000000 1.000000 0.000000 1.000000 0.000000 0.000000 -1.046875 -5.250000 0 0 0 0 0.000000 0.000000 0.000000 0.000000
-0.933450 -2.514601 6.838949 -0.000000 1.000000 0.000000 1.000000 0.000000 0.000000 -1.000000 -5.296875 0 0 0 0 0.000000 0.000000 0.000000 0.000000
-1.066800 -2.514601 6.838949 -0.000000 1.000000 0.000000 1.000000 0.000000 0.000000 -1.109375 -5.296875 0 0 0 0 0.000000 0.000000 0.000000 0.000000
-0.990600 -2.514601 6.781800 -0.000000 1.000000 0.000000 -1.000000 -0.000000 -0.000000 -1.046875 -5.250000 0 0 0 0 0.000000 0.000000 0.000000 0.000000
-0.933450 -2.514601 6.762750 -0.000000 1.000000 0.000000 1.000000 0.000000 0.000000 -1.000000 -5.234375 0 0 0 0 0.000000 0.000000 0.000000 0.000000
-0.990600 -2.514601 6.762750 -0.000000 1.000000 0.000000 1.000000 0.000000 0.000000 -1.046875 -5.234375 0 0 0 0 0.000000 0.000000 0.000000 0.000000
-1.009650 -2.514601 6.762750 -0.000000 1.000000 0.000000 1.000000 0.000000 0.000000 -1.062500 -5.234375 0 0 0 0 0.000000 0.000000 0.000000 0.000000
-1.066800 -2.514601 6.762750 -0.000000 1.000000 0.000000 1.000000 0.000000 0.000000 -1.109375 -5.234375 0 0 0 0 0.000000 0.000000 0.000000 0.000000
-1.066800 -2.514601 6.705599 -0.000000 1.000000 0.000000 1.000000 0.000000 0.000000 -1.109375 -5.187500 0 0 0 0 0.000000 0.000000 0.000000 0.000000
-0.933450 -2.514601 6.705599 -0.000000 1.000000 0.000000 1.000000 0.000000 0.000000 -1.000000 -5.187500 0 0 0 0 0.000000 0.000000 0.000000 0.000000
-0.990600 0.876299 5.429250 -0.000000 -0.000000 1.000000 1.000000 -0.000000 0.000000 -1.078125 -0.718750 0 0 0 0 0.000000 0.000000 0.000000 0.000000
-0.990600 -2.514601 5.429250 -0.000000 -0.000000 1.000000 1.000000 -0.000000 0.000000 -1.078125 2.062500 0 0 0 0 0.000000 0.000000 0.000000 0.000000
-1.009650 -2.514601 5.429250 -0.000000 -0.000000 1.000000 1.000000 -0.000000 0.000000 -1.093750 2.062500 0 0 0 0 0.000000 0.000000 0.000000 0.000000
-1.009650 0.876299 5.429250 -0.000000 -0.000000 1.000000 1.000000 -0.000000 0.000000 -1.093750 -0.718750 0 0 0 0 0.000000 0.000000 0.000000 0.000000
-1.009651 0.876299 6.781800 -1.000000 -0.000000 -0.000000 -0.000000 -0.000000 1.000000 5.281250 -0.718750 0 0 0 0 0.000000 0.000000 0.000000 0.000000
-1.009650 -2.514601 6.781800 -1.000000 -0.000000 -0.000000 -0.000000 -0.000000 1.000000 5.281250 2.062500 0 0 0 0 0.000000 0.000000 0.000000 0.000000
-1.009650 -2.514601 6.762750 -1.000000 -0.000000 -0.000000 -0.000000 -0.000000 1.000000 5.265625 2.062500 0 0 0 0 0.000000 0.000000 0.000000 0.000000
-1.009651 0.876299 6.762750 -1.000000 -0.000000 -0.000000 -0.000000 -0.000000 1.000000 5.265625 -0.718750 0 0 0 0 0.000000 0.000000 0.000000 0.000000
-0.990601 0.876299 6.762750 1.000000 0.000000 0.000000 -0.000000 -0.000000 1.000000 5.265625 -0.718750 0 0 0 0 0.000000 0.000000 0.000000 0.000000
-0.990600 -2.514601 6.762750 1.000000 0.000000 0.000000 -0.000000 -0.000000 1.000000 5.265625 2.062500 0 0 0 0 0.000000 0.000000 0.000000 0.000000
-0.990600 -2.514601 6.781800 1.000000 0.000000 0.000000 -0.000000 -0.000000 1.000000 5.281250 2.062500 0 0 0 0 0.000000 0.000000 0.000000 0.000000
-0.990601 0.876299 6.781800 1.000000 0.000000 0.000000 -0.000000 -0.000000 1.000000 5.281250 -0.718750 0 0 0 0 0.000000 0.000000 0.000000 0.000000
-0.990601 0.876299 6.781800 -0.000000 1.000000 0.000000 1.000000 0.000000 0.000000 -1.078125 -5.281250 0 0 0 0 0.000000 0.000000 0.000000 0.000000
-1.009651 0.876299 6.781800 -0.000000 1.000000 0.000000 1.000000 0.000000 0.000000 -1.093750 -5.281250 0 0 0 0 0.000000 0.000000 0.000000 0.000000
-1.009651 0.876299 6.762750 -0.000000 1.000000 0.000000 1.000000 0.000000 0.000000 -1.093750 -5.265625 0 0 0 0 0.000000 0.000000 0.000000 0.000000
-0.990601 0.876299 6.762750 -0.000000 1.000000 0.000000 1.000000 0.000000 0.000000 -1.078125 -5.265625 0 0 0 0 0.000000 0.000000 0.000000 0.000000
-1.009651 0.876299 6.762750 0.000000 0.000000 -1.000000 1.000000 -0.000000 0.000000 -1.093750 -0.718750 0 0 0 0 0.000000 0.000000 0.000000 0.000000
-1.009650 -2.514601 6.762750 0.000000 0.000000 -1.000000 1.000000 -0.000000 0.000000 -1.093750 2.062500 0 0 0 0 0.000000 0.000000 0.000000 0.000000
-0.990600 -2.514601 6.762750 0.000000 0.000000 -1.000000 1.000000 -0.000000 0.000000 -1.078125 2.062500 0 0 0 0 0.000000 0.000000 0.000000 0.000000
-0.990601 0.876299 6.762750 0.000000 0.000000 -1.000000 1.000000 -0.000000 0.000000 -1.078125 -0.718750 0 0 0 0 0.000000 0.000000 0.000000 0.000000
-0.990601 0.876299 6.781800 -0.000000 -0.000000 1.000000 1.000000 -0.000000 0.000000 -1.078125 -0.718750 0 0 0 0 0.000000 0.000000 0.000000 0.000000
-0.990600 -2.514601 6.781800 -0.000000 -0.000000 1.000000 1.000000 -0.000000 0.000000 -1.078125 2.062500 0 0 0 0 0.000000 0.000000 0.000000 0.000000
-1.009650 -2.514601 6.781800 -0.000000 -0.000000 1.000000 1.000000 -0.000000 0.000000 -1.093750 2.062500 0 0 0 0 0.000000 0.000000 0.000000 0.000000
-1.009651 0.876299 6.781800 -0.000000 -0.000000 1.000000 1.000000 -0.000000 0.000000 -1.093750 -0.718750 0 0 0 0 0.000000 0.000000 0.000000 0.000000
-1.009650 0.876299 5.429250 -1.000000 -0.000000 -0.000000 -0.000000 -0.000000 1.000000 4.187500 -0.718750 0 0 0 0 0.000000 0.000000 0.000000 0.000000
-1.009650 -2.514601 5.429250 -1.000000 -0.000000 -0.000000 -0.000000 -0.000000 1.000000 4.187500 2.062500 0 0 0 0 0.000000 0.000000 0.000000 0.000000
-1.009650 -2.514601 5.410200 -1.000000 -0.000000 -0.000000 -0.000000 -0.000000 1.000000 4.171875 2.062500 0 0 0 0 0.000000 0.000000 0.000000 0.000000
-1.009650 0.876299 5.410200 -1.000000 -0.000000 -0.000000 -0.000000 -0.000000 1.000000 4.171875 -0.718750 0 0 0 0 0.000000 0.000000 0.000000 0.000000
-0.990600 0.876299 5.410200 1.000000 0.000000 0.000000 -0.000000 -0.000000 1.000000 4.171875 -0.718750 0 0 0 0 0.000000 0.000000 0.000000 0.000000
-0.990600 -2.514601 5.410200 1.000000 0.000000 0.000000 -0.000000 -0.000000 1.000000 4.171875 2.062500 0 0 0 0 0.000000 0.000000 0.000000 0.000000
-0.990600 -2.514601 5.429250 1.000000 0.000000 0.000000 -0.000000 -0.000000 1.000000 4.187500 2.062500 0 0 0 0 0.000000 0.000000 0.000000 0.000000
-0.990600 0.876299 5.429250 1.000000 0.000000 0.000000 -0.000000 -0.000000 1.000000 4.187500 -0.718750 0 0 0 0 0.000000 0.000000 0.000000 0.000000
-0.990600 0.876299 5.429250 -0.000000 1.000000 0.000000 1.000000 0.000000 0.000000 -1.078125 -4.453125 0 0 0 0 0.000000 0.000000 0.000000 0.000000
-1.009650 0.876299 5.429250 -0.000000 1.000000 0.000000 1.000000 0.000000 0.000000 -1.093750 -4.453125 0 0 0 0 0.000000 0.000000 0.000000 0.000000
-1.009650 0.876299 5.410200 -0.000000 1.000000 0.000000 1.000000 0.000000 0.000000 -1.093750 -4.437500 0 0 0 0 0.000000 0.000000 0.000000 0.000000
-0.990600 0.876299 5.410200 -0.000000 1.000000 0.000000 1.000000 0.000000 0.000000 -1.078125 -4.437500 0 0 0 0 0.000000 0.000000 0.000000 0.000000
-1.009650 0.876299 5.410200 0.000000 0.000000 -1.000000 1.000000 -0.000000 0.000000 -1.093750 -0.718750 0 0 0 0 0.000000 0.000000 0.000000 0.000000
-1.009650 -2.514601 5.410200 0.000000 0.000000 -1.000000 1.000000 -0.000000 0.000000 -1.093750 2.062500 0 0 0 0 0.000000 0.000000 0.000000 0.000000
-0.990600 -2.514601 5.410200 0.000000 0.000000 -1.000000 1.000000 -0.000000 0.000000 -1.078125 2.062500 0 0 0 0 0.000000 0.000000 0.000000 0.000000
-0.990600 0.876299 5.410200 0.000000 0.000000 -1.000000 1.000000 -0.000000 0.000000 -1.078125 -0.718750 0 0 0 0 0.000000 0.000000 0.000000 0.000000
-0.933450 -2.514601 5.486400 -0.000000 -0.000000 1.000000 1.000000 -0.000000 0.000000 -1.000000 2.000000 0 0 0 0 0.000000 0.000000 0.000000 0.000000
-0.933450 -2.552701 5.486400 -0.000000 -0.000000 1.000000 1.000000 -0.000000 0.000000 -1.000000 2.031250 0 0 0 0 0.000000 0.000000 0.000000 0.000000
-1.066800 -2.552701 5.486400 -0.000000 -0.000000 1.000000 1.000000 -0.000000 0.000000 -1.109375 2.031250 0 0 0 0 0.000000 0.000000 0.000000 0.000000
-1.066800 -2.514601 5.486400 -0.000000 -0.000000 1.000000 1.000000 -0.000000 0.000000 -1.109375 2.000000 0 0 0 0 0.000000 0.000000 0.000000 0.000000
-1.066800 -2.514601 6.705599 0.000000 0.000000 -1.000000 1.000000 -0.000000 0.000000 -1.109375 2.000000 0 0 0 0 0.000000 0.000000 0.000000 0.000000
-1.066800 -2.552701 6.705599 0.000000 0.000000 -1.000000 1.000000 -0.000000 0.000000 -1.109375 2.031250 0 0 0 0 0.000000 0.000000 0.000000 0.000000
-0.933450 -2.552701 6.705599 0.000000 0.000000 -1.000000 1.000000 -0.000000 0.000000 -1.000000 2.031250 0 0 0 0 0.000000 0.000000 0.000000 0.000000
-0.933450 -2.514601 6.705599 0.000000 0.000000 -1.000000 1.000000 -0.000000 0.000000 -1.000000 2.000000 0 0 0 0 0.000000 0.000000 0.000000 0.000000
-0.933450 -2.514601 6.705599 1.000000 0.000000 0.000000 -0.000000 -0.000000 1.000000 5.187500 2.000000 0 0 0 0 0.000000 0.000000 0.000000 0.000000
-0.933450 -2.552701 6.705599 1.000000 0.000000 0.000000 -0.000000 -0.000000 1.000000 5.187500 2.031250 0 0 0 0 0.000000 0.000000 0.000000 0.000000
-0.933450 -2.552701 6.838949 1.000000 0.000000 0.000000 -0.000000 -0.000000 1.000000 5.296875 2.031250 0 0 0 0 0.000000 0.000000 0.000000 0.000000
-0.933450 -2.514601 6.838949 1.000000 0.000000 0.000000 -0.000000 -0.000000 1.000000 5.296875 2.000000 0 0 0 0 0.000000 0.000000 0.000000 0.000000
-0.933450 -2.514601 6.781800 1.000000 0.000000 0.000000 -0.000000 -0.000000 1.000000 5.250000 2.000000 0 0 0 0 0.000000 0.000000 0.000000 0.000000
-0.933450 -2.514601 6.762750 1.000000 0.000000 0.000000 -0.000000 -0.000000 1.000000 5.234375 2.000000 0 0 0 0 0.000000 0.000000 0.000000 0.000000
-1.066800 -2.514601 6.838949 -1.000000 -0.000000 -0.000000 -0.000000 -0.000000 1.000000 5.296875 2.000000 0 0 0 0 0.000000 0.000000 0.000000 0.000000
-1.066800 -2.552701 6.838949 -1.000000 -0.000000 -0.000000 -0.000000 -0.000000 1.000000 5.296875 2.031250 0 0 0 0 0.000000 0.000000 0.000000 0.000000
-1.066800 -2.552701 6.705599 -1.000000 -0.000000 -0.000000 -0.000000 -0.000000 1.000000 5.187500 2.031250 0 0 0 0 0.000000 0.000000 0.000000 0.000000
-1.066800 -2.514601 6.705599 -1.000000 -0.000000 -0.000000 -0.000000 -0.000000 1.000000 5.187500 2.000000 0 0 0 0 0.000000 0.000000 0.000000 0.000000
-1.066800 -2.514601 6.762750 -1.000000 -0.000000 -0.000000 0.000000 0.000000 -1.000000 5.234375 2.000000 0 0 0 0 0.000000 0.000000 0.000000 0.000000
-1.066800 -2.514601 6.781800 -1.000000 -0.000000 -0.000000 0.000000 0.000000 -1.000000 5.250000 2.000000 0 0 0 0 0.000000 0.000000 0.000000 0.000000
-0.933450 -2.514601 6.838949 -0.000000 -0.000000 1.000000 1.000000 -0.000000 0.000000 -1.000000 2.000000 0 0 0 0 0.000000 0.000000 0.000000 0.000000
-0.933450 -2.552701 6.838949 -0.000000 -0.000000 1.000000 1.000000 -0.000000 0.000000 -1.000000 2.031250 0 0 0 0 0.000000 0.000000 0.000000 0.000000
-1.066800 -2.552701 6.838949 -0.000000 -0.000000 1.000000 1.000000 -0.000000 0.000000 -1.109375 2.031250 0 0 0 0 0.000000 0.000000 0.000000 0.000000
-1.066800 -2.514601 6.838949 -0.000000 -0.000000 1.000000 1.000000 -0.000000 0.000000 -1.109375 2.000000 0 0 0 0 0.000000 0.000000 0.000000 0.000000
-1.066800 -2.514601 5.353050 0.000000 0.000000 -1.000000 1.000000 -0.000000 0.000000 -1.109375 2.000000 0 0 0 0 0.000000 0.000000 0.000000 0.000000
-1.066800 -2.552701 5.353050 0.000000 0.000000 -1.000000 1.000000 -0.000000 0.000000 -1.109375 2.031250 0 0 0 0 0.000000 0.000000 0.000000 0.000000
-0.933450 -2.552701 5.353050 0.000000 0.000000 -1.000000 1.000000 -0.000000 0.000000 -1.000000 2.031250 0 0 0 0 0.000000 0.000000 0.000000 0.000000
-0.933450 -2.514601 5.353050 0.000000 0.000000 -1.000000 1.000000 -0.000000 0.000000 -1.000000 2.000000 0 0 0 0 0.000000 0.000000 0.000000 0.000000
-0.933450 -2.514601 5.353050 1.000000 0.000000 0.000000 -0.000000 -0.000000 1.000000 4.187500 2.000000 0 0 0 0 0.000000 0.000000 0.000000 0.000000
-0.933450 -2.552701 5.353050 1.000000 0.000000 0.000000 -0.000000 -0.000000 1.000000 4.187500 2.031250 0 0 0 0 0.000000 0.000000 0.000000 0.000000
-0.933450 -2.552701 5.486400 1.000000 0.000000 0.000000 -0.000000 -0.000000 1.000000 4.296875 2.031250 0 0 0 0 0.000000 0.000000 0.000000 0.000000
-0.933450 -2.514601 5.486400 1.000000 0.000000 0.000000 -0.000000 -0.000000 1.000000 4.296875 2.000000 0 0 0 0 0.000000 0.000000 0.000000 0.000000
-0.933450 -2.514601 5.429250 1.000000 0.000000 0.000000 -0.000000 -0.000000 1.000000 4.250000 2.000000 0 0 0 0 0.000000 0.000000 0.000000 0.000000
-0.933450 -2.514601 5.410200 1.000000 0.000000 0.000000 -0.000000 -0.000000 1.000000 4.234375 2.000000 0 0 0 0 0.000000 0.000000 0.000000 0.000000
-1.066800 -2.514601 5.486400 -1.000000 -0.000000 -0.000000 -0.000000 -0.000000 1.000000 4.296875 2.000000 0 0 0 0 0.000000 0.000000 0.000000 0.000000
-1.066800 -2.552701 5.486400 -1.000000 -0.000000 -0.000000 -0.000000 -0.000000 1.000000 4.296875 2.031250 0 0 0 0 0.000000 0.000000 0.000000 0.000000
-1.066800 -2.552701 5.353050 -1.000000 -0.000000 -0.000000 -0.000000 -0.000000 1.000000 4.187500 2.031250 0 0 0 0 0.000000 0.000000 0.000000 0.000000
-1.066800 -2.514601 5.353050 -1.000000 -0.000000 -0.000000 -0.000000 -0.000000 1.000000 4.187500 2.000000 0 0 0 0 0.000000 0.000000 0.000000 0.000000
-1.066800 -2.514601 5.410200 -1.000000 -0.000000 -0.000000 -0.000000 -0.000000 1.000000 4.234375 2.000000 0 0 0 0 0.000000 0.000000 0.000000 0.000000
-1.066800 -2.514601 5.429250 -1.000000 -0.000000 -0.000000 0.000000 0.000000 -1.000000 4.250000 2.000000 0 0 0 0 0.000000 0.000000 0.000000 0.000000
-1.162050 -3.981451 6.591299 0.000000 -1.000000 -0.000000 1.000000 0.000000 0.000000 -1.383681 -10.687500 0 0 0 0 0.000000 0.000000 0.000000 0.000000
-1.162050 -3.981451 6.534150 0.000000 -1.000000 -0.000000 1.000000 0.000000 0.000000 -1.383681 -10.593750 0 0 0 0 0.000000 0.000000 0.000000 0.000000
-1.447800 -3.981451 6.534150 0.000000 -1.000000 -0.000000 1.000000 0.000000 0.000000 -1.904514 -10.593750 0 0 0 0 0.000000 0.000000 0.000000 0.000000
-1.447800 -3.981451 6.591299 0.000000 -1.000000 -0.000000 1.000000 0.000000 0.000000 -1.904514 -10.687500 0 0 0 0 0.000000 0.000000 0.000000 0.000000
-1.143000 -3.981451 6.534150 0.000000 -1.000000 -0.000000 1.000000 0.000000 0.000000 -1.348958 -10.593750 0 0 0 0 0.000000 0.000000 0.000000 0.000000
-1.143000 -3.981451 6.515100 0.000000 -1.000000 -0.000000 1.000000 0.000000 0.000000 -1.348958 -10.562500 0 0 0 0 0.000000 0.000000 0.000000 0.000000
-1.447800 -3.981451 6.515100 0.000000 -1.000000 -0.000000 1.000000 0.000000 0.000000 -1.904514 -10.562500 0 0 0 0 0.000000 0.000000 0.000000 0.000000
-1.162050 -3.981451 6.534150 0.000000 -1.000000 -0.000000 -1.000000 -0.000000 -0.000000 -1.383681 -10.593750 0 0 0 0 0.000000 0.000000 0.000000 0.000000
-1.143000 -3.981451 6.686550 0.000000 -1.000000 -0.000000 1.000000 0.000000 0.000000 -1.348958 -10.843750 0 0 0 0 0.000000 0.000000 0.000000 0.000000
-1.143000 -3.981451 6.591299 0.000000 -1.000000 -0.000000 1.000000 0.000000 0.000000 -1.348958 -10.687500 0 0 0 0 0.000000 0.000000 0.000000 0.000000
-1.447800 -3.981451 6.686550 0.000000 -1.000000 -0.000000 1.000000 0.000000 0.000000 -1.904514 -10.843750 0 0 0 0 0.000000 0.000000 0.000000 0.000000
-7.467600 -3.943352 5.105399 0.000000 0.000000 -1.000000 1.000000 -0.000000 0.000000 -6.468750 3.531250 0 0 0 0 0.000000 0.000000 0.000000 0.000000
-7.467600 -3.981452 5.105399 0.000000 0.000000 -1.000000 1.000000 -0.000000 0.000000 -6.468750 3.562500 0 0 0 0 0.000000 0.000000 0.000000 0.000000
-7.124700 -3.981452 5.105399 0.000000 0.000000 -1.000000 1.000000 -0.000000 0.000000 -6.187500 3.562500 0 0 0 0 0.000000 0.000000 0.000000 0.000000
-7.124700 -3.943352 5.105399 0.000000 0.000000 -1.000000 1.000000 -0.000000 0.000000 -6.187500 3.531250 0 0 0 0 0.000000 0.000000 0.000000 0.000000
-6.972300 -4.133852 5.714999 -0.000000 1.000000 0.000000 1.000000 0.000000 0.000000 -5.468750 -4.468750 0 0 0 0 0.000000 0.000000 0.000000 0.000000
-7.467600 -4.133852 5.714999 -0.000000 1.000000 0.000000 1.000000 0.000000 0.000000 -5.875000 -4.468750 0 0 0 0 0.000000 0.000000 0.000000 0.000000
-7.467600 -4.133852 5.181599 -0.000000 1.000000 0.000000 1.000000 0.000000 0.000000 -5.875000 -4.031250 0 0 0 0 0.000000 0.000000 0.000000 0.000000
-6.972300 -4.133852 5.181599 -0.000000 1.000000 0.000000 1.000000 0.000000 0.000000 -5.468750 -4.031250 0 0 0 0 0.000000 0.000000 0.000000 0.000000
-7.124700 -3.943352 5.791199 -0.000000 -0.000000 1.000000 1.000000 -0.000000 0.000000 -6.187500 3.531250 0 0 0 0 0.000000 0.000000 0.000000 0.000000
-7.124700 -3.981452 5.791199 -0.000000 -0.000000 1.000000 1.000000 -0.000000 0.000000 -6.187500 3.562500 0 0 0 0 0.000000 0.000000 0.000000 0.000000
-7.467600 -3.981452 5.791199 -0.000000 -0.000000 1.000000 1.000000 -0.000000 0.000000 -6.468750 3.562500 0 0 0 0 0.000000 0.000000 0.000000 0.000000
-7.467600 -3.943352 5.791199 -0.000000 -0.000000 1.000000 1.000000 -0.000000 0.000000 -6.468750 3.531250 0 0 0 0 0.000000 0.000000 0.000000 0.000000
-7.414831 -3.943352 5.714999 0.000000 0.000000 -1.000000 1.000000 -0.000000 0.000000 -6.425469 3.531250 0 0 0 0 0.000000 0.000000 0.000000 0.000000
-7.403211 -3.981452 5.714999 0.000000 0.000000 -1.000000 1.000000 -0.000000 0.000000 -6.415937 3.562500 0 0 0 0 0.000000 0.000000 0.000000 0.000000
-7.086600 -3.981452 5.714999 0.000000 0.000000 -1.000000 1.000000 -0.000000 0.000000 -6.156250 3.562500 0 0 0 0 0.000000 0.000000 0.000000 0.000000
-7.086600 -3.943352 5.714999 0.000000 0.000000 -1.000000 1.000000 -0.000000 0.000000 -6.156250 3.531250 0 0 0 0 0.000000 0.000000 0.000000 0.000000
-7.467600 -3.943352 5.714999 -0.000000 -0.000000 1.000000 1.000000 0.000001 0.000000 -6.562500 4.203125 0 0 0 0 0.000000 0.000000 0.000000 0.000000
-7.467600 -3.771901 5.714999 -0.000000 -0.000000 1.000000 1.000000 0.000001 0.000000 -6.562500 4.062500 0 0 0 0 0.000000 0.000000 0.000000 0.000000
-7.414831 -3.943352 5.714999 -0.000000 -0.000000 1.000000 1.000000 -0.000000 0.000000 -6.519219 4.203125 0 0 0 0 0.000000 0.000000 0.000000 0.000000
-7.467600 -3.981452 5.714999 -0.000000 -0.000000 1.000000 1.000000 -0.000001 0.000000 -6.562500 4.234375 0 0 0 0 0.000000 0.000000 0.000000 0.000000
-7.403211 -3.981452 5.714999 -0.000000 -0.000000 1.000000 1.000000 -0.000000 0.000000 -6.509687 4.234375 0 0 0 0 0.000000 0.000000 0.000000 0.000000
-7.391400 -4.019551 5.714999 -0.000000 -0.000000 1.000000 1.000000 0.000007 0.000000 -6.500000 4.265625 0 0 0 0 0.000000 0.000000 0.000000 0.000000
-7.467600 -4.057652 5.714999 -0.000000 -0.000000 1.000000 1.000000 -0.000001 0.000000 -6.562500 4.296875 0 0 0 0 0.000000 0.000000 0.000000 0.000000
-7.620000 -3.562352 5.714999 -0.000000 -0.000000 1.000000 1.000000 0.000003 0.000000 -6.687500 3.890625 0 0 0 0 0.000000 0.000000 0.000000 0.000000
-7.543800 -3.524251 5.714999 -0.000000 -0.000000 1.000000 1.000000 0.000003 0.000000 -6.625000 3.859375 0 0 0 0 0.000000 0.000000 0.000000 0.000000
-7.467600 -3.943352 5.791199 -1.000000 -0.000000 -0.000000 -0.000000 -0.000000 1.000000 5.625000 3.531250 0 0 0 0 0.000000 0.000000 0.000000 0.000000
-7.467600 -3.981452 5.791199 -1.000000 -0.000000 -0.000000 -0.000000 -0.000000 1.000000 5.625000 3.562500 0 0 0 0 0.000000 0.000000 0.000000 0.000000
-7.467600 -3.981452 5.714999 -1.000000 -0.000000 -0.000000 -0.000000 -0.000000 1.000000 5.562500 3.562500 0 0 0 0 0.000000 0.000000 0.000000 0.000000
-7.467600 -3.943352 5.714999 -1.000000 -0.000000 -0.000000 -0.000000 -0.000000 1.000000 5.562500 3.531250 0 0 0 0 0.000000 0.000000 0.000000 0.000000
-7.086600 -3.943352 5.714999 -0.000000 1.000000 0.000000 1.000000 0.000000 0.000000 -4.937500 -4.343750 0 0 0 0 0.000000 0.000000 0.000000 0.000000
-7.124700 -3.943352 5.791199 -0.000000 1.000000 0.000000 1.000000 0.000000 0.000000 -4.968750 -4.406250 0 0 0 0 0.000000 0.000000 0.000000 0.000000
-7.467600 -3.943352 5.791199 -0.000000 1.000000 0.000000 1.000000 0.000000 0.000000 -5.250000 -4.406250 0 0 0 0 0.000000 0.000000 0.000000 0.000000
-7.467600 -3.943352 5.714999 -0.000000 1.000000 0.000000 1.000000 0.000000 0.000000 -5.250000 -4.343750 0 0 0 0 0.000000 0.000000 0.000000 0.000000
-7.414831 -3.943352 5.714999 -0.000000 1.000000 0.000000 -1.000000 -0.000000 -0.000000 -5.206719 -4.343750 0 0 0 0 0.000000 0.000000 0.000000 0.000000
-7.467600 -3.981452 5.714999 0.000000 -1.000000 -0.000000 1.000000 0.000000 0.000000 -5.250000 -4.343750 0 0 0 0 0.000000 0.000000 0.000000 0.000000
-7.467600 -3.981452 5.791199 0.000000 -1.000000 -0.000000 1.000000 0.000000 0.000000 -5.250000 -4.406250 0 0 0 0 0.000000 0.000000 0.000000 0.000000
-7.124700 -3.981452 5.791199 0.000000 -1.000000 -0.000000 1.000000 0.000000 0.000000 -4.968750 -4.406250 0 0 0 0 0.000000 0.000000 0.000000 0.000000
-7.086600 -3.981452 5.714999 0.000000 -1.000000 -0.000000 1.000000 0.000000 0.000000 -4.937500 -4.343750 0 0 0 0 0.000000 0.000000 0.000000 0.000000
-7.403211 -3.981452 5.714999 0.000000 -1.000000 -0.000000 1.000000 0.000000 0.000000 -5.197187 -4.343750 0 0 0 0 0.000000 0.000000 0.000000 0.000000
-7.086600 -3.943352 5.714999 0.894427 0.000000 0.447214 -0.447214 -0.000000 0.894427 5.562500 3.531250 0 0 0 0 0.000000 0.000000 0.000000 0.000000
-7.086600 -3.981452 5.714999 0.894427 0.000000 0.447214 -0.447214 -0.000000 0.894427 5.562500 3.562500 0 0 0 0 0.000000 0.000000 0.000000 0.000000
-7.124700 -3.981452 5.791199 0.894427 0.000000 0.447214 -0.447214 -0.000000 0.894427 5.625000 3.562500 0 0 0 0 0.000000 0.000000 0.000000 0.000000
-7.124700 -3.943352 5.791199 0.894427 0.000000 0.447214 -0.447214 -0.000000 0.894427 5.625000 3.531250 0 0 0 0 0.000000 0.000000 0.000000 0.000000
-7.467600 -3.771901 5.181599 0.000000 0.000000 -1.000000 1.000000 -0.000000 0.000000 -6.562500 4.062500 0 0 0 0 0.000000 0.000000 0.000000 0.000000
-7.543800 -3.524251 5.181599 0.000000 0.000000 -1.000000 1.000000 -0.000001 0.000000 -6.625000 3.859375 0 0 0 0 0.000000 0.000000 0.000000 0.000000
-7.620000 -3.562352 5.181599 0.000000 0.000000 -1.000000 1.000000 0.000003 0.000000 -6.687500 3.890625 0 0 0 0 0.000000 0.000000 0.000000 0.000000
-7.467600 -4.057652 5.181599 0.000000 0.000000 -1.000000 1.000000 0.000001 0.000000 -6.562500 4.296875 0 0 0 0 0.000000 0.000000 0.000000 0.000000
-7.467600 -3.981452 5.181599 0.000000 0.000000 -1.000000 0.000000 -1.000000 -0.000000 -6.562500 4.234375 0 0 0 0 0.000000 0.000000 0.000000 0.000000
-7.467600 -3.943352 5.181599 0.000000 0.000000 -1.000000 0.000000 -1.000000 -0.000000 -6.562500 4.203125 0 0 0 0 0.000000 0.000000 0.000000 0.000000
-7.403211 -3.981452 5.181599 0.000000 0.000000 -1.000000 1.000000 -0.000000 0.000000 -6.509687 4.234375 0 0 0 0 0.000000 0.000000 0.000000 0.000000
-7.467600 -3.981452 5.181599 0.000000 0.000000 -1.000000 1.000000 -0.000000 0.000000 -6.562500 4.234375 0 0 0 0 0.000000 0.000000 0.000000 0.000000
-7.391400 -4.019551 5.181599 0.000000 0.000000 -1.000000 1.000000 -0.000000 0.000000 -6.500000 4.265625 0 0 0 0 0.000000 0.000000 0.000000 0.000000
-7.414831 -3.943352 5.181599 0.000000 0.000000 -1.000000 1.000000 -0.000000 0.000000 -6.519219 4.203125 0 0 0 0 0.000000 0.000000 0.000000 0.000000
-7.467600 -3.943352 5.181599 0.000000 0.000000 -1.000000 1.000000 -0.000000 0.000000 -6.562500 4.203125 0 0 0 0 0.000000 0.000000 0.000000 0.000000
-7.403211 -3.981452 5.181599 -0.000000 -0.000000 1.000000 1.000000 -0.000000 0.000000 -6.415937 3.562500 0 0 0 0 0.000000 0.000000 0.000000 0.000000
-7.414831 -3.943352 5.181599 -0.000000 -0.000000 1.000000 1.000000 -0.000000 0.000000 -6.425469 3.531250 0 0 0 0 0.000000 0.000000 0.000000 0.000000
-7.086600 -3.943352 5.181599 -0.000000 -0.000000 1.000000 1.000000 -0.000000 0.000000 -6.156250 3.531250 0 0 0 0 0.000000 0.000000 0.000000 0.000000
-7.086600 -3.981452 5.181599 -0.000000 -0.000000 1.000000 1.000000 -0.000000 0.000000 -6.156250 3.562500 0 0 0 0 0.000000 0.000000 0.000000 0.000000
-7.391400 -4.019551 5.714999 0.955779 0.294086 0.000000 0.294086 -0.955779 0.000000 4.937500 4.265625 0 0 0 0 0.000000 0.000000 0.000000 0.000000
-7.467600 -3.771901 5.714999 0.955779 0.294086 0.000000 0.294086 -0.955779 0.000000 4.937500 4.062500 0 0 0 0 0.000000 0.000000 0.000000 0.000000
-7.543800 -3.524251 5.714999 0.955779 0.294086 0.000000 0.294086 -0.955779 0.000000 4.937500 3.859375 0 0 0 0 0.000000 0.000000 0.000000 0.000000
-7.543800 -3.524251 5.181599 0.955779 0.294086 0.000000 -0.000000 -0.000000 1.000000 4.500000 3.859375 0 0 0 0 0.000000 0.000000 0.000000 0.000000
-7.467600 -3.771901 5.181599 0.955779 0.294086 0.000000 -0.000000 0.000001 1.000000 4.500000 4.062500 0 0 0 0 0.000000 0.000000 0.000000 0.000000
-7.391400 -4.019551 5.181599 0.955779 0.294086 0.000000 -0.000000 -0.000000 1.000000 4.500000 4.265625 0 0 0 0 0.000000 0.000000 0.000000 0.000000
-7.543800 -3.524251 5.714999 -0.447214 0.894427 0.000000 0.894427 0.447214 -0.000000 -5.937500 -4.468750 0 0 0 0 0.000000 0.000000 0.000000 0.000000
-7.620000 -3.562352 5.714999 -0.447214 0.894427 0.000000 0.894427 0.447214 -0.000000 -6.000000 -4.468750 0 0 0 0 0.000000 0.000000 0.000000 0.000000
-7.620000 -3.562352 5.181599 -0.447214 0.894427 0.000000 0.894427 0.447214 -0.000000 -6.000000 -4.031250 0 0 0 0 0.000000 0.000000 0.000000 0.000000
-7.543800 -3.524251 5.181599 -0.447214 0.894427 0.000000 0.894427 0.447214 -0.000000 -5.937500 -4.031250 0 0 0 0 0.000000 0.000000 0.000000 0.000000
-7.467600 -4.057652 5.181599 -0.955779 -0.294086 -0.000000 -0.000000 -0.000000 1.000000 4.500000 4.296875 0 0 0 0 0.000000 0.000000 0.000000 0.000000
-7.620000 -3.562352 5.181599 -0.955779 -0.294086 -0.000000 -0.000000 -0.000000 1.000000 4.500000 3.890625 0 0 0 0 0.000000 0.000000 0.000000 0.000000
-7.620000 -3.562352 5.714999 -0.955779 -0.294086 -0.000000 -0.000000 -0.000000 1.000000 4.937500 3.890625 0 0 0 0 0.000000 0.000000 0.000000 0.000000
-7.467600 -4.057652 5.714999 -0.955779 -0.294086 -0.000000 -0.000000 -0.000000 1.000000 4.937500 4.296875 0 0 0 0 0.000000 0.000000 0.000000 0.000000
-7.391400 -4.019551 5.181599 0.447214 -0.894427 -0.000000 0.894427 0.447214 -0.000000 -5.812500 -4.031250 0 0 0 0 0.000000 0.000000 0.000000 0.000000
-7.467600 -4.057652 5.181599 0.447214 -0.894427 -0.000000 0.894427 0.447214 -0.000000 -5.875000 -4.031250 0 0 0 0 0.000000 0.000000 0.000000 0.000000
-7.467600 -4.057652 5.714999 0.447214 -0.894427 -0.000000 0.894427 0.447214 -0.000000 -5.875000 -4.468750 0 0 0 0 0.000000 0.000000 0.000000 0.000000
-7.391400 -4.019551 5.714999 0.447214 -0.894427 -0.000000 0.894427 0.447214 -0.000000 -5.812500 -4.468750 0 0 0 0 0.000000 0.000000 0.000000 0.000000
-7.467600 -3.943352 5.181599 -1.000000 -0.000000 -0.000000 -0.000000 -0.000000 1.000000 4.625000 3.531250 0 0 0 0 0.000000 0.000000 0.000000 0.000000
-7.467600 -3.981452 5.181599 -1.000000 -0.000000 -0.000000 -0.000000 -0.000000 1.000000 4.625000 3.562500 0 0 0 0 0.000000 0.000000 0.000000 0.000000
-7.467600 -3.981452 5.105399 -1.000000 -0.000000 -0.000000 -0.000000 -0.000000 1.000000 4.562500 3.562500 0 0 0 0 0.000000 0.000000 0.000000 0.000000
-7.467600 -3.943352 5.105399 -1.000000 -0.000000 -0.000000 -0.000000 -0.000000 1.000000 4.562500 3.531250 0 0 0 0 0.000000 0.000000 0.000000 0.000000
-7.467600 -3.943352 5.181599 -0.000000 1.000000 0.000000 1.000000 0.000000 0.000000 -5.750000 -3.906250 0 0 0 0 0.000000 0.000000 0.000000 0.000000
-7.467600 -3.943352 5.105399 -0.000000 1.000000 0.000000 1.000000 0.000000 0.000000 -5.750000 -3.843750 0 0 0 0 0.000000 0.000000 0.000000 0.000000
-7.124700 -3.943352 5.105399 -0.000000 1.000000 0.000000 1.000000 0.000000 0.000000 -5.468750 -3.843750 0 0 0 0 0.000000 0.000000 0.000000 0.000000
-7.086600 -3.943352 5.181599 -0.000000 1.000000 0.000000 1.000000 0.000000 0.000000 -5.437500 -3.906250 0 0 0 0 0.000000 0.000000 0.000000 0.000000
-7.414831 -3.943352 5.181599 -0.000000 1.000000 0.000000 1.000000 0.000000 0.000000 -5.706719 -3.906250 0 0 0 0 0.000000 0.000000 0.000000 0.000000
-7.086600 -3.981452 5.181599 0.000000 -1.000000 -0.000000 1.000000 0.000000 0.000000 -5.437500 -3.906250 0 0 0 0 0.000000 0.000000 0.000000 0.000000
-7.124700 -3.981452 5.105399 0.000000 -1.000000 -0.000000 1.000000 0.000000 0.000000 -5.468750 -3.843750 0 0 0 0 0.000000 0.000000 0.000000 0.000000
-7.467600 -3.981452 5.105399 0.000000 -1.000000 -0.000000 1.000000 0.000000 0.000000 -5.750000 -3.843750 0 0 0 0 0.000000 0.000000 0.000000 0.000000
-7.467600 -3.981452 5.181599 0.000000 -1.000000 -0.000000 1.000000 0.000000 0.000000 -5.750000 -3.906250 0 0 0 0 0.000000 0.000000 0.000000 0.000000
-7.403211 -3.981452 5.181599 0.000000 -1.000000 -0.000000 1.000000 0.000000 0.000000 -5.697187 -3.906250 0 0 0 0 0.000000 0.000000 0.000000 0.000000
-7.124700 -3.943352 5.105399 0.894427 0.000000 -0.447214 0.447214 0.000000 0.894427 4.562500 3.531250 0 0 0 0 0.000000 0.000000 0.000000 0.000000
-7.124700 -3.981452 5.105399 0.894427 0.000000 -0.447214 0.447214 0.000000 0.894427 4.562500 3.562500 0 0 0 0 0.000000 0.000000 0.000000 0.000000
-7.086600 -3.981452 5.181599 0.894427 0.000000 -0.447214 0.447214 0.000000 0.894427 4.625000 3.562500 0 0 0 0 0.000000 0.000000 0.000000 0.000000
-7.086600 -3.943352 5.181599 0.894427 0.000000 -0.447214 0.447214 0.000000 0.894427 4.625000 3.531250 0 0 0 0 0.000000 0.000000 0.000000 0.000000
-6.972300 -4.133852 5.714999 -0.000000 0.000003 1.000000 1.000000 0.000000 0.000000 -5.937500 3.593750 0 0 0 0 0.000000 0.000000 0.000000 0.000000
-7.010400 -4.210052 5.714999 -0.000000 0.000003 1.000000 1.000000 0.000000 0.000000 -5.968750 3.656250 0 0 0 0 0.000000 0.000000 0.000000 0.000000
-7.200900 -4.210052 5.714999 -0.000000 0.000003 1.000000 1.000000 0.000000 0.000000 -6.125000 3.656250 0 0 0 0 0.000000 0.000000 0.000000 0.000000
-7.277100 -4.210052 5.714999 -0.000000 0.000003 1.000000 1.000000 0.000000 0.000000 -6.187500 3.656250 0 0 0 0 0.000000 0.000000 0.000000 0.000000
-7.467600 -4.210052 5.714999 -0.000000 0.000003 1.000000 1.000000 0.000000 0.000000 -6.343750 3.656250 0 0 0 0 0.000000 0.000000 0.000000 0.000000
-7.467600 -4.133852 5.714999 -0.000000 0.000003 1.000000 1.000000 0.000000 0.000000 -6.343750 3.593750 0 0 0 0 0.000000 0.000000 0.000000 0.000000
-7.467600 -4.133852 5.181599 0.000000 0.000001 -1.000000 1.000000 -0.000000 0.000000 -6.343750 3.593750 0 0 0 0 0.000000 0.000000 0.000000 0.000000
-7.467600 -4.210052 5.181599 0.000000 0.000001 -1.000000 1.000000 -0.000000 0.000000 -6.343750 3.656250 0 0 0 0 0.000000 0.000000 0.000000 0.000000
-7.277100 -4.210052 5.181599 0.000000 0.000001 -1.000000 1.000000 -0.000000 0.000000 -6.187500 3.656250 0 0 0 0 0.000000 0.000000 0.000000 0.000000
-7.200900 -4.210052 5.181599 0.000000 0.000001 -1.000000 1.000000 -0.000000 0.000000 -6.125000 3.656250 0 0 0 0 0.000000 0.000000 0.000000 0.000000
-7.010400 -4.210052 5.181599 0.000000 0.000001 -1.000000 1.000000 -0.000000 0.000000 -5.968750 3.656250 0 0 0 0 0.000000 0.000000 0.000000 0.000000
-6.972300 -4.133852 5.181599 0.000000 0.000001 -1.000000 1.000000 -0.000000 0.000000 -5.937500 3.593750 0 0 0 0 0.000000 0.000000 0.000000 0.000000
-7.200900 -4.210052 5.486399 0.000000 -1.000000 -0.000000 1.000000 0.000000 0.000000 -5.656250 -4.281250 0 0 0 0 0.000000 0.000000 0.000000 0.000000
-7.277100 -4.210052 5.486399 0.000000 -1.000000 -0.000000 1.000000 0.000000 0.000000 -5.718750 -4.281250 0 0 0 0 0.000000 0.000000 0.000000 0.000000
-7.277100 -4.210052 5.714999 0.000000 -1.000000 -0.000000 1.000000 0.000000 0.000000 -5.718750 -4.468750 0 0 0 0 0.000000 0.000000 0.000000 0.000000
-7.200900 -4.210052 5.714999 0.000000 -1.000000 -0.000000 1.000000 0.000000 0.000000 -5.656250 -4.468750 0 0 0 0 0.000000 0.000000 0.000000 0.000000
-7.200900 -4.210052 5.410199 0.000000 -1.000000 -0.000000 1.000000 0.000000 0.000000 -5.656250 -4.218750 0 0 0 0 0.000000 0.000000 0.000000 0.000000
-7.200900 -4.210052 5.181599 0.000000 -1.000000 -0.000000 1.000000 0.000000 0.000000 -5.656250 -4.031250 0 0 0 0 0.000000 0.000000 0.000000 0.000000
-7.277100 -4.210052 5.181599 0.000000 -1.000000 -0.000000 1.000000 0.000000 0.000000 -5.718750 -4.031250 0 0 0 0 0.000000 0.000000 0.000000 0.000000
-7.277100 -4.210052 5.410199 0.000000 -1.000000 -0.000000 1.000000 0.000000 0.000000 -5.718750 -4.218750 0 0 0 0 0.000000 0.000000 0.000000 0.000000
-7.467600 -4.210052 5.181599 0.000000 -1.000000 -0.000000 1.000000 0.000000 0.000000 -5.875000 -4.031250 0 0 0 0 0.000000 0.000000 0.000000 0.000000
-7.467600 -4.210052 5.714999 0.000000 -1.000000 -0.000000 1.000000 0.000000 0.000000 -5.875000 -4.468750 0 0 0 0 0.000000 0.000000 0.000000 0.000000
-7.277100 -4.210052 5.410199 0.000000 -1.000000 -0.000000 0.000000 -0.000000 1.000000 -5.718750 -4.218750 0 0 0 0 0.000000 0.000000 0.000000 0.000000
-7.010400 -4.210052 5.181599 0.000000 -1.000000 -0.000000 1.000000 0.000000 0.000000 -5.500000 -4.031250 0 0 0 0 0.000000 0.000000 0.000000 0.000000
-7.010400 -4.210052 5.714999 0.000000 -1.000000 -0.000000 1.000000 0.000000 0.000000 -5.500000 -4.468750 0 0 0 0 0.000000 0.000000 0.000000 0.000000
-7.467600 -4.133852 5.714999 -1.000000 -0.000000 -0.000000 -0.000000 -0.000000 1.000000 4.937500 3.593750 0 0 0 0 0.000000 0.000000 0.000000 0.000000
-7.467600 -4.210052 5.714999 -1.000000 -0.000000 -0.000000 -0.000000 -0.000000 1.000000 4.937500 3.656250 0 0 0 0 0.000000 0.000000 0.000000 0.000000
-7.467600 -4.210052 5.181599 -1.000000 -0.000000 -0.000000 -0.000000 -0.000000 1.000000 4.500000 3.656250 0 0 0 0 0.000000 0.000000 0.000000 0.000000
-7.467600 -4.133852 5.181599 -1.000000 -0.000000 -0.000000 -0.000000 -0.000000 1.000000 4.500000 3.593750 0 0 0 0 0.000000 0.000000 0.000000 0.000000
-6.972300 -4.133852 5.181599 0.894426 -0.447215 0.000000 -0.000000 0.000000 1.000000 4.500000 3.593750 0 0 0 0 0.000000 0.000000 0.000000 0.000000
-7.010400 -4.210052 5.181599 0.894426 -0.447215 0.000000 -0.000000 0.000000 1.000000 4.500000 3.656250 0 0 0 0 0.000000 0.000000 0.000000 0.000000
-7.010400 -4.210052 5.714999 0.894426 -0.447215 0.000000 -0.000000 0.000000 1.000000 4.937500 3.656250 0 0 0 0 0.000000 0.000000 0.000000 0.000000
-6.972300 -4.133852 5.714999 0.894426 -0.447215 0.000000 -0.000000 0.000000 1.000000 4.937500 3.593750 0 0 0 0 0.000000 0.000000 0.000000 0.000000
2.819402 -0.571496 -20.459700 0.000000 -1.000000 -0.000000 1.000000 0.000000 -0.000000 3.171875 17.187500 0 0 0 0 0.000000 0.000000 0.000000 0.000000
2.933702 -0.571496 -20.459700 0.000000 -1.000000 -0.000000 1.000000 0.000000 0.000000 3.265625 17.187500 0 0 0 0 0.000000 0.000000 0.000000 0.000000
3.176208 -0.571496 -20.598192 0.000000 -1.000000 -0.000000 1.000000 0.000000 0.000000 3.464531 17.301094 0 0 0 0 0.000000 0.000000 0.000000 0.000000
3.200402 -0.571496 -20.612099 0.000000 -1.000000 -0.000000 1.000000 0.000000 0.000013 3.484375 17.312500 0 0 0 0 0.000000 0.000000 0.000000 0.000000
3.352802 -0.571496 -20.878798 0.000000 -1.000000 -0.000000 1.000000 0.000000 -0.000001 3.609375 17.531250 0 0 0 0 0.000000 0.000000 0.000000 0.000000
3.352802 -0.571496 -21.145500 0.000000 -1.000000 -0.000000 1.000000 0.000000 0.000007 3.609375 17.750000 0 0 0 0 0.000000 0.000000 0.000000 0.000000
3.200402 -0.571496 -21.412201 0.000000 -1.000000 -0.000000 1.000000 0.000000 0.000004 3.484375 17.968750 0 0 0 0 0.000000 0.000000 0.000000 0.000000
2.933702 -0.571496 -21.564600 0.000000 -1.000000 -0.000000 1.000000 0.000000 -0.000009 3.265625 18.093750 0 0 0 0 0.000000 0.000000 0.000000 0.000000
2.819402 -0.571496 -21.564600 0.000000 -1.000000 -0.000000 1.000000 0.000000 0.000000 3.171875 18.093750 0 0 0 0 0.000000 0.000000 0.000000 0.000000
4.267202 -2.057396 -21.983698 -1.000000 -0.000000 -0.000004 -0.000000 1.000000 -0.000000 -18.250000 2.687500 0 0 0 0 0.000000 0.000000 0.000000 0.000000
4.267202 -2.133596 -21.983698 -1.000000 -0.000000 -0.000004 -0.000000 1.000000 -0.000000 -18.250000 2.750000 0 0 0 0 0.000000 0.000000 0.000000 0.000000
4.267202 -2.209796 -21.983698 -1.000000 -0.000000 -0.000004 -0.000000 1.000000 -0.000000 -18.250000 2.812500 0 0 0 0 0.000000 0.000000 0.000000 0.000000
4.267202 -3.733796 -21.983698 -1.000000 -0.000000 -0.000004 -0.000000 1.000000 -0.000000 -18.250000 4.062500 0 0 0 0 0.000000 0.000000 0.000000 0.000000
4.267202 -3.809996 -21.983698 -1.000000 -0.000000 -0.000004 -0.000000 1.000000 -0.000000 -18.250000 4.125000 0 0 0 0 0.000000 0.000000 0.000000 0.000000
4.267202 -3.886196 -21.983698 -1.000000 -0.000000 -0.000004 -0.000000 1.000000 -0.000000 -18.250000 4.187500 0 0 0 0 0.000000 0.000000 0.000000 0.000000
4.267202 -3.886196 -22.059900 -1.000000 -0.000000 -0.000004 -0.000004 -0.000000 1.000000 -18.312500 4.187500 0 0 0 0 0.000000 0.000000 0.000000 0.000000
4.267202 -2.057396 -22.059900 -1.000000 -0.000000 -0.000004 -0.000004 -0.000000 1.000000 -18.312500 2.687500 0 0 0 0 0.000000 0.000000 0.000000 0.000000
4.267202 -3.809996 -21.107399 -1.000000 -0.000000 -0.000000 -0.000000 -0.000000 1.000000 -17.531250 4.125000 0 0 0 0 0.000000 0.000000 0.000000 0.000000
4.267202 -3.886196 -21.107399 -1.000000 -0.000000 -0.000000 -0.000000 -0.000000 1.000000 -17.531250 4.187500 0 0 0 0 0.000000 0.000000 0.000000 0.000000
4.267202 -3.886196 -21.983698 -1.000000 -0.000000 -0.000000 -0.000000 -0.000000 1.000000 -18.250000 4.187500 0 0 0 0 0.000000 0.000000 0.000000 0.000000
4.267202 -3.809996 -21.983698 -1.000000 -0.000000 -0.000000 0.000000 -0.000000 1.000000 -18.250000 4.125000 0 0 0 0 0.000000 0.000000 0.000000 0.000000
4.267202 -3.086096 -21.336000 -1.000000 -0.000000 0.000001 0.000001 0.000001 1.000000 -17.718750 3.531250 0 0 0 0 0.000000 0.000000 0.000000 0.000000
4.267202 -3.162296 -21.336000 -1.000000 -0.000000 0.000001 0.000001 0.000000 1.000000 -17.718750 3.593750 0 0 0 0 0.000000 0.000000 0.000000 0.000000
4.267202 -3.733796 -21.983698 -1.000000 -0.000000 0.000001 0.000001 0.000001 1.000000 -18.250000 4.062500 0 0 0 0 0.000000 0.000000 0.000000 0.000000
4.267202 -2.781296 -21.336000 -1.000000 -0.000000 0.000001 0.000001 -0.000001 1.000000 -17.718750 3.281250 0 0 0 0 0.000000 0.000000 0.000000 0.000000
4.267202 -2.857496 -21.336000 -1.000000 -0.000000 0.000001 0.000001 -0.000001 1.000000 -17.718750 3.343750 0 0 0 0 0.000000 0.000000 0.000000 0.000000
4.267202 -2.209796 -21.983698 -1.000000 -0.000000 0.000001 0.000001 -0.000001 1.000000 -18.250000 2.812500 0 0 0 0 0.000000 0.000000 0.000000 0.000000
4.267202 -2.133596 -21.983698 -1.000000 -0.000000 0.000001 0.000001 -0.000001 1.000000 -18.250000 2.750000 0 0 0 0 0.000000 0.000000 0.000000 0.000000
4.267202 -2.781296 -21.107399 -1.000000 -0.000000 -0.000000 -0.000000 -0.000001 1.000000 -17.531250 3.281250 0 0 0 0 0.000000 0.000000 0.000000 0.000000
4.267202 -3.162296 -21.107399 -1.000000 -0.000000 -0.000000 -0.000000 -0.000001 1.000000 -17.531250 3.593750 0 0 0 0 0.000000 0.000000 0.000000 0.000000
4.267202 -2.057396 -21.107399 -1.000000 -0.000000 -0.000000 -0.000000 -0.000000 1.000000 -17.531250 2.687500 0 0 0 0 0.000000 0.000000 0.000000 0.000000
4.267202 -2.133596 -21.107399 -1.000000 -0.000000 -0.000000 -0.000000 -0.000000 1.000000 -17.531250 2.750000 0 0 0 0 0.000000 0.000000 0.000000 0.000000
4.267202 -2.057396 -21.983698 -1.000000 -0.000000 -0.000000 -0.000000 -0.000000 1.000000 -18.250000 2.687500 0 0 0 0 0.000000 0.000000 0.000000 0.000000
4.267202 -2.057396 -20.002499 -1.000000 -0.000000 0.000004 0.000004 0.000000 1.000000 -16.625000 2.687500 0 0 0 0 0.000000 0.000000 0.000000 0.000000
4.267202 -3.886196 -20.002501 -1.000000 -0.000000 0.000004 0.000004 0.000000 1.000000 -16.625000 4.187500 0 0 0 0 0.000000 0.000000 0.000000 0.000000
4.267202 -3.886196 -20.078701 -1.000000 -0.000000 0.000004 0.000003 0.000000 1.000000 -16.687500 4.187500 0 0 0 0 0.000000 0.000000 0.000000 0.000000
4.267202 -3.809996 -20.078701 -1.000000 -0.000000 0.000004 0.000002 0.000000 1.000000 -16.687500 4.125000 0 0 0 0 0.000000 0.000000 0.000000 0.000000
4.267202 -3.733796 -20.078701 -1.000000 -0.000000 0.000004 0.000003 0.000000 1.000000 -16.687500 4.062500 0 0 0 0 0.000000 0.000000 0.000000 0.000000
4.267202 -2.209796 -20.078701 -1.000000 -0.000000 0.000004 0.000003 -0.000001 1.000000 -16.687500 2.812500 0 0 0 0 0.000000 0.000000 0.000000 0.000000
4.267202 -2.133596 -20.078701 -1.000000 -0.000000 0.000004 0.000002 0.000000 1.000000 -16.687500 2.750000 0 0 0 0 0.000000 0.000000 0.000000 0.000000
4.267202 -2.057396 -20.078701 -1.000000 -0.000000 0.000004 0.000003 -0.000000 1.000000 -16.687500 2.687500 0 0 0 0 0.000000 0.000000 0.000000 0.000000
4.267202 -3.886196 -20.955000 -1.000000 -0.000000 -0.000000 -0.000001 -0.000000 1.000000 -17.406250 4.187500 0 0 0 0 0.000000 0.000000 0.000000 0.000000
4.267202 -3.809996 -20.955000 -1.000000 -0.000000 -0.000000 -0.000001 -0.000000 1.000000 -17.406250 4.125000 0 0 0 0 0.000000 0.000000 0.000000 0.000000
4.267202 -3.162296 -20.726400 -1.000000 -0.000000 0.000001 0.000001 -0.000000 1.000000 -17.218750 3.593750 0 0 0 0 0.000000 0.000000 0.000000 0.000000
4.267202 -3.086097 -20.726400 -1.000000 -0.000000 0.000001 0.000001 0.000000 1.000000 -17.218750 3.531250 0 0 0 0 0.000000 0.000000 0.000000 0.000000
4.267202 -2.857496 -20.726400 -1.000000 -0.000000 0.000001 0.000001 0.000001 1.000000 -17.218750 3.343750 0 0 0 0 0.000000 0.000000 0.000000 0.000000
4.267202 -2.781296 -20.726400 -1.000000 -0.000000 0.000001 0.000001 0.000001 1.000000 -17.218750 3.281250 0 0 0 0 0.000000 0.000000 0.000000 0.000000
4.267202 -2.781296 -20.726400 -1.000000 -0.000000 0.000001 -0.000000 1.000000 0.000000 -17.218750 3.281250 0 0 0 0 0.000000 0.000000 0.000000 0.000000
4.267202 -2.857496 -20.726400 -1.000000 -0.000000 0.000001 -0.000000 1.000000 0.000000 -17.218750 3.343750 0 0 0 0 0.000000 0.000000 0.000000 0.000000
4.267202 -3.086097 -20.726400 -1.000000 -0.000000 0.000001 -0.000000 1.000000 0.000000 -17.218750 3.531250 0 0 0 0 0.000000 0.000000 0.000000 0.000000
4.267202 -3.162296 -20.726400 -1.000000 -0.000000 0.000001 -0.000000 1.000000 0.000000 -17.218750 3.593750 0 0 0 0 0.000000 0.000000 0.000000 0.000000
4.267202 -3.162296 -20.955000 -1.000000 -0.000000 0.000001 0.000000 -0.000001 1.000000 -17.406250 3.593750 0 0 0 0 0.000000 0.000000 0.000000 0.000000
4.267202 -2.781296 -20.955000 -1.000000 -0.000000 0.000001 0.000000 -0.000001 1.000000 -17.406250 3.281250 0 0 0 0 0.000000 0.000000 0.000000 0.000000
4.267202 -2.133596 -20.955000 -1.000000 -0.000000 -0.000000 -0.000001 -0.000000 1.000000 -17.406250 2.750000 0 0 0 0 0.000000 0.000000 0.000000 0.000000
4.267202 -2.057396 -20.955000 -1.000000 -0.000000 -0.000000 -0.000001 -0.000000 1.000000 -17.406250 2.687500 0 0 0 0 0.000000 0.000000 0.000000 0.000000
4.267202 -3.886196 -21.107399 -1.000000 -0.000000 -0.000002 0.000000 -1.000000 0.000000 -17.531250 4.187500 0 0 0 0 0.000000 0.000000 0.000000 0.000000
4.267202 -3.809996 -21.107399 -1.000000 -0.000000 -0.000002 0.000000 -1.000000 0.000000 -17.531250 4.125000 0 0 0 0 0.000000 0.000000 0.000000 0.000000
4.267202 -3.162296 -21.107399 -1.000000 -0.000000 -0.000002 0.000000 -1.000000 0.000000 -17.531250 3.593750 0 0 0 0 0.000000 0.000000 0.000000 0.000000
4.267202 -2.781296 -21.107399 -1.000000 -0.000000 -0.000002 0.000000 -1.000000 0.000000 -17.531250 3.281250 0 0 0 0 0.000000 0.000000 0.000000 0.000000
4.267202 -2.133596 -21.107399 -1.000000 -0.000000 -0.000002 0.000000 -1.000000 0.000000 -17.531250 2.750000 0 0 0 0 0.000000 0.000000 0.000000 0.000000
4.267202 -2.057396 -21.107399 -1.000000 -0.000000 -0.000002 0.000000 -1.000000 0.000000 -17.531250 2.687500 0 0 0 0 0.000000 0.000000 0.000000 0.000000
4.457702 -2.057396 -22.059900 1.000000 0.000000 -0.000002 0.000002 0.000000 1.000000 -18.390625 2.687500 0 0 0 0 0.000000 0.000000 0.000000 0.000000
4.457702 -3.886196 -22.059900 1.000000 0.000000 -0.000002 0.000002 0.000000 1.000000 -18.390625 4.187500 0 0 0 0 0.000000 0.000000 0.000000 0.000000
4.457702 -3.886196 -21.983698 1.000000 0.000000 -0.000002 0.000002 0.000000 1.000000 -18.328125 4.187500 0 0 0 0 0.000000 0.000000 0.000000 0.000000
4.457702 -3.809996 -21.983698 1.000000 0.000000 -0.000002 0.000001 0.000000 1.000000 -18.328125 4.125000 0 0 0 0 0.000000 0.000000 0.000000 0.000000
4.457702 -3.733796 -21.983698 1.000000 0.000000 -0.000002 0.000001 0.000000 1.000000 -18.328125 4.062500 0 0 0 0 0.000000 0.000000 0.000000 0.000000
4.457702 -2.209796 -21.983698 1.000000 0.000000 -0.000002 0.000001 0.000001 1.000000 -18.328125 2.812500 0 0 0 0 0.000000 0.000000 0.000000 0.000000
4.457702 -2.133596 -21.983698 1.000000 0.000000 -0.000002 0.000001 -0.000000 1.000000 -18.328125 2.750000 0 0 0 0 0.000000 0.000000 0.000000 0.000000
4.457702 -2.057396 -21.983698 1.000000 0.000000 -0.000002 0.000002 -0.000000 1.000000 -18.328125 2.687500 0 0 0 0 0.000000 0.000000 0.000000 0.000000
4.457702 -3.886196 -21.107399 1.000000 0.000000 0.000000 0.000000 -0.000001 1.000000 -17.609375 4.187500 0 0 0 0 0.000000 0.000000 0.000000 0.000000
4.457702 -3.809996 -21.107399 1.000000 0.000000 0.000000 0.000000 -0.000001 1.000000 -17.609375 4.125000 0 0 0 0 0.000000 0.000000 0.000000 0.000000
4.457702 -3.162296 -21.336000 1.000000 0.000000 0.000001 -0.000001 0.000000 1.000000 -17.796875 3.593750 0 0 0 0 0.000000 0.000000 0.000000 0.000000
4.457702 -3.086096 -21.336000 1.000000 0.000000 0.000001 -0.000001 -0.000000 1.000000 -17.796875 3.531250 0 0 0 0 0.000000 0.000000 0.000000 0.000000
4.457702 -2.857496 -21.336000 1.000000 0.000000 0.000001 -0.000001 -0.000001 1.000000 -17.796875 3.343750 0 0 0 0 0.000000 0.000000 0.000000 0.000000
4.457702 -2.781296 -21.336000 1.000000 0.000000 0.000001 -0.000001 -0.000001 1.000000 -17.796875 3.281250 0 0 0 0 0.000000 0.000000 0.000000 0.000000
4.457702 -2.781296 -21.336000 1.000000 0.000000 0.000001 -0.000000 1.000000 -0.000000 -17.796875 3.281250 0 0 0 0 0.000000 0.000000 0.000000 0.000000
4.457702 -2.857496 -21.336000 1.000000 0.000000 0.000001 -0.000000 1.000000 -0.000000 -17.796875 3.343750 0 0 0 0 0.000000 0.000000 0.000000 0.000000
4.457702 -3.086096 -21.336000 1.000000 0.000000 0.000001 -0.000000 1.000000 -0.000000 -17.796875 3.531250 0 0 0 0 0.000000 0.000000 0.000000 0.000000
4.457702 -3.162296 -21.336000 1.000000 0.000000 0.000001 -0.000000 1.000000 -0.000000 -17.796875 3.593750 0 0 0 0 0.000000 0.000000 0.000000 0.000000
4.457702 -3.162296 -21.107399 1.000000 0.000000 0.000001 -0.000001 -0.000001 1.000000 -17.609375 3.593750 0 0 0 0 0.000000 0.000000 0.000000 0.000000
4.457702 -2.781296 -21.107399 1.000000 0.000000 0.000001 -0.000001 -0.000001 1.000000 -17.609375 3.281250 0 0 0 0 0.000000 0.000000 0.000000 0.000000
4.457702 -2.133596 -21.107399 1.000000 0.000000 0.000000 0.000000 -0.000000 1.000000 -17.609375 2.750000 0 0 0 0 0.000000 0.000000 0.000000 0.000000
4.457702 -2.057396 -21.107399 1.000000 0.000000 0.000000 0.000000 -0.000000 1.000000 -17.609375 2.687500 0 0 0 0 0.000000 0.000000 0.000000 0.000000
4.457702 -2.057396 -20.078701 1.000000 0.000000 0.000000 -0.000000 1.000000 0.000001 -16.765625 2.687500 0 0 0 0 0.000000 0.000000 0.000000 0.000000
4.457702 -2.133596 -20.078701 1.000000 0.000000 0.000000 -0.000000 1.000000 -0.000000 -16.765625 2.750000 0 0 0 0 0.000000 0.000000 0.000000 0.000000
4.457702 -2.209796 -20.078701 1.000000 0.000000 0.000000 -0.000000 1.000000 -0.000000 -16.765625 2.812500 0 0 0 0 0.000000 0.000000 0.000000 0.000000
4.457702 -3.733796 -20.078701 1.000000 0.000000 0.000000 -0.000000 1.000000 0.000001 -16.765625 4.062500 0 0 0 0 0.000000 0.000000 0.000000 0.000000
4.457702 -3.809996 -20.078701 1.000000 0.000000 0.000000 -0.000000 1.000000 0.000008 -16.765625 4.125000 0 0 0 0 0.000000 0.000000 0.000000 0.000000
4.457702 -3.886196 -20.078701 1.000000 0.000000 0.000000 -0.000000 1.000000 0.000001 -16.765625 4.187500 0 0 0 0 0.000000 0.000000 0.000000 0.000000
4.457702 -3.886196 -20.002501 1.000000 0.000000 0.000000 -0.000000 -0.000000 1.000000 -16.703125 4.187500 0 0 0 0 0.000000 0.000000 0.000000 0.000000
4.457702 -2.057396 -20.002499 1.000000 0.000000 0.000000 -0.000000 -0.000000 1.000000 -16.703125 2.687500 0 0 0 0 0.000000 0.000000 0.000000 0.000000
4.457702 -3.809996 -20.955000 1.000000 0.000000 0.000000 0.000000 0.000000 1.000000 -17.484375 4.125000 0 0 0 0 0.000000 0.000000 0.000000 0.000000
4.457702 -3.886196 -20.955000 1.000000 0.000000 0.000000 0.000000 0.000000 1.000000 -17.484375 4.187500 0 0 0 0 0.000000 0.000000 0.000000 0.000000
4.457702 -3.886196 -20.078701 1.000000 0.000000 0.000000 -0.000000 -0.000000 1.000000 -16.765625 4.187500 0 0 0 0 0.000000 0.000000 0.000000 0.000000
4.457702 -3.809996 -20.078701 1.000000 0.000000 0.000000 -0.000000 -0.000000 1.000000 -16.765625 4.125000 0 0 0 0 0.000000 0.000000 0.000000 0.000000
4.457702 -3.086097 -20.726400 1.000000 0.000000 0.000001 -0.000001 -0.000001 1.000000 -17.296875 3.531250 0 0 0 0 0.000000 0.000000 0.000000 0.000000
4.457702 -3.162296 -20.726400 1.000000 0.000000 0.000001 -0.000001 -0.000001 1.000000 -17.296875 3.593750 0 0 0 0 0.000000 0.000000 0.000000 0.000000
4.457702 -3.733796 -20.078701 1.000000 0.000000 0.000001 -0.000001 -0.000001 1.000000 -16.765625 4.062500 0 0 0 0 0.000000 0.000000 0.000000 0.000000
4.457702 -2.781296 -20.726400 1.000000 0.000000 0.000001 -0.000001 0.000001 1.000000 -17.296875 3.281250 0 0 0 0 0.000000 0.000000 0.000000 0.000000
4.457702 -2.857496 -20.726400 1.000000 0.000000 0.000001 -0.000001 0.000001 1.000000 -17.296875 3.343750 0 0 0 0 0.000000 0.000000 0.000000 0.000000
4.457702 -2.209796 -20.078701 1.000000 0.000000 0.000001 -0.000001 0.000001 1.000000 -16.765625 2.812500 0 0 0 0 0.000000 0.000000 0.000000 0.000000
4.457702 -2.133596 -20.078701 1.000000 0.000000 0.000001 -0.000001 0.000001 1.000000 -16.765625 2.750000 0 0 0 0 0.000000 0.000000 0.000000 0.000000
4.457702 -2.781296 -20.955000 1.000000 0.000000 0.000001 -0.000000 -0.000001 1.000000 -17.484375 3.281250 0 0 0 0 0.000000 0.000000 0.000000 0.000000
4.457702 -3.162296 -20.955000 1.000000 0.000000 0.000001 -0.000000 -0.000001 1.000000 -17.484375 3.593750 0 0 0 0 0.000000 0.000000 0.000000 0.000000
4.457702 -2.057396 -20.955000 1.000000 0.000000 0.000000 0.000000 -0.000000 1.000000 -17.484375 2.687500 0 0 0 0 0.000000 0.000000 0.000000 0.000000
4.457702 -2.133596 -20.955000 1.000000 0.000000 0.000000 0.000000 0.000000 1.000000 -17.484375 2.750000 0 0 0 0 0.000000 0.000000 0.000000 0.000000
4.457702 -2.057396 -20.078701 1.000000 0.000000 0.000000 -0.000000 -0.000000 1.000000 -16.765625 2.687500 0 0 0 0 0.000000 0.000000 0.000000 0.000000
4.267202 -3.162296 -21.107399 0.000000 0.000000 -1.000000 1.000000 0.000002 0.000000 4.250000 3.593750 0 0 0 0 0.000000 0.000000 0.000000 0.000000
4.267202 -3.809996 -21.107399 0.000000 0.000000 -1.000000 1.000000 0.000002 0.000000 4.250000 4.125000 0 0 0 0 0.000000 0.000000 0.000000 0.000000
4.457702 -3.809996 -21.107399 0.000000 0.000000 -1.000000 1.000000 0.000002 0.000000 4.406250 4.125000 0 0 0 0 0.000000 0.000000 0.000000 0.000000
4.457702 -3.162296 -21.107399 0.000000 0.000000 -1.000000 1.000000 0.000002 0.000000 4.406250 3.593750 0 0 0 0 0.000000 0.000000 0.000000 0.000000
4.267202 -2.133596 -21.107399 0.000000 0.000000 -1.000000 1.000000 -0.000000 0.000000 4.250000 2.750000 0 0 0 0 0.000000 0.000000 0.000000 0.000000
4.267202 -2.781296 -21.107399 0.000000 0.000000 -1.000000 1.000000 -0.000000 0.000000 4.250000 3.281250 0 0 0 0 0.000000 0.000000 0.000000 0.000000
4.457702 -2.781296 -21.107399 0.000000 0.000000 -1.000000 1.000000 0.000002 0.000000 4.406250 3.281250 0 0 0 0 0.000000 0.000000 0.000000 0.000000
4.457702 -2.133596 -21.107399 0.000000 0.000000 -1.000000 1.000000 -0.000000 0.000000 4.406250 2.750000 0 0 0 0 0.000000 0.000000 0.000000 0.000000
4.457702 -3.809996 -20.078701 -0.000000 1.000000 0.000000 1.000000 0.000000 0.000000 4.515625 16.375000 0 0 0 0 0.000000 0.000000 0.000000 0.000000
4.267202 -3.809996 -20.078701 -0.000000 1.000000 0.000000 1.000000 0.000000 0.000000 4.359375 16.375000 0 0 0 0 0.000000 0.000000 0.000000 0.000000
4.267202 -3.809996 -20.955000 -0.000000 1.000000 0.000000 1.000000 0.000000 0.000000 4.359375 17.093750 0 0 0 0 0.000000 0.000000 0.000000 0.000000
4.457702 -3.809996 -20.955000 -0.000000 1.000000 0.000000 1.000000 0.000000 0.000000 4.515625 17.093750 0 0 0 0 0.000000 0.000000 0.000000 0.000000
4.457702 -2.133596 -20.955000 0.000000 -1.000000 -0.000000 1.000000 0.000000 0.000000 4.515625 17.093750 0 0 0 0 0.000000 0.000000 0.000000 0.000000
4.267202 -2.133596 -20.955000 0.000000 -1.000000 -0.000000 1.000000 0.000000 0.000000 4.359375 17.093750 0 0 0 0 0.000000 0.000000 0.000000 0.000000
4.267202 -2.133596 -20.078701 0.000000 -1.000000 -0.000000 1.000000 0.000000 0.000000 4.359375 16.375000 0 0 0 0 0.000000 0.000000 0.000000 0.000000
4.457702 -2.133596 -20.078701 0.000000 -1.000000 -0.000000 1.000000 0.000000 0.000000 4.515625 16.375000 0 0 0 0 0.000000 0.000000 0.000000 0.000000
4.457702 -2.857496 -20.726400 -0.000000 -0.000000 1.000000 1.000000 -0.000000 0.000000 4.406250 3.343750 0 0 0 0 0.000000 0.000000 0.000000 0.000000
4.457702 -3.086097 -20.726400 -0.000000 -0.000000 1.000000 1.000000 -0.000000 0.000000 4.406250 3.531250 0 0 0 0 0.000000 0.000000 0.000000 0.000000
4.267202 -3.086097 -20.726400 -0.000000 -0.000000 1.000000 1.000000 -0.000000 0.000000 4.250000 3.531250 0 0 0 0 0.000000 0.000000 0.000000 0.000000
4.267202 -2.857496 -20.726400 -0.000000 -0.000000 1.000000 1.000000 -0.000000 0.000000 4.250000 3.343750 0 0 0 0 0.000000 0.000000 0.000000 0.000000
4.267202 -2.209796 -20.078701 0.000000 0.000000 -1.000000 1.000000 -0.000000 0.000000 4.250000 2.812500 0 0 0 0 0.000000 0.000000 0.000000 0.000000
4.267202 -3.733796 -20.078701 0.000000 0.000000 -1.000000 1.000000 -0.000000 0.000000 4.250000 4.062500 0 0 0 0 0.000000 0.000000 0.000000 0.000000
4.457702 -3.733796 -20.078701 0.000000 0.000000 -1.000000 1.000000 -0.000000 0.000000 4.406250 4.062500 0 0 0 0 0.000000 0.000000 0.000000 0.000000
4.457702 -2.209796 -20.078701 0.000000 0.000000 -1.000000 1.000000 -0.000000 0.000000 4.406250 2.812500 0 0 0 0 0.000000 0.000000 0.000000 0.000000
4.457702 -2.133596 -20.078701 -0.000000 0.707107 -0.707107 1.000000 0.000000 -0.000000 4.515625 16.000000 0 0 0 0 0.000000 0.000000 0.000000 0.000000
4.267202 -2.133596 -20.078701 -0.000000 0.707107 -0.707107 1.000000 0.000000 -0.000000 4.359375 16.000000 0 0 0 0 0.000000 0.000000 0.000000 0.000000
4.267202 -2.781296 -20.726400 -0.000000 0.707107 -0.707107 1.000000 0.000000 -0.000000 4.359375 16.531250 0 0 0 0 0.000000 0.000000 0.000000 0.000000
4.457702 -2.781296 -20.726400 -0.000000 0.707107 -0.707107 1.000000 0.000000 -0.000000 4.515625 16.531250 0 0 0 0 0.000000 0.000000 0.000000 0.000000
4.267202 -3.086097 -20.726400 -0.000000 0.707107 0.707106 1.000000 0.000000 0.000000 4.250000 17.375000 0 0 0 0 0.000000 0.000000 0.000000 0.000000
4.457702 -3.086097 -20.726400 -0.000000 0.707107 0.707106 1.000000 0.000000 0.000000 4.406250 17.375000 0 0 0 0 0.000000 0.000000 0.000000 0.000000
4.457702 -3.733796 -20.078701 -0.000000 0.707107 0.707106 1.000000 0.000000 0.000000 4.406250 16.843750 0 0 0 0 0.000000 0.000000 0.000000 0.000000
4.267202 -3.733796 -20.078701 -0.000000 0.707107 0.707106 1.000000 0.000000 0.000000 4.250000 16.843750 0 0 0 0 0.000000 0.000000 0.000000 0.000000
4.267202 -2.209796 -20.078701 0.000000 -0.707107 0.707107 1.000000 0.000000 -0.000000 4.250000 17.468750 0 0 0 0 0.000000 0.000000 0.000000 0.000000
4.457702 -2.209796 -20.078701 0.000000 -0.707107 0.707107 1.000000 0.000000 -0.000000 4.406250 17.468750 0 0 0 0 0.000000 0.000000 0.000000 0.000000
4.457702 -2.857496 -20.726400 0.000000 -0.707107 0.707107 1.000000 0.000000 -0.000000 4.406250 18.000000 0 0 0 0 0.000000 0.000000 0.000000 0.000000
4.267202 -2.857496 -20.726400 0.000000 -0.707107 0.707107 1.000000 0.000000 -0.000000 4.250000 18.000000 0 0 0 0 0.000000 0.000000 0.000000 0.000000
4.457702 -3.162296 -20.726400 0.000000 -0.707107 -0.707106 1.000000 0.000000 0.000000 4.406250 18.000000 0 0 0 0 0.000000 0.000000 0.000000 0.000000
4.267202 -3.162296 -20.726400 0.000000 -0.707107 -0.707106 1.000000 0.000000 0.000000 4.250000 18.000000 0 0 0 0 0.000000 0.000000 0.000000 0.000000
4.267202 -3.809996 -20.078701 0.000000 -0.707107 -0.707106 1.000000 0.000000 0.000000 4.250000 17.468750 0 0 0 0 0.000000 0.000000 0.000000 0.000000
4.457702 -3.809996 -20.078701 0.000000 -0.707107 -0.707106 1.000000 0.000000 0.000000 4.406250 17.468750 0 0 0 0 0.000000 0.000000 0.000000 0.000000
4.457702 -2.781296 -20.726400 -0.000000 1.000000 0.000000 1.000000 0.000000 0.000000 4.515625 16.906250 0 0 0 0 0.000000 0.000000 0.000000 0.000000
4.267202 -2.781296 -20.726400 -0.000000 1.000000 0.000000 1.000000 0.000000 0.000000 4.359375 16.906250 0 0 0 0 0.000000 0.000000 0.000000 0.000000
4.267202 -2.781296 -20.955000 -0.000000 1.000000 0.000000 1.000000 0.000000 0.000000 4.359375 17.093750 0 0 0 0 0.000000 0.000000 0.000000 0.000000
4.457702 -2.781296 -20.955000 -0.000000 1.000000 0.000000 1.000000 0.000000 0.000000 4.515625 17.093750 0 0 0 0 0.000000 0.000000 0.000000 0.000000
4.457702 -2.133596 -20.955000 -0.000000 -0.000000 1.000000 1.000000 -0.000000 0.000000 4.406250 2.750000 0 0 0 0 0.000000 0.000000 0.000000 0.000000
4.457702 -2.781296 -20.955000 -0.000000 -0.000000 1.000000 1.000000 -0.000000 0.000000 4.406250 3.281250 0 0 0 0 0.000000 0.000000 0.000000 0.000000
4.267202 -2.781296 -20.955000 -0.000000 -0.000000 1.000000 1.000000 -0.000000 0.000000 4.250000 3.281250 0 0 0 0 0.000000 0.000000 0.000000 0.000000
4.267202 -2.133596 -20.955000 -0.000000 -0.000000 1.000000 1.000000 -0.000000 0.000000 4.250000 2.750000 0 0 0 0 0.000000 0.000000 0.000000 0.000000
4.457702 -3.162296 -20.955000 0.000000 -1.000000 -0.000000 1.000000 0.000000 0.000000 4.515625 17.093750 0 0 0 0 0.000000 0.000000 0.000000 0.000000
4.267202 -3.162296 -20.955000 0.000000 -1.000000 -0.000000 1.000000 0.000000 0.000000 4.359375 17.093750 0 0 0 0 0.000000 0.000000 0.000000 0.000000
4.267202 -3.162296 -20.726400 0.000000 -1.000000 -0.000000 1.000000 0.000000 0.000000 4.359375 16.906250 0 0 0 0 0.000000 0.000000 0.000000 0.000000
4.457702 -3.162296 -20.726400 0.000000 -1.000000 -0.000000 1.000000 0.000000 0.000000 4.515625 16.906250 0 0 0 0 0.000000 0.000000 0.000000 0.000000
4.457702 -3.162296 -20.955000 -0.000000 -0.000000 1.000000 1.000000 -0.000000 0.000000 4.406250 3.593750 0 0 0 0 0.000000 0.000000 0.000000 0.000000
4.457702 -3.809996 -20.955000 -0.000000 -0.000000 1.000000 1.000000 -0.000000 0.000000 4.406250 4.125000 0 0 0 0 0.000000 0.000000 0.000000 0.000000
4.267202 -3.809996 -20.955000 -0.000000 -0.000000 1.000000 1.000000 -0.000000 0.000000 4.250000 4.125000 0 0 0 0 0.000000 0.000000 0.000000 0.000000
4.267202 -3.162296 -20.955000 -0.000000 -0.000000 1.000000 1.000000 -0.000000 0.000000 4.250000 3.593750 0 0 0 0 0.000000 0.000000 0.000000 0.000000
4.457702 -3.809996 -21.107399 -0.000000 1.000000 0.000000 1.000000 0.000000 -0.000000 4.515625 17.218750 0 0 0 0 0.000000 0.000000 0.000000 0.000000
4.267202 -3.809996 -21.107399 -0.000000 1.000000 0.000000 1.000000 0.000000 -0.000000 4.359375 17.218750 0 0 0 0 0.000000 0.000000 0.000000 0.000000
4.267202 -3.809996 -21.983698 -0.000000 1.000000 0.000000 1.000000 0.000000 0.000000 4.359375 17.937500 0 0 0 0 0.000000 0.000000 0.000000 0.000000
4.457702 -3.809996 -21.983698 -0.000000 1.000000 0.000000 1.000000 0.000000 -0.000000 4.515625 17.937500 0 0 0 0 0.000000 0.000000 0.000000 0.000000
4.457702 -2.133596 -21.983698 0.000000 -1.000000 -0.000000 1.000000 0.000000 0.000000 4.515625 17.937500 0 0 0 0 0.000000 0.000000 0.000000 0.000000
4.267202 -2.133596 -21.983698 0.000000 -1.000000 -0.000000 1.000000 0.000000 0.000000 4.359375 17.937500 0 0 0 0 0.000000 0.000000 0.000000 0.000000
4.267202 -2.133596 -21.107399 0.000000 -1.000000 -0.000000 1.000000 0.000000 0.000000 4.359375 17.218750 0 0 0 0 0.000000 0.000000 0.000000 0.000000
4.457702 -2.133596 -21.107399 0.000000 -1.000000 -0.000000 1.000000 0.000000 0.000000 4.515625 17.218750 0 0 0 0 0.000000 0.000000 0.000000 0.000000
4.457702 -2.209796 -21.983698 -0.000000 -0.000000 1.000000 1.000000 -0.000000 0.000000 4.406250 2.812500 0 0 0 0 0.000000 0.000000 0.000000 0.000000
4.457702 -3.733796 -21.983698 -0.000000 -0.000000 1.000000 1.000000 -0.000000 0.000000 4.406250 4.062500 0 0 0 0 0.000000 0.000000 0.000000 0.000000
4.267202 -3.733796 -21.983698 -0.000000 -0.000000 1.000000 1.000000 -0.000000 0.000000 4.250000 4.062500 0 0 0 0 0.000000 0.000000 0.000000 0.000000
4.267202 -2.209796 -21.983698 -0.000000 -0.000000 1.000000 1.000000 -0.000000 0.000000 4.250000 2.812500 0 0 0 0 0.000000 0.000000 0.000000 0.000000
4.267202 -2.857496 -21.336000 0.000000 0.000000 -1.000000 1.000000 -0.000000 0.000000 4.250000 3.343750 0 0 0 0 0.000000 0.000000 0.000000 0.000000
4.267202 -3.086096 -21.336000 0.000000 0.000000 -1.000000 1.000000 -0.000000 0.000000 4.250000 3.531250 0 0 0 0 0.000000 0.000000 0.000000 0.000000
4.457702 -3.086096 -21.336000 0.000000 0.000000 -1.000000 1.000000 -0.000000 0.000000 4.406250 3.531250 0 0 0 0 0.000000 0.000000 0.000000 0.000000
4.457702 -2.857496 -21.336000 0.000000 0.000000 -1.000000 1.000000 -0.000000 0.000000 4.406250 3.343750 0 0 0 0 0.000000 0.000000 0.000000 0.000000
4.457702 -3.162296 -21.336000 0.000000 -1.000000 -0.000000 1.000000 0.000000 0.000000 4.515625 17.406250 0 0 0 0 0.000000 0.000000 0.000000 0.000000
4.267202 -3.162296 -21.336000 0.000000 -1.000000 -0.000000 1.000000 0.000000 0.000000 4.359375 17.406250 0 0 0 0 0.000000 0.000000 0.000000 0.000000
4.267202 -3.162296 -21.107399 0.000000 -1.000000 -0.000000 1.000000 0.000000 -0.000000 4.359375 17.218750 0 0 0 0 0.000000 0.000000 0.000000 0.000000
4.457702 -3.162296 -21.107399 0.000000 -1.000000 -0.000000 1.000000 0.000000 0.000000 4.515625 17.218750 0 0 0 0 0.000000 0.000000 0.000000 0.000000
4.457702 -2.781296 -21.107399 -0.000000 1.000000 0.000000 1.000000 0.000000 -0.000000 4.515625 17.218750 0 0 0 0 0.000000 0.000000 0.000000 0.000000
4.267202 -2.781296 -21.107399 -0.000000 1.000000 0.000000 1.000000 0.000000 -0.000000 4.359375 17.218750 0 0 0 0 0.000000 0.000000 0.000000 0.000000
4.267202 -2.781296 -21.336000 -0.000000 1.000000 0.000000 1.000000 0.000000 0.000000 4.359375 17.406250 0 0 0 0 0.000000 0.000000 0.000000 0.000000
4.457702 -2.781296 -21.336000 -0.000000 1.000000 0.000000 1.000000 0.000000 -0.000000 4.515625 17.406250 0 0 0 0 0.000000 0.000000 0.000000 0.000000
4.267202 -2.133596 -21.983698 -0.000000 0.707106 0.707107 1.000000 0.000000 0.000000 4.250000 18.406250 0 0 0 0 0.000000 0.000000 0.000000 0.000000
4.457702 -2.133596 -21.983698 -0.000000 0.707106 0.707107 1.000000 0.000000 0.000000 4.406250 18.406250 0 0 0 0 0.000000 0.000000 0.000000 0.000000
4.457702 -2.781296 -21.336000 -0.000000 0.707106 0.707107 1.000000 0.000000 0.000000 4.406250 17.875000 0 0 0 0 0.000000 0.000000 0.000000 0.000000
4.267202 -2.781296 -21.336000 -0.000000 0.707106 0.707107 1.000000 0.000000 0.000000 4.250000 17.875000 0 0 0 0 0.000000 0.000000 0.000000 0.000000
4.457702 -3.086096 -21.336000 -0.000000 0.707107 -0.707107 1.000000 0.000000 -0.000000 4.515625 17.031250 0 0 0 0 0.000000 0.000000 0.000000 0.000000
4.267202 -3.086096 -21.336000 -0.000000 0.707107 -0.707107 1.000000 0.000000 -0.000000 4.359375 17.031250 0 0 0 0 0.000000 0.000000 0.000000 0.000000
4.267202 -3.733796 -21.983698 -0.000000 0.707107 -0.707107 1.000000 0.000000 -0.000000 4.359375 17.562500 0 0 0 0 0.000000 0.000000 0.000000 0.000000
4.457702 -3.733796 -21.983698 -0.000000 0.707107 -0.707107 1.000000 0.000000 -0.000000 4.515625 17.562500 0 0 0 0 0.000000 0.000000 0.000000 0.000000
4.457702 -2.209796 -21.983698 0.000000 -0.707106 -0.707107 1.000000 0.000000 0.000000 4.406250 19.031250 0 0 0 0 0.000000 0.000000 0.000000 0.000000
4.267202 -2.209796 -21.983698 0.000000 -0.707106 -0.707107 1.000000 0.000000 0.000000 4.250000 19.031250 0 0 0 0 0.000000 0.000000 0.000000 0.000000
4.267202 -2.857496 -21.336000 0.000000 -0.707106 -0.707107 1.000000 0.000000 0.000000 4.250000 18.500000 0 0 0 0 0.000000 0.000000 0.000000 0.000000
4.457702 -2.857496 -21.336000 0.000000 -0.707106 -0.707107 1.000000 0.000000 0.000000 4.406250 18.500000 0 0 0 0 0.000000 0.000000 0.000000 0.000000
4.267202 -3.162296 -21.336000 0.000000 -0.707107 0.707107 1.000000 0.000000 -0.000000 4.250000 18.500000 0 0 0 0 0.000000 0.000000 0.000000 0.000000
4.457702 -3.162296 -21.336000 0.000000 -0.707107 0.707107 1.000000 0.000000 -0.000000 4.406250 18.500000 0 0 0 0 0.000000 0.000000 0.000000 0.000000
4.457702 -3.809996 -21.983698 0.000000 -0.707107 0.707107 1.000000 0.000000 -0.000000 4.406250 19.031250 0 0 0 0 0.000000 0.000000 0.000000 0.000000
4.267202 -3.809996 -21.983698 0.000000 -0.707107 0.707107 1.000000 0.000000 -0.000000 4.250000 19.031250 0 0 0 0 0.000000 0.000000 0.000000 0.000000
3.162302 -1.828796 -22.250401 1.000000 0.000000 0.000000 -0.000000 -0.000001 1.000000 -18.546875 2.000000 0 0 0 0 0.000000 0.000000 0.000000 0.000000
3.162302 -1.943096 -22.250401 1.000000 0.000000 0.000000 -0.000000 -0.000001 1.000000 -18.546875 2.093750 0 0 0 0 0.000000 0.000000 0.000000 0.000000
3.162302 -1.943096 -22.136101 1.000000 0.000000 0.000000 -0.000000 -0.000001 1.000000 -18.453125 2.093750 0 0 0 0 0.000000 0.000000 0.000000 0.000000
3.162302 -1.828796 -22.136101 1.000000 0.000000 0.000000 -0.000000 -0.000001 1.000000 -18.453125 2.000000 0 0 0 0 0.000000 0.000000 0.000000 0.000000
3.162302 -1.828796 -19.926300 1.000000 0.000000 0.000000 -0.000000 -0.000000 1.000000 -16.640625 2.000000 0 0 0 0 0.000000 0.000000 0.000000 0.000000
3.162302 -1.943096 -19.926300 1.000000 0.000000 0.000000 -0.000000 -0.000000 1.000000 -16.640625 2.093750 0 0 0 0 0.000000 0.000000 0.000000 0.000000
3.162302 -1.943096 -19.812000 1.000000 0.000000 0.000000 -0.000000 -0.000000 1.000000 -16.546875 2.093750 0 0 0 0 0.000000 0.000000 0.000000 0.000000
3.162302 -1.828796 -19.812000 1.000000 0.000000 0.000000 -0.000000 -0.000000 1.000000 -16.546875 2.000000 0 0 0 0 0.000000 0.000000 0.000000 0.000000
3.048002 -1.828796 -19.926300 0.000000 0.000000 -1.000000 1.000000 -0.000000 0.000000 3.250000 2.000000 0 0 0 0 0.000000 0.000000 0.000000 0.000000
3.048002 -1.943096 -19.926300 0.000000 0.000000 -1.000000 1.000000 -0.000000 0.000000 3.250000 2.093750 0 0 0 0 0.000000 0.000000 0.000000 0.000000
3.162302 -1.943096 -19.926300 0.000000 0.000000 -1.000000 1.000000 -0.000000 0.000000 3.343750 2.093750 0 0 0 0 0.000000 0.000000 0.000000 0.000000
3.162302 -1.828796 -19.926300 0.000000 0.000000 -1.000000 1.000000 -0.000000 0.000000 3.343750 2.000000 0 0 0 0 0.000000 0.000000 0.000000 0.000000
3.162302 -1.943096 -19.926300 0.000000 -1.000000 -0.000000 1.000000 0.000000 0.000000 3.453125 16.750000 0 0 0 0 0.000000 0.000000 0.000000 0.000000
3.048002 -1.943096 -19.926300 0.000000 -1.000000 -0.000000 1.000000 0.000000 0.000000 3.359375 16.750000 0 0 0 0 0.000000 0.000000 0.000000 0.000000
3.048002 -1.943096 -19.812000 0.000000 -1.000000 -0.000000 1.000000 0.000000 0.000000 3.359375 16.656250 0 0 0 0 0.000000 0.000000 0.000000 0.000000
3.162302 -1.943096 -19.812000 0.000000 -1.000000 -0.000000 1.000000 0.000000 0.000000 3.453125 16.656250 0 0 0 0 0.000000 0.000000 0.000000 0.000000
3.162302 -1.828796 -22.136101 -0.000000 -0.000000 1.000000 1.000000 -0.000000 0.000000 3.343750 2.000000 0 0 0 0 0.000000 0.000000 0.000000 0.000000
3.162302 -1.943096 -22.136101 -0.000000 -0.000000 1.000000 1.000000 -0.000000 0.000000 3.343750 2.093750 0 0 0 0 0.000000 0.000000 0.000000 0.000000
3.048002 -1.943096 -22.136101 -0.000000 -0.000000 1.000000 1.000000 -0.000000 0.000000 3.250000 2.093750 0 0 0 0 0.000000 0.000000 0.000000 0.000000
3.048002 -1.828796 -22.136101 -0.000000 -0.000000 1.000000 1.000000 -0.000000 0.000000 3.250000 2.000000 0 0 0 0 0.000000 0.000000 0.000000 0.000000
3.162302 -1.943096 -22.250401 0.000000 -1.000000 -0.000000 1.000000 0.000000 0.000000 3.453125 18.656250 0 0 0 0 0.000000 0.000000 0.000000 0.000000
3.048002 -1.943096 -22.250401 0.000000 -1.000000 -0.000000 1.000000 0.000000 0.000000 3.359375 18.656250 0 0 0 0 0.000000 0.000000 0.000000 0.000000
3.048002 -1.943096 -22.136101 0.000000 -1.000000 -0.000000 1.000000 0.000000 0.000000 3.359375 18.562500 0 0 0 0 0.000000 0.000000 0.000000 0.000000
3.162302 -1.943096 -22.136101 0.000000 -1.000000 -0.000000 1.000000 0.000000 0.000000 3.453125 18.562500 0 0 0 0 0.000000 0.000000 0.000000 0.000000
2.209802 -0.571496 -21.145500 0.000000 -1.000000 -0.000000 1.000000 0.000000 -0.000016 2.671875 17.750000 0 0 0 0 0.000000 0.000000 0.000000 0.000000
2.209802 -0.571496 -20.878798 0.000000 -1.000000 -0.000000 1.000000 0.000000 -0.000016 2.671875 17.531250 0 0 0 0 0.000000 0.000000 0.000000 0.000000
2.362202 -0.571496 -20.612099 0.000000 -1.000000 -0.000000 1.000000 0.000000 -0.000016 2.796875 17.312500 0 0 0 0 0.000000 0.000000 0.000000 0.000000
2.628902 -0.571496 -20.459700 0.000000 -1.000000 -0.000000 1.000000 0.000000 -0.000002 3.015625 17.187500 0 0 0 0 0.000000 0.000000 0.000000 0.000000
2.628902 -0.571496 -21.564600 0.000000 -1.000000 -0.000000 1.000000 0.000000 -0.000000 3.015625 18.093750 0 0 0 0 0.000000 0.000000 0.000000 0.000000
2.362202 -0.571496 -21.412201 0.000000 -1.000000 -0.000000 1.000000 0.000000 0.000019 2.796875 17.968750 0 0 0 0 0.000000 0.000000 0.000000 0.000000
1.295402 -1.828796 -22.136101 -1.000000 -0.000000 -0.000000 -0.000000 -0.000000 1.000000 -18.453125 2.000000 0 0 0 0 0.000000 0.000000 0.000000 0.000000
1.295402 -1.943096 -22.136101 -1.000000 -0.000000 -0.000000 -0.000000 -0.000000 1.000000 -18.453125 2.093750 0 0 0 0 0.000000 0.000000 0.000000 0.000000
1.295402 -1.943096 -22.250401 -1.000000 -0.000000 -0.000000 -0.000000 -0.000000 1.000000 -18.546875 2.093750 0 0 0 0 0.000000 0.000000 0.000000 0.000000
1.295402 -1.828796 -22.250401 -1.000000 -0.000000 -0.000000 -0.000000 -0.000000 1.000000 -18.546875 2.000000 0 0 0 0 0.000000 0.000000 0.000000 0.000000
1.295402 -1.828797 -19.812000 -1.000000 -0.000000 -0.000000 -0.000000 -0.000000 1.000000 -16.546875 2.000000 0 0 0 0 0.000000 0.000000 0.000000 0.000000
1.295402 -1.943097 -19.812000 -1.000000 -0.000000 -0.000000 -0.000000 -0.000000 1.000000 -16.546875 2.093750 0 0 0 0 0.000000 0.000000 0.000000 0.000000
1.295402 -1.943097 -19.926300 -1.000000 -0.000000 -0.000000 -0.000000 -0.000000 1.000000 -16.640625 2.093750 0 0 0 0 0.000000 0.000000 0.000000 0.000000
1.295402 -1.828797 -19.926300 -1.000000 -0.000000 -0.000000 -0.000000 -0.000000 1.000000 -16.640625 2.000000 0 0 0 0 0.000000 0.000000 0.000000 0.000000
1.295402 -1.828797 -19.926300 0.000000 0.000000 -1.000000 1.000000 -0.000000 0.000000 1.812500 2.000000 0 0 0 0 0.000000 0.000000 0.000000 0.000000
1.295402 -1.943097 -19.926300 0.000000 0.000000 -1.000000 1.000000 -0.000000 0.000000 1.812500 2.093750 0 0 0 0 0.000000 0.000000 0.000000 0.000000
1.409702 -1.943097 -19.926300 0.000000 0.000000 -1.000000 1.000000 -0.000000 0.000000 1.906250 2.093750 0 0 0 0 0.000000 0.000000 0.000000 0.000000
1.409702 -1.828797 -19.926300 0.000000 0.000000 -1.000000 1.000000 -0.000000 0.000000 1.906250 2.000000 0 0 0 0 0.000000 0.000000 0.000000 0.000000
1.409702 -1.943097 -19.926300 0.000000 -1.000000 -0.000000 1.000000 0.000000 0.000000 2.015625 16.750000 0 0 0 0 0.000000 0.000000 0.000000 0.000000
1.295402 -1.943097 -19.926300 0.000000 -1.000000 -0.000000 1.000000 0.000000 0.000000 1.921875 16.750000 0 0 0 0 0.000000 0.000000 0.000000 0.000000
1.295402 -1.943097 -19.812000 0.000000 -1.000000 -0.000000 1.000000 0.000000 0.000000 1.921875 16.656250 0 0 0 0 0.000000 0.000000 0.000000 0.000000
1.409702 -1.943097 -19.812000 0.000000 -1.000000 -0.000000 1.000000 0.000000 0.000000 2.015625 16.656250 0 0 0 0 0.000000 0.000000 0.000000 0.000000
1.409702 -1.828796 -22.136101 -0.000000 -0.000000 1.000000 1.000000 -0.000000 0.000000 1.906250 2.000000 0 0 0 0 0.000000 0.000000 0.000000 0.000000
1.409702 -1.943096 -22.136101 -0.000000 -0.000000 1.000000 1.000000 -0.000000 0.000000 1.906250 2.093750 0 0 0 0 0.000000 0.000000 0.000000 0.000000
1.295402 -1.943096 -22.136101 -0.000000 -0.000000 1.000000 1.000000 -0.000000 0.000000 1.812500 2.093750 0 0 0 0 0.000000 0.000000 0.000000 0.000000
1.295402 -1.828796 -22.136101 -0.000000 -0.000000 1.000000 1.000000 -0.000000 0.000000 1.812500 2.000000 0 0 0 0 0.000000 0.000000 0.000000 0.000000
1.409702 -1.943096 -22.250401 0.000000 -1.000000 -0.000000 1.000000 0.000000 -0.000000 2.015625 18.656250 0 0 0 0 0.000000 0.000000 0.000000 0.000000
1.295402 -1.943096 -22.250401 0.000000 -1.000000 -0.000000 1.000000 0.000000 -0.000000 1.921875 18.656250 0 0 0 0 0.000000 0.000000 0.000000 0.000000
1.295402 -1.943096 -22.136101 0.000000 -1.000000 -0.000000 1.000000 0.000000 0.000000 1.921875 18.562500 0 0 0 0 0.000000 0.000000 0.000000 0.000000
1.409702 -1.943096 -22.136101 0.000000 -1.000000 -0.000000 1.000000 0.000000 -0.000000 2.015625 18.562500 0 0 0 0 0.000000 0.000000 0.000000 0.000000
0.533402 -2.057397 -20.078701 1.000000 0.000000 -0.000000 -0.000000 1.000000 0.000001 -16.687500 2.687500 0 0 0 0 0.000000 0.000000 0.000000 0.000000
0.533402 -2.133597 -20.078701 1.000000 0.000000 -0.000000 -0.000000 1.000000 -0.000000 -16.687500 2.750000 0 0 0 0 0.000000 0.000000 0.000000 0.000000
0.533402 -2.209797 -20.078701 1.000000 0.000000 -0.000000 -0.000000 1.000000 -0.000000 -16.687500 2.812500 0 0 0 0 0.000000 0.000000 0.000000 0.000000
0.533402 -3.733797 -20.078701 1.000000 0.000000 -0.000000 -0.000000 1.000000 0.000001 -16.687500 4.062500 0 0 0 0 0.000000 0.000000 0.000000 0.000000
0.533402 -3.809997 -20.078701 1.000000 0.000000 -0.000000 -0.000000 1.000000 0.000008 -16.687500 4.125000 0 0 0 0 0.000000 0.000000 0.000000 0.000000
0.533402 -3.886197 -20.078701 1.000000 0.000000 -0.000000 -0.000000 1.000000 0.000001 -16.687500 4.187500 0 0 0 0 0.000000 0.000000 0.000000 0.000000
0.533402 -3.886197 -20.002501 1.000000 0.000000 -0.000000 0.000000 0.000000 1.000000 -16.625000 4.187500 0 0 0 0 0.000000 0.000000 0.000000 0.000000
0.533402 -2.057397 -20.002499 1.000000 0.000000 -0.000000 0.000000 0.000000 1.000000 -16.625000 2.687500 0 0 0 0 0.000000 0.000000 0.000000 0.000000
0.533402 -3.086097 -20.726400 1.000000 0.000000 0.000000 -0.000000 -0.000001 1.000000 -17.218750 3.531250 0 0 0 0 0.000000 0.000000 0.000000 0.000000
0.533402 -3.162297 -20.726400 1.000000 0.000000 0.000000 -0.000000 -0.000001 1.000000 -17.218750 3.593750 0 0 0 0 0.000000 0.000000 0.000000 0.000000
0.533402 -3.809997 -20.078701 1.000000 0.000000 0.000000 -0.000000 -0.000000 1.000000 -16.687500 4.125000 0 0 0 0 0.000000 0.000000 0.000000 0.000000
0.533402 -3.733797 -20.078701 1.000000 0.000000 0.000000 -0.000000 -0.000001 1.000000 -16.687500 4.062500 0 0 0 0 0.000000 0.000000 0.000000 0.000000
0.533402 -3.809997 -20.955000 1.000000 0.000000 0.000000 -0.000000 -0.000000 1.000000 -17.406250 4.125000 0 0 0 0 0.000000 0.000000 0.000000 0.000000
0.533402 -3.886197 -20.955000 1.000000 0.000000 0.000000 -0.000000 -0.000000 1.000000 -17.406250 4.187500 0 0 0 0 0.000000 0.000000 0.000000 0.000000
0.533402 -3.886197 -20.078701 1.000000 0.000000 0.000000 -0.000000 -0.000000 1.000000 -16.687500 4.187500 0 0 0 0 0.000000 0.000000 0.000000 0.000000
0.533402 -2.781297 -20.726400 1.000000 0.000000 0.000000 -0.000000 0.000001 1.000000 -17.218750 3.281250 0 0 0 0 0.000000 0.000000 0.000000 0.000000
0.533402 -2.857497 -20.726400 1.000000 0.000000 0.000000 -0.000000 0.000001 1.000000 -17.218750 3.343750 0 0 0 0 0.000000 0.000000 0.000000 0.000000
0.533402 -2.209797 -20.078701 1.000000 0.000000 0.000000 -0.000000 0.000001 1.000000 -16.687500 2.812500 0 0 0 0 0.000000 0.000000 0.000000 0.000000
0.533402 -2.133597 -20.078701 1.000000 0.000000 0.000000 -0.000000 0.000001 1.000000 -16.687500 2.750000 0 0 0 0 0.000000 0.000000 0.000000 0.000000
0.533402 -2.781297 -20.955000 1.000000 0.000000 0.000000 -0.000000 0.000000 1.000000 -17.406250 3.281250 0 0 0 0 0.000000 0.000000 0.000000 0.000000
0.533402 -3.162297 -20.955000 1.000000 0.000000 0.000000 -0.000000 0.000000 1.000000 -17.406250 3.593750 0 0 0 0 0.000000 0.000000 0.000000 0.000000
0.533402 -2.057396 -20.955000 1.000000 0.000000 0.000000 -0.000000 -0.000000 1.000000 -17.406250 2.687500 0 0 0 0 0.000000 0.000000 0.000000 0.000000
0.533402 -2.133596 -20.955000 1.000000 0.000000 0.000000 -0.000000 -0.000000 1.000000 -17.406250 2.750000 0 0 0 0 0.000000 0.000000 0.000000 0.000000
0.533402 -2.057397 -20.078701 1.000000 0.000000 0.000000 -0.000000 -0.000000 1.000000 -16.687500 2.687500 0 0 0 0 0.000000 0.000000 0.000000 0.000000
0.533402 -2.057396 -22.059900 1.000000 0.000000 0.000001 -0.000001 -0.000000 1.000000 -18.312500 2.687500 0 0 0 0 0.000000 0.000000 0.000000 0.000000
0.533402 -3.886196 -22.059900 1.000000 0.000000 0.000001 -0.000001 -0.000000 1.000000 -18.312500 4.187500 0 0 0 0 0.000000 0.000000 0.000000 0.000000
0.533402 -3.886196 -21.983698 1.000000 0.000000 0.000001 -0.000000 -0.000000 1.000000 -18.250000 4.187500 0 0 0 0 0.000000 0.000000 0.000000 0.000000
0.533402 -3.809996 -21.983698 1.000000 0.000000 0.000001 -0.000000 -0.000000 1.000000 -18.250000 4.125000 0 0 0 0 0.000000 0.000000 0.000000 0.000000
0.533402 -3.733796 -21.983698 1.000000 0.000000 0.000001 -0.000000 -0.000000 1.000000 -18.250000 4.062500 0 0 0 0 0.000000 0.000000 0.000000 0.000000
0.533402 -2.209796 -21.983698 1.000000 0.000000 0.000001 -0.000000 0.000001 1.000000 -18.250000 2.812500 0 0 0 0 0.000000 0.000000 0.000000 0.000000
0.533402 -2.133596 -21.983698 1.000000 0.000000 0.000001 -0.000000 -0.000000 1.000000 -18.250000 2.750000 0 0 0 0 0.000000 0.000000 0.000000 0.000000
0.533402 -2.057396 -21.983698 1.000000 0.000000 0.000001 -0.000000 -0.000000 1.000000 -18.250000 2.687500 0 0 0 0 0.000000 0.000000 0.000000 0.000000
0.533402 -3.886197 -21.107399 1.000000 0.000000 0.000000 -0.000000 -0.000000 1.000000 -17.531250 4.187500 0 0 0 0 0.000000 0.000000 0.000000 0.000000
0.533402 -3.809997 -21.107399 1.000000 0.000000 0.000000 -0.000000 -0.000000 1.000000 -17.531250 4.125000 0 0 0 0 0.000000 0.000000 0.000000 0.000000
0.533402 -3.162296 -21.336000 1.000000 0.000000 0.000000 -0.000000 -0.000000 1.000000 -17.718750 3.593750 0 0 0 0 0.000000 0.000000 0.000000 0.000000
0.533402 -3.086097 -21.336000 1.000000 0.000000 0.000000 -0.000000 -0.000000 1.000000 -17.718750 3.531250 0 0 0 0 0.000000 0.000000 0.000000 0.000000
0.533402 -2.857496 -21.336000 1.000000 0.000000 0.000000 -0.000000 -0.000001 1.000000 -17.718750 3.343750 0 0 0 0 0.000000 0.000000 0.000000 0.000000
0.533402 -2.781296 -21.336000 1.000000 0.000000 0.000000 -0.000000 -0.000002 1.000000 -17.718750 3.281250 0 0 0 0 0.000000 0.000000 0.000000 0.000000
0.533402 -3.162297 -21.107399 1.000000 0.000000 0.000000 -0.000000 -0.000001 1.000000 -17.531250 3.593750 0 0 0 0 0.000000 0.000000 0.000000 0.000000
0.533402 -2.781297 -21.107399 1.000000 0.000000 0.000000 -0.000000 -0.000000 1.000000 -17.531250 3.281250 0 0 0 0 0.000000 0.000000 0.000000 0.000000
0.533402 -2.133596 -21.107399 1.000000 0.000000 0.000000 -0.000000 -0.000000 1.000000 -17.531250 2.750000 0 0 0 0 0.000000 0.000000 0.000000 0.000000
0.533402 -2.057396 -21.107399 1.000000 0.000000 0.000000 -0.000000 -0.000000 1.000000 -17.531250 2.687500 0 0 0 0 0.000000 0.000000 0.000000 0.000000
0.533402 -3.886197 -20.955000 1.000000 0.000000 -0.000000 0.000000 -1.000000 -0.000000 -17.406250 4.187500 0 0 0 0 0.000000 0.000000 0.000000 0.000000
0.533402 -3.809997 -20.955000 1.000000 0.000000 -0.000000 0.000000 -1.000000 0.000000 -17.406250 4.125000 0 0 0 0 0.000000 0.000000 0.000000 0.000000
0.533402 -3.162297 -20.955000 1.000000 0.000000 -0.000000 0.000000 -1.000000 0.000000 -17.406250 3.593750 0 0 0 0 0.000000 0.000000 0.000000 0.000000
0.533402 -2.781297 -20.955000 1.000000 0.000000 -0.000000 0.000000 -1.000000 -0.000000 -17.406250 3.281250 0 0 0 0 0.000000 0.000000 0.000000 0.000000
0.533402 -2.133596 -20.955000 1.000000 0.000000 -0.000000 0.000000 -1.000000 -0.000000 -17.406250 2.750000 0 0 0 0 0.000000 0.000000 0.000000 0.000000
0.533402 -2.057396 -20.955000 1.000000 0.000000 -0.000000 0.000000 -1.000000 -0.000000 -17.406250 2.687500 0 0 0 0 0.000000 0.000000 0.000000 0.000000
0.342902 -2.057397 -20.002499 -1.000000 -0.000000 -0.000001 -0.000001 -0.000000 1.000000 -16.703125 2.687500 0 0 0 0 0.000000 0.000000 0.000000 0.000000
0.342902 -3.886197 -20.002501 -1.000000 -0.000000 -0.000001 -0.000001 -0.000000 1.000000 -16.703125 4.187500 0 0 0 0 0.000000 0.000000 0.000000 0.000000
0.342902 -3.886197 -20.078701 -1.000000 -0.000000 -0.000001 -0.000000 -0.000000 1.000000 -16.765625 4.187500 0 0 0 0 0.000000 0.000000 0.000000 0.000000
0.342902 -3.809997 -20.078701 -1.000000 -0.000000 -0.000001 -0.000000 0.000000 1.000000 -16.765625 4.125000 0 0 0 0 0.000000 0.000000 0.000000 0.000000
0.342902 -3.733797 -20.078701 -1.000000 -0.000000 -0.000001 -0.000000 0.000000 1.000000 -16.765625 4.062500 0 0 0 0 0.000000 0.000000 0.000000 0.000000
0.342902 -2.209797 -20.078701 -1.000000 -0.000000 -0.000001 -0.000000 -0.000001 1.000000 -16.765625 2.812500 0 0 0 0 0.000000 0.000000 0.000000 0.000000
0.342902 -2.133597 -20.078701 -1.000000 -0.000000 -0.000001 -0.000000 0.000000 1.000000 -16.765625 2.750000 0 0 0 0 0.000000 0.000000 0.000000 0.000000
0.342902 -2.057397 -20.078701 -1.000000 -0.000000 -0.000001 -0.000000 -0.000000 1.000000 -16.765625 2.687500 0 0 0 0 0.000000 0.000000 0.000000 0.000000
0.342902 -3.886197 -20.955000 -1.000000 -0.000000 -0.000000 -0.000000 -0.000000 1.000000 -17.484375 4.187500 0 0 0 0 0.000000 0.000000 0.000000 0.000000
0.342902 -3.809997 -20.955000 -1.000000 -0.000000 -0.000000 -0.000000 -0.000000 1.000000 -17.484375 4.125000 0 0 0 0 0.000000 0.000000 0.000000 0.000000
0.342902 -3.162297 -20.726400 -1.000000 -0.000000 -0.000000 -0.000000 -0.000000 1.000000 -17.296875 3.593750 0 0 0 0 0.000000 0.000000 0.000000 0.000000
0.342902 -3.086097 -20.726400 -1.000000 -0.000000 -0.000000 -0.000000 -0.000000 1.000000 -17.296875 3.531250 0 0 0 0 0.000000 0.000000 0.000000 0.000000
0.342902 -2.857497 -20.726400 -1.000000 -0.000000 -0.000000 -0.000000 0.000001 1.000000 -17.296875 3.343750 0 0 0 0 0.000000 0.000000 0.000000 0.000000
0.342902 -2.781297 -20.726400 -1.000000 -0.000000 -0.000000 -0.000000 0.000001 1.000000 -17.296875 3.281250 0 0 0 0 0.000000 0.000000 0.000000 0.000000
0.342902 -2.781297 -20.726400 -1.000000 -0.000000 -0.000000 -0.000000 1.000000 0.000000 -17.296875 3.281250 0 0 0 0 0.000000 0.000000 0.000000 0.000000
0.342902 -2.857497 -20.726400 -1.000000 -0.000000 -0.000000 -0.000000 1.000000 0.000000 -17.296875 3.343750 0 0 0 0 0.000000 0.000000 0.000000 0.000000
0.342902 -3.086097 -20.726400 -1.000000 -0.000000 -0.000000 -0.000000 1.000000 -0.000000 -17.296875 3.531250 0 0 0 0 0.000000 0.000000 0.000000 0.000000
0.342902 -3.162297 -20.726400 -1.000000 -0.000000 -0.000000 -0.000000 1.000000 0.000000 -17.296875 3.593750 0 0 0 0 0.000000 0.000000 0.000000 0.000000
0.342902 -3.162297 -20.955000 -1.000000 -0.000000 -0.000000 -0.000000 0.000000 1.000000 -17.484375 3.593750 0 0 0 0 0.000000 0.000000 0.000000 0.000000
0.342902 -2.781297 -20.955000 -1.000000 -0.000000 -0.000000 -0.000000 0.000000 1.000000 -17.484375 3.281250 0 0 0 0 0.000000 0.000000 0.000000 0.000000
0.342902 -2.133596 -20.955000 -1.000000 -0.000000 -0.000000 -0.000000 -0.000000 1.000000 -17.484375 2.750000 0 0 0 0 0.000000 0.000000 0.000000 0.000000
0.342902 -2.057396 -20.955000 -1.000000 -0.000000 -0.000000 -0.000000 -0.000000 1.000000 -17.484375 2.687500 0 0 0 0 0.000000 0.000000 0.000000 0.000000
0.342902 -2.057396 -21.983698 -1.000000 -0.000000 0.000000 -0.000000 1.000000 0.000000 -18.328125 2.687500 0 0 0 0 0.000000 0.000000 0.000000 0.000000
0.342902 -2.133596 -21.983698 -1.000000 -0.000000 0.000000 -0.000000 1.000000 0.000000 -18.328125 2.750000 0 0 0 0 0.000000 0.000000 0.000000 0.000000
0.342902 -2.209796 -21.983698 -1.000000 -0.000000 0.000000 -0.000000 1.000000 0.000000 -18.328125 2.812500 0 0 0 0 0.000000 0.000000 0.000000 0.000000
0.342902 -3.733796 -21.983698 -1.000000 -0.000000 0.000000 -0.000000 1.000000 -0.000000 -18.328125 4.062500 0 0 0 0 0.000000 0.000000 0.000000 0.000000
0.342902 -3.809996 -21.983698 -1.000000 -0.000000 0.000000 -0.000000 1.000000 0.000000 -18.328125 4.125000 0 0 0 0 0.000000 0.000000 0.000000 0.000000
0.342902 -3.886196 -21.983698 -1.000000 -0.000000 0.000000 -0.000000 1.000000 0.000000 -18.328125 4.187500 0 0 0 0 0.000000 0.000000 0.000000 0.000000
0.342902 -3.886196 -22.059900 -1.000000 -0.000000 0.000000 0.000000 0.000000 1.000000 -18.390625 4.187500 0 0 0 0 0.000000 0.000000 0.000000 0.000000
0.342902 -2.057396 -22.059900 -1.000000 -0.000000 0.000000 0.000000 0.000000 1.000000 -18.390625 2.687500 0 0 0 0 0.000000 0.000000 0.000000 0.000000
0.342902 -3.809997 -21.107399 -1.000000 -0.000000 -0.000000 -0.000000 -0.000000 1.000000 -17.609375 4.125000 0 0 0 0 0.000000 0.000000 0.000000 0.000000
0.342902 -3.886197 -21.107399 -1.000000 -0.000000 -0.000000 -0.000000 -0.000000 1.000000 -17.609375 4.187500 0 0 0 0 0.000000 0.000000 0.000000 0.000000
0.342902 -3.886196 -21.983698 -1.000000 -0.000000 -0.000000 -0.000000 -0.000000 1.000000 -18.328125 4.187500 0 0 0 0 0.000000 0.000000 0.000000 0.000000
0.342902 -3.809996 -21.983698 -1.000000 -0.000000 -0.000000 -0.000000 -0.000000 1.000000 -18.328125 4.125000 0 0 0 0 0.000000 0.000000 0.000000 0.000000
0.342902 -3.086097 -21.336000 -1.000000 -0.000000 -0.000000 -0.000000 0.000000 1.000000 -17.796875 3.531250 0 0 0 0 0.000000 0.000000 0.000000 0.000000
0.342902 -3.162297 -21.336000 -1.000000 -0.000000 -0.000000 -0.000000 0.000000 1.000000 -17.796875 3.593750 0 0 0 0 0.000000 0.000000 0.000000 0.000000
0.342902 -3.733796 -21.983698 -1.000000 -0.000000 -0.000000 -0.000000 -0.000000 1.000000 -18.328125 4.062500 0 0 0 0 0.000000 0.000000 0.000000 0.000000
0.342902 -2.781297 -21.336000 -1.000000 -0.000000 -0.000000 -0.000000 -0.000001 1.000000 -17.796875 3.281250 0 0 0 0 0.000000 0.000000 0.000000 0.000000
0.342902 -2.857497 -21.336000 -1.000000 -0.000000 -0.000000 -0.000000 -0.000001 1.000000 -17.796875 3.343750 0 0 0 0 0.000000 0.000000 0.000000 0.000000
0.342902 -2.209796 -21.983698 -1.000000 -0.000000 -0.000000 -0.000000 -0.000001 1.000000 -18.328125 2.812500 0 0 0 0 0.000000 0.000000 0.000000 0.000000
0.342902 -2.133596 -21.983698 -1.000000 -0.000000 -0.000000 -0.000000 -0.000001 1.000000 -18.328125 2.750000 0 0 0 0 0.000000 0.000000 0.000000 0.000000
0.342902 -2.781297 -21.107399 -1.000000 -0.000000 -0.000000 -0.000000 0.000001 1.000000 -17.609375 3.281250 0 0 0 0 0.000000 0.000000 0.000000 0.000000
0.342902 -3.162297 -21.107399 -1.000000 -0.000000 -0.000000 -0.000000 0.000001 1.000000 -17.609375 3.593750 0 0 0 0 0.000000 0.000000 0.000000 0.000000
0.342902 -2.057396 -21.107399 -1.000000 -0.000000 -0.000000 -0.000000 -0.000000 1.000000 -17.609375 2.687500 0 0 0 0 0.000000 0.000000 0.000000 0.000000
0.342902 -2.133596 -21.107399 -1.000000 -0.000000 -0.000000 -0.000000 -0.000000 1.000000 -17.609375 2.750000 0 0 0 0 0.000000 0.000000 0.000000 0.000000
0.342902 -2.057396 -21.983698 -1.000000 -0.000000 -0.000000 -0.000000 -0.000000 1.000000 -18.328125 2.687500 0 0 0 0 0.000000 0.000000 0.000000 0.000000
0.342902 -2.057396 -20.955000 -1.000000 -0.000000 -0.000000 -0.000000 1.000000 -0.000000 -17.484375 2.687500 0 0 0 0 0.000000 0.000000 0.000000 0.000000
0.342902 -2.133596 -20.955000 -1.000000 -0.000000 -0.000000 -0.000000 1.000000 -0.000000 -17.484375 2.750000 0 0 0 0 0.000000 0.000000 0.000000 0.000000
0.342902 -2.781297 -20.955000 -1.000000 -0.000000 -0.000000 -0.000000 1.000000 -0.000000 -17.484375 3.281250 0 0 0 0 0.000000 0.000000 0.000000 0.000000
0.342902 -3.162297 -20.955000 -1.000000 -0.000000 -0.000000 -0.000000 1.000000 0.000000 -17.484375 3.593750 0 0 0 0 0.000000 0.000000 0.000000 0.000000
0.342902 -3.809997 -20.955000 -1.000000 -0.000000 -0.000000 -0.000000 1.000000 0.000000 -17.484375 4.125000 0 0 0 0 0.000000 0.000000 0.000000 0.000000
0.342902 -3.886197 -20.955000 -1.000000 -0.000000 -0.000000 -0.000000 1.000000 -0.000000 -17.484375 4.187500 0 0 0 0 0.000000 0.000000 0.000000 0.000000
0.342902 -2.133596 -21.107399 0.000000 0.000000 -1.000000 1.000000 -0.000000 0.000000 1.031250 2.750000 0 0 0 0 0.000000 0.000000 0.000000 0.000000
0.342902 -2.781297 -21.107399 0.000000 0.000000 -1.000000 1.000000 -0.000000 0.000000 1.031250 3.281250 0 0 0 0 0.000000 0.000000 0.000000 0.000000
0.533402 -2.781297 -21.107399 0.000000 0.000000 -1.000000 1.000000 -0.000000 0.000000 1.187500 3.281250 0 0 0 0 0.000000 0.000000 0.000000 0.000000
0.533402 -2.133596 -21.107399 0.000000 0.000000 -1.000000 1.000000 -0.000000 0.000000 1.187500 2.750000 0 0 0 0 0.000000 0.000000 0.000000 0.000000
0.342902 -3.162297 -21.107399 0.000000 0.000000 -1.000000 1.000000 -0.000000 0.000000 1.031250 3.593750 0 0 0 0 0.000000 0.000000 0.000000 0.000000
0.342902 -3.809997 -21.107399 0.000000 0.000000 -1.000000 1.000000 -0.000000 0.000000 1.031250 4.125000 0 0 0 0 0.000000 0.000000 0.000000 0.000000
0.533402 -3.809997 -21.107399 0.000000 0.000000 -1.000000 1.000000 -0.000000 0.000000 1.187500 4.125000 0 0 0 0 0.000000 0.000000 0.000000 0.000000
0.533402 -3.162297 -21.107399 0.000000 0.000000 -1.000000 1.000000 -0.000000 0.000000 1.187500 3.593750 0 0 0 0 0.000000 0.000000 0.000000 0.000000
0.533402 -3.809997 -20.078701 -0.000000 1.000000 0.000000 1.000000 0.000000 0.000000 1.296875 16.375000 0 0 0 0 0.000000 0.000000 0.000000 0.000000
0.342902 -3.809997 -20.078701 -0.000000 1.000000 0.000000 1.000000 0.000000 0.000000 1.140625 16.375000 0 0 0 0 0.000000 0.000000 0.000000 0.000000
0.342902 -3.809997 -20.955000 -0.000000 1.000000 0.000000 1.000000 0.000000 0.000000 1.140625 17.093750 0 0 0 0 0.000000 0.000000 0.000000 0.000000
0.533402 -3.809997 -20.955000 -0.000000 1.000000 0.000000 1.000000 0.000000 0.000000 1.296875 17.093750 0 0 0 0 0.000000 0.000000 0.000000 0.000000
0.533402 -2.133596 -20.955000 0.000000 -1.000000 -0.000000 1.000000 0.000000 0.000000 1.296875 17.093750 0 0 0 0 0.000000 0.000000 0.000000 0.000000
0.342902 -2.133596 -20.955000 0.000000 -1.000000 -0.000000 1.000000 0.000000 0.000000 1.140625 17.093750 0 0 0 0 0.000000 0.000000 0.000000 0.000000
0.342902 -2.133597 -20.078701 0.000000 -1.000000 -0.000000 1.000000 0.000000 0.000000 1.140625 16.375000 0 0 0 0 0.000000 0.000000 0.000000 0.000000
0.533402 -2.133597 -20.078701 0.000000 -1.000000 -0.000000 1.000000 0.000000 0.000000 1.296875 16.375000 0 0 0 0 0.000000 0.000000 0.000000 0.000000
0.533402 -2.857497 -20.726400 -0.000000 -0.000000 1.000000 1.000000 -0.000000 0.000000 1.187500 3.343750 0 0 0 0 0.000000 0.000000 0.000000 0.000000
0.533402 -3.086097 -20.726400 -0.000000 -0.000000 1.000000 1.000000 -0.000000 0.000000 1.187500 3.531250 0 0 0 0 0.000000 0.000000 0.000000 0.000000
0.342902 -3.086097 -20.726400 -0.000000 -0.000000 1.000000 1.000000 -0.000000 0.000000 1.031250 3.531250 0 0 0 0 0.000000 0.000000 0.000000 0.000000
0.342902 -2.857497 -20.726400 -0.000000 -0.000000 1.000000 1.000000 -0.000000 0.000000 1.031250 3.343750 0 0 0 0 0.000000 0.000000 0.000000 0.000000
0.342902 -2.209797 -20.078701 0.000000 0.000000 -1.000000 1.000000 -0.000000 0.000000 1.031250 2.812500 0 0 0 0 0.000000 0.000000 0.000000 0.000000
0.342902 -3.733797 -20.078701 0.000000 0.000000 -1.000000 1.000000 -0.000000 0.000000 1.031250 4.062500 0 0 0 0 0.000000 0.000000 0.000000 0.000000
0.533402 -3.733797 -20.078701 0.000000 0.000000 -1.000000 1.000000 -0.000000 0.000000 1.187500 4.062500 0 0 0 0 0.000000 0.000000 0.000000 0.000000
0.533402 -2.209797 -20.078701 0.000000 0.000000 -1.000000 1.000000 -0.000000 0.000000 1.187500 2.812500 0 0 0 0 0.000000 0.000000 0.000000 0.000000
0.533402 -2.133597 -20.078701 0.000000 0.707106 -0.707107 1.000000 -0.000000 0.000000 1.296875 16.000000 0 0 0 0 0.000000 0.000000 0.000000 0.000000
0.342902 -2.133597 -20.078701 0.000000 0.707106 -0.707107 1.000000 -0.000000 0.000000 1.140625 16.000000 0 0 0 0 0.000000 0.000000 0.000000 0.000000
0.342902 -2.781297 -20.726400 0.000000 0.707106 -0.707107 1.000000 -0.000000 0.000000 1.140625 16.531250 0 0 0 0 0.000000 0.000000 0.000000 0.000000
0.533402 -2.781297 -20.726400 0.000000 0.707106 -0.707107 1.000000 -0.000000 0.000000 1.296875 16.531250 0 0 0 0 0.000000 0.000000 0.000000 0.000000
0.342902 -3.086097 -20.726400 -0.000000 0.707106 0.707107 1.000000 0.000000 0.000000 1.031250 17.375000 0 0 0 0 0.000000 0.000000 0.000000 0.000000
0.533402 -3.086097 -20.726400 -0.000000 0.707106 0.707107 1.000000 0.000000 0.000000 1.187500 17.375000 0 0 0 0 0.000000 0.000000 0.000000 0.000000
0.533402 -3.733797 -20.078701 -0.000000 0.707106 0.707107 1.000000 0.000000 0.000000 1.187500 16.843750 0 0 0 0 0.000000 0.000000 0.000000 0.000000
0.342902 -3.733797 -20.078701 -0.000000 0.707106 0.707107 1.000000 0.000000 0.000000 1.031250 16.843750 0 0 0 0 0.000000 0.000000 0.000000 0.000000
0.342902 -2.209797 -20.078701 -0.000000 -0.707106 0.707107 1.000000 -0.000000 0.000000 1.031250 17.468750 0 0 0 0 0.000000 0.000000 0.000000 0.000000
0.533402 -2.209797 -20.078701 -0.000000 -0.707106 0.707107 1.000000 -0.000000 0.000000 1.187500 17.468750 0 0 0 0 0.000000 0.000000 0.000000 0.000000
0.533402 -2.857497 -20.726400 -0.000000 -0.707106 0.707107 1.000000 -0.000000 0.000000 1.187500 18.000000 0 0 0 0 0.000000 0.000000 0.000000 0.000000
0.342902 -2.857497 -20.726400 -0.000000 -0.707106 0.707107 1.000000 -0.000000 0.000000 1.031250 18.000000 0 0 0 0 0.000000 0.000000 0.000000 0.000000
0.533402 -3.162297 -20.726400 0.000000 -0.707106 -0.707107 1.000000 0.000000 0.000000 1.187500 18.000000 0 0 0 0 0.000000 0.000000 0.000000 0.000000
0.342902 -3.162297 -20.726400 0.000000 -0.707106 -0.707107 1.000000 0.000000 0.000000 1.031250 18.000000 0 0 0 0 0.000000 0.000000 0.000000 0.000000
0.342902 -3.809997 -20.078701 0.000000 -0.707106 -0.707107 1.000000 0.000000 0.000000 1.031250 17.468750 0 0 0 0 0.000000 0.000000 0.000000 0.000000
0.533402 -3.809997 -20.078701 0.000000 -0.707106 -0.707107 1.000000 0.000000 0.000000 1.187500 17.468750 0 0 0 0 0.000000 0.000000 0.000000 0.000000
0.533402 -2.781297 -20.726400 -0.000000 1.000000 0.000000 1.000000 0.000000 0.000000 1.296875 16.906250 0 0 0 0 0.000000 0.000000 0.000000 0.000000
0.342902 -2.781297 -20.726400 -0.000000 1.000000 0.000000 1.000000 0.000000 0.000000 1.140625 16.906250 0 0 0 0 0.000000 0.000000 0.000000 0.000000
0.342902 -2.781297 -20.955000 -0.000000 1.000000 0.000000 1.000000 0.000000 0.000000 1.140625 17.093750 0 0 0 0 0.000000 0.000000 0.000000 0.000000
0.533402 -2.781297 -20.955000 -0.000000 1.000000 0.000000 1.000000 0.000000 0.000000 1.296875 17.093750 0 0 0 0 0.000000 0.000000 0.000000 0.000000
0.533402 -2.133596 -20.955000 -0.000000 -0.000000 1.000000 1.000000 -0.000000 0.000000 1.187500 2.750000 0 0 0 0 0.000000 0.000000 0.000000 0.000000
0.533402 -2.781297 -20.955000 -0.000000 -0.000000 1.000000 1.000000 -0.000000 0.000000 1.187500 3.281250 0 0 0 0 0.000000 0.000000 0.000000 0.000000
0.342902 -2.781297 -20.955000 -0.000000 -0.000000 1.000000 1.000000 -0.000000 0.000000 1.031250 3.281250 0 0 0 0 0.000000 0.000000 0.000000 0.000000
0.342902 -2.133596 -20.955000 -0.000000 -0.000000 1.000000 1.000000 -0.000000 0.000000 1.031250 2.750000 0 0 0 0 0.000000 0.000000 0.000000 0.000000
0.533402 -3.162297 -20.955000 0.000000 -1.000000 -0.000000 1.000000 0.000000 0.000000 1.296875 17.093750 0 0 0 0 0.000000 0.000000 0.000000 0.000000
0.342902 -3.162297 -20.955000 0.000000 -1.000000 -0.000000 1.000000 0.000000 0.000000 1.140625 17.093750 0 0 0 0 0.000000 0.000000 0.000000 0.000000
0.342902 -3.162297 -20.726400 0.000000 -1.000000 -0.000000 1.000000 0.000000 0.000000 1.140625 16.906250 0 0 0 0 0.000000 0.000000 0.000000 0.000000
0.533402 -3.162297 -20.726400 0.000000 -1.000000 -0.000000 1.000000 0.000000 0.000000 1.296875 16.906250 0 0 0 0 0.000000 0.000000 0.000000 0.000000
0.533402 -3.162297 -20.955000 -0.000000 -0.000000 1.000000 1.000000 -0.000000 0.000000 1.187500 3.593750 0 0 0 0 0.000000 0.000000 0.000000 0.000000
0.533402 -3.809997 -20.955000 -0.000000 -0.000000 1.000000 1.000000 -0.000000 0.000000 1.187500 4.125000 0 0 0 0 0.000000 0.000000 0.000000 0.000000
0.342902 -3.809997 -20.955000 -0.000000 -0.000000 1.000000 1.000000 -0.000000 0.000000 1.031250 4.125000 0 0 0 0 0.000000 0.000000 0.000000 0.000000
0.342902 -3.162297 -20.955000 -0.000000 -0.000000 1.000000 1.000000 -0.000000 0.000000 1.031250 3.593750 0 0 0 0 0.000000 0.000000 0.000000 0.000000
0.533402 -3.809997 -21.107399 -0.000000 1.000000 0.000000 1.000000 0.000000 0.000000 1.296875 17.218750 0 0 0 0 0.000000 0.000000 0.000000 0.000000
0.342902 -3.809997 -21.107399 -0.000000 1.000000 0.000000 1.000000 0.000000 0.000000 1.140625 17.218750 0 0 0 0 0.000000 0.000000 0.000000 0.000000
0.342902 -3.809996 -21.983698 -0.000000 1.000000 0.000000 1.000000 0.000000 0.000000 1.140625 17.937500 0 0 0 0 0.000000 0.000000 0.000000 0.000000
0.533402 -3.809996 -21.983698 -0.000000 1.000000 0.000000 1.000000 0.000000 0.000000 1.296875 17.937500 0 0 0 0 0.000000 0.000000 0.000000 0.000000
0.533402 -2.133596 -21.983698 0.000000 -1.000000 -0.000000 1.000000 0.000000 0.000000 1.296875 17.937500 0 0 0 0 0.000000 0.000000 0.000000 0.000000
0.342902 -2.133596 -21.983698 0.000000 -1.000000 -0.000000 1.000000 0.000000 0.000000 1.140625 17.937500 0 0 0 0 0.000000 0.000000 0.000000 0.000000
0.342902 -2.133596 -21.107399 0.000000 -1.000000 -0.000000 1.000000 0.000000 0.000000 1.140625 17.218750 0 0 0 0 0.000000 0.000000 0.000000 0.000000
0.533402 -2.133596 -21.107399 0.000000 -1.000000 -0.000000 1.000000 0.000000 0.000000 1.296875 17.218750 0 0 0 0 0.000000 0.000000 0.000000 0.000000
0.533402 -2.209796 -21.983698 -0.000000 -0.000000 1.000000 1.000000 -0.000000 0.000000 1.187500 2.812500 0 0 0 0 0.000000 0.000000 0.000000 0.000000
0.533402 -3.733796 -21.983698 -0.000000 -0.000000 1.000000 1.000000 -0.000000 0.000000 1.187500 4.062500 0 0 0 0 0.000000 0.000000 0.000000 0.000000
0.342902 -3.733796 -21.983698 -0.000000 -0.000000 1.000000 1.000000 -0.000000 0.000000 1.031250 4.062500 0 0 0 0 0.000000 0.000000 0.000000 0.000000
0.342902 -2.209796 -21.983698 -0.000000 -0.000000 1.000000 1.000000 -0.000000 0.000000 1.031250 2.812500 0 0 0 0 0.000000 0.000000 0.000000 0.000000
0.342902 -2.857497 -21.336000 0.000000 0.000000 -1.000000 1.000000 0.000002 0.000000 1.031250 3.343750 0 0 0 0 0.000000 0.000000 0.000000 0.000000
0.342902 -3.086097 -21.336000 0.000000 0.000000 -1.000000 1.000000 0.000002 0.000000 1.031250 3.531250 0 0 0 0 0.000000 0.000000 0.000000 0.000000
0.533402 -3.086097 -21.336000 0.000000 0.000000 -1.000000 1.000000 0.000002 0.000000 1.187500 3.531250 0 0 0 0 0.000000 0.000000 0.000000 0.000000
0.533402 -2.857496 -21.336000 0.000000 0.000000 -1.000000 1.000000 0.000002 0.000000 1.187500 3.343750 0 0 0 0 0.000000 0.000000 0.000000 0.000000
0.533402 -3.162296 -21.336000 0.000000 -1.000000 -0.000000 1.000000 0.000000 -0.000000 1.296875 17.406250 0 0 0 0 0.000000 0.000000 0.000000 0.000000
0.342902 -3.162297 -21.336000 0.000000 -1.000000 -0.000000 1.000000 0.000000 -0.000000 1.140625 17.406250 0 0 0 0 0.000000 0.000000 0.000000 0.000000
0.342902 -3.162297 -21.107399 0.000000 -1.000000 -0.000000 1.000000 0.000000 0.000000 1.140625 17.218750 0 0 0 0 0.000000 0.000000 0.000000 0.000000
0.533402 -3.162297 -21.107399 0.000000 -1.000000 -0.000000 1.000000 0.000000 -0.000000 1.296875 17.218750 0 0 0 0 0.000000 0.000000 0.000000 0.000000
0.533402 -2.781297 -21.107399 -0.000000 1.000000 0.000000 1.000000 0.000000 0.000000 1.296875 17.218750 0 0 0 0 0.000000 0.000000 0.000000 0.000000
0.342902 -2.781297 -21.107399 -0.000000 1.000000 0.000000 1.000000 0.000000 0.000000 1.140625 17.218750 0 0 0 0 0.000000 0.000000 0.000000 0.000000
0.342902 -2.781297 -21.336000 -0.000000 1.000000 0.000000 1.000000 0.000000 -0.000000 1.140625 17.406250 0 0 0 0 0.000000 0.000000 0.000000 0.000000
0.533402 -2.781296 -21.336000 -0.000000 1.000000 0.000000 1.000000 0.000000 0.000000 1.296875 17.406250 0 0 0 0 0.000000 0.000000 0.000000 0.000000
0.342902 -2.133596 -21.983698 -0.000000 0.707107 0.707107 1.000000 0.000000 0.000000 1.031250 18.406250 0 0 0 0 0.000000 0.000000 0.000000 0.000000
0.533402 -2.133596 -21.983698 -0.000000 0.707107 0.707107 1.000000 0.000000 0.000000 1.187500 18.406250 0 0 0 0 0.000000 0.000000 0.000000 0.000000
0.533402 -2.781296 -21.336000 -0.000000 0.707107 0.707107 1.000000 0.000001 -0.000001 1.187500 17.875000 0 0 0 0 0.000000 0.000000 0.000000 0.000000
0.342902 -2.781297 -21.336000 -0.000000 0.707107 0.707107 1.000000 0.000000 0.000000 1.031250 17.875000 0 0 0 0 0.000000 0.000000 0.000000 0.000000
0.533402 -3.086097 -21.336000 -0.000000 0.707107 -0.707107 1.000000 0.000001 0.000001 1.296875 17.031250 0 0 0 0 0.000000 0.000000 0.000000 0.000000
0.342902 -3.086097 -21.336000 -0.000000 0.707107 -0.707107 1.000000 0.000001 0.000001 1.140625 17.031250 0 0 0 0 0.000000 0.000000 0.000000 0.000000
0.342902 -3.733796 -21.983698 -0.000000 0.707107 -0.707107 1.000000 0.000000 -0.000000 1.140625 17.562500 0 0 0 0 0.000000 0.000000 0.000000 0.000000
0.533402 -3.733796 -21.983698 -0.000000 0.707107 -0.707107 1.000000 0.000001 0.000001 1.296875 17.562500 0 0 0 0 0.000000 0.000000 0.000000 0.000000
0.533402 -2.209796 -21.983698 0.000000 -0.707107 -0.707107 1.000000 0.000000 0.000000 1.187500 19.031250 0 0 0 0 0.000000 0.000000 0.000000 0.000000
0.342902 -2.209796 -21.983698 0.000000 -0.707107 -0.707107 1.000000 0.000000 0.000000 1.031250 19.031250 0 0 0 0 0.000000 0.000000 0.000000 0.000000
0.342902 -2.857497 -21.336000 0.000000 -0.707107 -0.707107 1.000000 0.000001 -0.000001 1.031250 18.500000 0 0 0 0 0.000000 0.000000 0.000000 0.000000
0.533402 -2.857496 -21.336000 0.000000 -0.707107 -0.707107 1.000000 0.000000 0.000000 1.187500 18.500000 0 0 0 0 0.000000 0.000000 0.000000 0.000000
0.342902 -3.162297 -21.336000 0.000000 -0.707107 0.707107 1.000000 0.000001 0.000001 1.031250 18.500000 0 0 0 0 0.000000 0.000000 0.000000 0.000000
0.533402 -3.162296 -21.336000 0.000000 -0.707107 0.707107 1.000000 0.000001 0.000001 1.187500 18.500000 0 0 0 0 0.000000 0.000000 0.000000 0.000000
0.533402 -3.809996 -21.983698 0.000000 -0.707107 0.707107 1.000000 0.000000 -0.000000 1.187500 19.031250 0 0 0 0 0.000000 0.000000 0.000000 0.000000
0.342902 -3.809996 -21.983698 0.000000 -0.707107 0.707107 1.000000 0.000001 0.000001 1.031250 19.031250 0 0 0 0 0.000000 0.000000 0.000000 0.000000
-11.430001 -4.114803 10.820397 -0.000000 1.000000 0.000000 1.000000 0.000000 0.000000 -8.750000 -7.937500 0 0 0 0 0.000000 0.000000 0.000000 0.000000
-11.430001 -4.114803 10.667997 -0.000000 1.000000 0.000000 1.000000 0.000000 0.000000 -8.750000 -7.812500 0 0 0 0 0.000000 0.000000 0.000000 0.000000
-15.697201 -4.114803 10.820397 -0.000000 1.000000 0.000000 1.000000 0.000000 0.000000 -12.250000 -7.937500 0 0 0 0 0.000000 0.000000 0.000000 0.000000
-15.697201 -4.114803 10.667997 -0.000000 1.000000 0.000000 1.000000 0.000000 0.000000 -12.250000 -7.812500 0 0 0 0 0.000000 0.000000 0.000000 0.000000
-13.868402 -4.114803 10.667997 -0.000000 1.000000 0.000000 1.000000 0.000000 0.000000 -10.750000 -7.812500 0 0 0 0 0.000000 0.000000 0.000000 0.000000
-13.487401 -4.114803 10.667997 -0.000000 1.000000 0.000000 1.000000 0.000000 0.000000 -10.437500 -7.812500 0 0 0 0 0.000000 0.000000 0.000000 0.000000
-11.734800 -3.943353 9.944098 -1.000000 -0.000000 -0.000000 -0.000000 -0.000001 1.000000 7.812500 3.531250 0 0 0 0 0.000000 0.000000 0.000000 0.000000
-11.734800 -3.981453 9.944098 -1.000000 -0.000000 -0.000000 -0.000000 -0.000001 1.000000 7.812500 3.562500 0 0 0 0 0.000000 0.000000 0.000000 0.000000
-11.734800 -3.981452 9.601198 -1.000000 -0.000000 -0.000000 -0.000000 -0.000001 1.000000 7.531250 3.562500 0 0 0 0 0.000000 0.000000 0.000000 0.000000
-11.734800 -3.943352 9.601198 -1.000000 -0.000000 -0.000000 -0.000000 -0.000001 1.000000 7.531250 3.531250 0 0 0 0 0.000000 0.000000 0.000000 0.000000
-11.125201 -4.133853 10.096498 -0.000000 1.000000 0.000000 1.000000 0.000000 0.000000 -8.875000 -8.062500 0 0 0 0 0.000000 0.000000 0.000000 0.000000
-11.658601 -4.133853 10.096498 -0.000000 1.000000 0.000000 1.000000 0.000000 0.000000 -9.312500 -8.062500 0 0 0 0 0.000000 0.000000 0.000000 0.000000
-11.658601 -4.133852 9.601198 -0.000000 1.000000 0.000000 1.000000 0.000000 0.000000 -9.312500 -7.656250 0 0 0 0 0.000000 0.000000 0.000000 0.000000
-11.125201 -4.133852 9.601198 -0.000000 1.000000 0.000000 1.000000 0.000000 0.000000 -8.875000 -7.656250 0 0 0 0 0.000000 0.000000 0.000000 0.000000
-11.125201 -3.771902 9.601198 1.000000 0.000000 0.000008 -0.000006 -0.000000 1.000000 7.437500 4.062500 0 0 0 0 0.000000 0.000000 0.000000 0.000000
-11.125201 -3.524252 9.524999 1.000000 0.000000 0.000008 -0.000008 -0.000001 1.000000 7.375000 3.859375 0 0 0 0 0.000000 0.000000 0.000000 0.000000
-11.125201 -3.562352 9.448798 1.000000 0.000000 0.000008 -0.000008 0.000003 1.000000 7.312500 3.890625 0 0 0 0 0.000000 0.000000 0.000000 0.000000
-11.125201 -4.057652 9.601198 1.000000 0.000000 0.000008 -0.000006 0.000001 1.000000 7.437500 4.296875 0 0 0 0 0.000000 0.000000 0.000000 0.000000
-11.125201 -3.981452 9.601198 1.000000 0.000000 0.000008 0.000000 -1.000000 0.000000 7.437500 4.234375 0 0 0 0 0.000000 0.000000 0.000000 0.000000
-11.125201 -3.943352 9.601198 1.000000 0.000000 0.000008 0.000000 -1.000000 0.000000 7.437500 4.203125 0 0 0 0 0.000000 0.000000 0.000000 0.000000
-11.125201 -3.981452 9.665587 1.000000 0.000000 0.000000 -0.000000 -0.000000 1.000000 7.490313 4.234375 0 0 0 0 0.000000 0.000000 0.000000 0.000000
-11.125201 -3.981452 9.601198 1.000000 0.000000 0.000000 -0.000000 -0.000000 1.000000 7.437500 4.234375 0 0 0 0 0.000000 0.000000 0.000000 0.000000
-11.125201 -4.019552 9.677399 1.000000 0.000000 0.000000 -0.000000 -0.000000 1.000000 7.500000 4.265625 0 0 0 0 0.000000 0.000000 0.000000 0.000000
-11.125201 -3.943352 9.653967 1.000000 0.000000 0.000000 -0.000000 -0.000000 1.000000 7.480781 4.203125 0 0 0 0 0.000000 0.000000 0.000000 0.000000
-11.125201 -3.943352 9.601198 1.000000 0.000000 0.000000 -0.000000 -0.000000 1.000000 7.437500 4.203125 0 0 0 0 0.000000 0.000000 0.000000 0.000000
-11.125201 -3.981452 9.665587 -1.000000 -0.000000 -0.000000 -0.000000 -0.000001 1.000000 7.584063 3.562500 0 0 0 0 0.000000 0.000000 0.000000 0.000000
-11.125201 -3.943352 9.653967 -1.000000 -0.000000 -0.000000 -0.000000 -0.000001 1.000000 7.574531 3.531250 0 0 0 0 0.000000 0.000000 0.000000 0.000000
-11.125201 -3.943353 9.982198 -1.000000 -0.000000 -0.000000 -0.000000 -0.000001 1.000000 7.843750 3.531250 0 0 0 0 0.000000 0.000000 0.000000 0.000000
-11.125201 -3.981453 9.982198 -1.000000 -0.000000 -0.000000 -0.000000 -0.000001 1.000000 7.843750 3.562500 0 0 0 0 0.000000 0.000000 0.000000 0.000000
-11.125201 -3.943352 9.601198 0.000000 0.000000 -1.000000 1.000000 -0.000000 0.000000 -8.250000 3.531250 0 0 0 0 0.000000 0.000000 0.000000 0.000000
-11.125201 -3.981452 9.601198 0.000000 0.000000 -1.000000 1.000000 -0.000000 0.000000 -8.250000 3.562500 0 0 0 0 0.000000 0.000000 0.000000 0.000000
-11.049002 -3.981452 9.601198 0.000000 0.000000 -1.000000 1.000000 -0.000000 0.000000 -8.187500 3.562500 0 0 0 0 0.000000 0.000000 0.000000 0.000000
-11.049002 -3.943352 9.601198 0.000000 0.000000 -1.000000 1.000000 -0.000000 0.000000 -8.187500 3.531250 0 0 0 0 0.000000 0.000000 0.000000 0.000000
-11.125201 -3.943352 9.601198 -0.000000 1.000000 0.000000 1.000000 0.000000 0.000000 -8.250000 -7.531250 0 0 0 0 0.000000 0.000000 0.000000 0.000000
-11.049002 -3.943352 9.601198 -0.000000 1.000000 0.000000 1.000000 0.000000 0.000000 -8.187500 -7.531250 0 0 0 0 0.000000 0.000000 0.000000 0.000000
-11.049002 -3.943352 9.944098 -0.000000 1.000000 0.000000 1.000000 0.000000 0.000000 -8.187500 -7.812500 0 0 0 0 0.000000 0.000000 0.000000 0.000000
-11.125201 -3.943353 9.982198 -0.000000 1.000000 0.000000 1.000000 0.000000 0.000008 -8.250000 -7.843750 0 0 0 0 0.000000 0.000000 0.000000 0.000000
-11.125201 -3.943352 9.653967 -0.000000 1.000000 0.000000 -0.000000 -0.000000 1.000000 -8.250000 -7.574532 0 0 0 0 0.000000 0.000000 0.000000 0.000000
-11.049002 -3.943352 9.601198 1.000000 0.000000 0.000000 -0.000000 -0.000000 1.000000 7.531250 3.531250 0 0 0 0 0.000000 0.000000 0.000000 0.000000
-11.049002 -3.981452 9.601198 1.000000 0.000000 0.000000 -0.000000 -0.000000 1.000000 7.531250 3.562500 0 0 0 0 0.000000 0.000000 0.000000 0.000000
-11.049002 -3.981452 9.944098 1.000000 0.000000 0.000000 -0.000000 -0.000000 1.000000 7.812500 3.562500 0 0 0 0 0.000000 0.000000 0.000000 0.000000
-11.049002 -3.943352 9.944098 1.000000 0.000000 0.000000 -0.000000 -0.000000 1.000000 7.812500 3.531250 0 0 0 0 0.000000 0.000000 0.000000 0.000000
-11.049002 -3.981452 9.601198 -0.000002 -1.000000 -0.000000 1.000000 -0.000002 -0.000000 -8.187500 -7.531250 0 0 0 0 0.000000 0.000000 0.000000 0.000000
-11.125201 -3.981452 9.601198 -0.000002 -1.000000 -0.000000 1.000000 -0.000002 -0.000000 -8.250000 -7.531250 0 0 0 0 0.000000 0.000000 0.000000 0.000000
-11.125201 -3.981452 9.665587 -0.000002 -1.000000 -0.000000 1.000000 -0.000002 -0.000000 -8.250000 -7.584063 0 0 0 0 0.000000 0.000000 0.000000 0.000000
-11.125201 -3.981453 9.982198 -0.000002 -1.000000 -0.000000 1.000000 -0.000002 -0.000009 -8.250000 -7.843750 0 0 0 0 0.000000 0.000000 0.000000 0.000000
-11.049002 -3.981452 9.944098 -0.000002 -1.000000 -0.000000 1.000000 -0.000002 0.000009 -8.187500 -7.812500 0 0 0 0 0.000000 0.000000 0.000000 0.000000
-11.049002 -3.943352 9.944098 0.447210 -0.000000 0.894429 0.894429 0.000004 -0.447210 -8.187500 3.531250 0 0 0 0 0.000000 0.000000 0.000000 0.000000
-11.049002 -3.981452 9.944098 0.447210 -0.000000 0.894429 0.894429 0.000004 -0.447210 -8.187500 3.562500 0 0 0 0 0.000000 0.000000 0.000000 0.000000
-11.125201 -3.981453 9.982198 0.447210 -0.000000 0.894429 0.894429 0.000004 -0.447210 -8.250000 3.562500 0 0 0 0 0.000000 0.000000 0.000000 0.000000
-11.125201 -3.943353 9.982198 0.447210 -0.000000 0.894429 0.894429 0.000004 -0.447210 -8.250000 3.531250 0 0 0 0 0.000000 0.000000 0.000000 0.000000
-11.658601 -3.943352 9.653967 1.000000 0.000000 0.000000 -0.000000 -0.000001 1.000000 7.574531 3.531250 0 0 0 0 0.000000 0.000000 0.000000 0.000000
-11.658601 -3.981452 9.665587 1.000000 0.000000 0.000000 -0.000000 -0.000001 1.000000 7.584063 3.562500 0 0 0 0 0.000000 0.000000 0.000000 0.000000
-11.658601 -3.981453 9.982198 1.000000 0.000000 0.000000 -0.000000 -0.000001 1.000000 7.843750 3.562500 0 0 0 0 0.000000 0.000000 0.000000 0.000000
-11.658601 -3.943353 9.982198 1.000000 0.000000 0.000000 -0.000000 -0.000001 1.000000 7.843750 3.531250 0 0 0 0 0.000000 0.000000 0.000000 0.000000
-11.658601 -3.943352 9.601198 -1.000000 -0.000000 -0.000000 0.000002 0.000001 1.000000 7.437500 4.203125 0 0 0 0 0.000000 0.000000 0.000000 0.000000
-11.658601 -3.771902 9.601198 -1.000000 -0.000000 -0.000000 0.000002 0.000001 1.000000 7.437500 4.062500 0 0 0 0 0.000000 0.000000 0.000000 0.000000
-11.658601 -3.943352 9.653967 -1.000000 -0.000000 -0.000000 -0.000000 -0.000000 1.000000 7.480781 4.203125 0 0 0 0 0.000000 0.000000 0.000000 0.000000
-11.658601 -3.981452 9.601198 -1.000000 -0.000000 -0.000000 0.000002 -0.000001 1.000000 7.437500 4.234375 0 0 0 0 0.000000 0.000000 0.000000 0.000000
-11.658601 -3.981452 9.665587 -1.000000 -0.000000 -0.000000 -0.000000 -0.000000 1.000000 7.490313 4.234375 0 0 0 0 0.000000 0.000000 0.000000 0.000000
-11.658601 -4.019553 9.677399 -1.000000 -0.000000 -0.000000 -0.000000 -0.000000 1.000000 7.500000 4.265625 0 0 0 0 0.000000 0.000000 0.000000 0.000000
-11.658601 -4.057652 9.601198 -1.000000 -0.000000 -0.000000 0.000002 -0.000001 1.000000 7.437500 4.296875 0 0 0 0 0.000000 0.000000 0.000000 0.000000
-11.658601 -3.562352 9.448798 -1.000000 -0.000000 0.000005 0.000005 0.000003 1.000000 7.312500 3.890625 0 0 0 0 0.000000 0.000000 0.000000 0.000000
-11.658601 -3.524252 9.524999 -1.000000 -0.000000 0.000005 0.000005 0.000003 1.000000 7.375000 3.859375 0 0 0 0 0.000000 0.000000 0.000000 0.000000
-11.658601 -4.019553 9.677399 -0.000000 0.294086 0.955779 -0.000000 -0.955779 0.294086 -9.312500 4.265625 0 0 0 0 0.000000 0.000000 0.000000 0.000000
-11.658601 -3.771902 9.601198 -0.000000 0.294086 0.955779 -0.000000 -0.955779 0.294086 -9.312500 4.062500 0 0 0 0 0.000000 0.000000 0.000000 0.000000
-11.658601 -3.524252 9.524999 -0.000000 0.294086 0.955779 -0.000000 -0.955779 0.294086 -9.312500 3.859375 0 0 0 0 0.000000 0.000000 0.000000 0.000000
-11.125201 -3.524252 9.524999 -0.000000 0.294086 0.955779 1.000000 0.000000 0.000000 -8.875000 3.859375 0 0 0 0 0.000000 0.000000 0.000000 0.000000
-11.125201 -3.771902 9.601198 -0.000000 0.294086 0.955779 1.000000 0.000001 -0.000000 -8.875000 4.062500 0 0 0 0 0.000000 0.000000 0.000000 0.000000
-11.125201 -4.019552 9.677399 -0.000000 0.294086 0.955779 1.000000 0.000001 -0.000000 -8.875000 4.265625 0 0 0 0 0.000000 0.000000 0.000000 0.000000
-11.125201 -3.562352 9.448798 -0.000000 0.894427 -0.447213 1.000000 0.000000 -0.000000 -8.875000 -7.531250 0 0 0 0 0.000000 0.000000 0.000000 0.000000
-11.125201 -3.524252 9.524999 -0.000000 0.894427 -0.447213 1.000000 0.000000 -0.000000 -8.875000 -7.593750 0 0 0 0 0.000000 0.000000 0.000000 0.000000
-11.658601 -3.524252 9.524999 -0.000000 0.894427 -0.447213 1.000000 0.000000 -0.000000 -9.312500 -7.593750 0 0 0 0 0.000000 0.000000 0.000000 0.000000
-11.658601 -3.562352 9.448798 -0.000000 0.894427 -0.447213 1.000000 0.000000 -0.000000 -9.312500 -7.531250 0 0 0 0 0.000000 0.000000 0.000000 0.000000
-11.125201 -4.057652 9.601198 0.000000 -0.294084 -0.955779 1.000000 0.000000 0.000000 -8.875000 4.296875 0 0 0 0 0.000000 0.000000 0.000000 0.000000
-11.125201 -3.562352 9.448798 0.000000 -0.294084 -0.955779 1.000000 0.000000 0.000000 -8.875000 3.890625 0 0 0 0 0.000000 0.000000 0.000000 0.000000
-11.658601 -3.562352 9.448798 0.000000 -0.294084 -0.955779 1.000000 0.000000 0.000000 -9.312500 3.890625 0 0 0 0 0.000000 0.000000 0.000000 0.000000
-11.658601 -4.057652 9.601198 0.000000 -0.294084 -0.955779 1.000000 0.000000 0.000000 -9.312500 4.296875 0 0 0 0 0.000000 0.000000 0.000000 0.000000
-11.125201 -4.019552 9.677399 0.000000 -0.894429 0.447211 1.000000 0.000000 0.000000 -8.875000 -7.718750 0 0 0 0 0.000000 0.000000 0.000000 0.000000
-11.125201 -4.057652 9.601198 0.000000 -0.894429 0.447211 1.000000 0.000000 0.000000 -8.875000 -7.656250 0 0 0 0 0.000000 0.000000 0.000000 0.000000
-11.658601 -4.057652 9.601198 0.000000 -0.894429 0.447211 1.000000 0.000000 -0.000000 -9.312500 -7.656250 0 0 0 0 0.000000 0.000000 0.000000 0.000000
-11.658601 -4.019553 9.677399 0.000000 -0.894429 0.447211 1.000000 0.000000 0.000000 -9.312500 -7.718750 0 0 0 0 0.000000 0.000000 0.000000 0.000000
-11.734800 -3.943352 9.601198 0.000000 0.000000 -1.000000 1.000000 -0.000000 0.000000 -9.250000 3.531250 0 0 0 0 0.000000 0.000000 0.000000 0.000000
-11.734800 -3.981452 9.601198 0.000000 0.000000 -1.000000 1.000000 -0.000000 0.000000 -9.250000 3.562500 0 0 0 0 0.000000 0.000000 0.000000 0.000000
-11.658601 -3.981452 9.601198 0.000000 0.000000 -1.000000 1.000000 -0.000000 0.000000 -9.187500 3.562500 0 0 0 0 0.000000 0.000000 0.000000 0.000000
-11.658601 -3.943352 9.601198 0.000000 0.000000 -1.000000 1.000000 -0.000000 0.000000 -9.187500 3.531250 0 0 0 0 0.000000 0.000000 0.000000 0.000000
-11.658601 -3.943353 9.982198 -0.000002 1.000000 0.000000 1.000000 0.000002 -0.000009 -9.187500 -7.843750 0 0 0 0 0.000000 0.000000 0.000000 0.000000
-11.734800 -3.943353 9.944098 -0.000002 1.000000 0.000000 1.000000 0.000002 -0.000009 -9.250000 -7.812500 0 0 0 0 0.000000 0.000000 0.000000 0.000000
-11.734800 -3.943352 9.601198 -0.000002 1.000000 0.000000 1.000000 0.000002 -0.000009 -9.250000 -7.531250 0 0 0 0 0.000000 0.000000 0.000000 0.000000
-11.658601 -3.943352 9.601198 -0.000002 1.000000 0.000000 1.000000 0.000002 0.000000 -9.187500 -7.531250 0 0 0 0 0.000000 0.000000 0.000000 0.000000
-11.658601 -3.943352 9.653967 -0.000002 1.000000 0.000000 0.000000 0.000000 -1.000000 -9.187500 -7.574532 0 0 0 0 0.000000 0.000000 0.000000 0.000000
-11.658601 -3.981452 9.601198 0.000004 -1.000000 -0.000000 1.000000 0.000004 0.000000 -9.187500 -7.531250 0 0 0 0 0.000000 0.000000 0.000000 0.000000
-11.734800 -3.981452 9.601198 0.000004 -1.000000 -0.000000 1.000000 0.000004 0.000000 -9.250000 -7.531250 0 0 0 0 0.000000 0.000000 0.000000 0.000000
-11.734800 -3.981453 9.944098 0.000004 -1.000000 -0.000000 1.000000 0.000004 0.000000 -9.250000 -7.812500 0 0 0 0 0.000000 0.000000 0.000000 0.000000
-11.658601 -3.981453 9.982198 0.000004 -1.000000 -0.000000 1.000000 0.000004 -0.000008 -9.187500 -7.843750 0 0 0 0 0.000000 0.000000 0.000000 0.000000
-11.658601 -3.981452 9.665587 0.000004 -1.000000 -0.000000 -0.000000 -0.000000 1.000000 -9.187500 -7.584063 0 0 0 0 0.000000 0.000000 0.000000 0.000000
-11.658601 -3.943353 9.982198 -0.447210 -0.000000 0.894429 0.894429 -0.000000 0.447210 -9.187500 3.531250 0 0 0 0 0.000000 0.000000 0.000000 0.000000
-11.658601 -3.981453 9.982198 -0.447210 -0.000000 0.894429 0.894429 -0.000000 0.447210 -9.187500 3.562500 0 0 0 0 0.000000 0.000000 0.000000 0.000000
-11.734800 -3.981453 9.944098 -0.447210 -0.000000 0.894429 0.894429 -0.000000 0.447210 -9.250000 3.562500 0 0 0 0 0.000000 0.000000 0.000000 0.000000
-11.734800 -3.943353 9.944098 -0.447210 -0.000000 0.894429 0.894429 -0.000000 0.447210 -9.250000 3.531250 0 0 0 0 0.000000 0.000000 0.000000 0.000000
-11.125201 -4.133852 9.601198 1.000000 0.000000 0.000000 -0.000000 -0.000000 1.000000 7.656250 3.593750 0 0 0 0 0.000000 0.000000 0.000000 0.000000
-11.125201 -4.210052 9.601198 1.000000 0.000000 0.000000 -0.000000 -0.000000 1.000000 7.656250 3.656250 0 0 0 0 0.000000 0.000000 0.000000 0.000000
-11.125201 -4.210052 9.791698 1.000000 0.000000 0.000000 -0.000000 -0.000000 1.000000 7.812500 3.656250 0 0 0 0 0.000000 0.000000 0.000000 0.000000
-11.125201 -4.210052 9.867898 1.000000 0.000000 0.000000 -0.000000 -0.000000 1.000000 7.875000 3.656250 0 0 0 0 0.000000 0.000000 0.000000 0.000000
-11.125201 -4.210052 10.058398 1.000000 0.000000 0.000000 -0.000000 -0.000002 1.000000 8.031250 3.656250 0 0 0 0 0.000000 0.000000 0.000000 0.000000
-11.125201 -4.133853 10.096498 1.000000 0.000000 0.000000 -0.000000 -0.000001 1.000000 8.062500 3.593750 0 0 0 0 0.000000 0.000000 0.000000 0.000000
-11.658601 -4.133853 10.096498 -1.000000 -0.000000 -0.000000 -0.000000 -0.000000 1.000000 8.062500 3.593750 0 0 0 0 0.000000 0.000000 0.000000 0.000000
-11.658601 -4.210052 10.058398 -1.000000 -0.000000 -0.000000 -0.000000 -0.000000 1.000000 8.031250 3.656250 0 0 0 0 0.000000 0.000000 0.000000 0.000000
-11.658601 -4.210052 9.867898 -1.000000 -0.000000 -0.000000 -0.000000 -0.000000 1.000000 7.875000 3.656250 0 0 0 0 0.000000 0.000000 0.000000 0.000000
-11.658601 -4.210052 9.791698 -1.000000 -0.000000 -0.000000 -0.000000 -0.000000 1.000000 7.812500 3.656250 0 0 0 0 0.000000 0.000000 0.000000 0.000000
-11.658601 -4.210052 9.601198 -1.000000 -0.000000 -0.000000 -0.000000 -0.000002 1.000000 7.656250 3.656250 0 0 0 0 0.000000 0.000000 0.000000 0.000000
-11.658601 -4.133852 9.601198 -1.000000 -0.000000 -0.000000 -0.000000 -0.000001 1.000000 7.656250 3.593750 0 0 0 0 0.000000 0.000000 0.000000 0.000000
-11.125201 -4.210052 10.058398 0.000000 -1.000000 -0.000000 1.000000 0.000000 -0.000000 -8.875000 -8.031250 0 0 0 0 0.000000 0.000000 0.000000 0.000000
-11.125201 -4.210052 9.867898 0.000000 -1.000000 -0.000000 1.000000 0.000000 -0.000000 -8.875000 -7.875000 0 0 0 0 0.000000 0.000000 0.000000 0.000000
-11.353801 -4.210052 9.867898 0.000000 -1.000000 -0.000000 1.000000 0.000000 -0.000000 -9.062500 -7.875000 0 0 0 0 0.000000 0.000000 0.000000 0.000000
-11.430001 -4.210052 9.867898 0.000000 -1.000000 -0.000000 1.000000 0.000000 0.000000 -9.125000 -7.875000 0 0 0 0 0.000000 0.000000 0.000000 0.000000
-11.658601 -4.210052 9.867898 0.000000 -1.000000 -0.000000 1.000000 0.000000 0.000000 -9.312500 -7.875000 0 0 0 0 0.000000 0.000000 0.000000 0.000000
-11.658601 -4.210052 10.058398 0.000000 -1.000000 -0.000000 1.000000 0.000000 0.000000 -9.312500 -8.031250 0 0 0 0 0.000000 0.000000 0.000000 0.000000
-11.125201 -4.210052 9.791698 0.000000 -1.000000 -0.000000 1.000000 0.000000 -0.000000 -8.875000 -7.812500 0 0 0 0 0.000000 0.000000 0.000000 0.000000
-11.125201 -4.210052 9.601198 0.000000 -1.000000 -0.000000 1.000000 0.000000 -0.000000 -8.875000 -7.656250 0 0 0 0 0.000000 0.000000 0.000000 0.000000
-11.658601 -4.210052 9.601198 0.000000 -1.000000 -0.000000 1.000000 0.000000 0.000000 -9.312500 -7.656250 0 0 0 0 0.000000 0.000000 0.000000 0.000000
-11.658601 -4.210052 9.791698 0.000000 -1.000000 -0.000000 1.000000 0.000000 0.000000 -9.312500 -7.812500 0 0 0 0 0.000000 0.000000 0.000000 0.000000
-11.430001 -4.210052 9.791698 0.000000 -1.000000 -0.000000 1.000000 0.000000 -0.000000 -9.125000 -7.812500 0 0 0 0 0.000000 0.000000 0.000000 0.000000
-11.353801 -4.210052 9.791698 0.000000 -1.000000 -0.000000 -1.000000 -0.000000 0.000000 -9.062500 -7.812500 0 0 0 0 0.000000 0.000000 0.000000 0.000000
-11.353801 -4.210052 9.791698 0.000000 -1.000000 -0.000000 1.000000 0.000000 -0.000000 -9.062500 -7.812500 0 0 0 0 0.000000 0.000000 0.000000 0.000000
-11.658601 -4.133852 9.601198 0.000000 0.000000 -1.000000 1.000000 -0.000000 0.000000 -9.312500 3.593750 0 0 0 0 0.000000 0.000000 0.000000 0.000000
-11.658601 -4.210052 9.601198 0.000000 0.000000 -1.000000 1.000000 -0.000000 0.000000 -9.312500 3.656250 0 0 0 0 0.000000 0.000000 0.000000 0.000000
-11.125201 -4.210052 9.601198 0.000000 0.000000 -1.000000 1.000000 -0.000000 0.000000 -8.875000 3.656250 0 0 0 0 0.000000 0.000000 0.000000 0.000000
-11.125201 -4.133852 9.601198 0.000000 0.000000 -1.000000 1.000000 -0.000000 0.000000 -8.875000 3.593750 0 0 0 0 0.000000 0.000000 0.000000 0.000000
-11.125201 -4.133853 10.096498 -0.000000 -0.447210 0.894429 1.000000 -0.000000 0.000000 -8.875000 3.593750 0 0 0 0 0.000000 0.000000 0.000000 0.000000
-11.125201 -4.210052 10.058398 -0.000000 -0.447210 0.894429 1.000000 -0.000000 0.000000 -8.875000 3.656250 0 0 0 0 0.000000 0.000000 0.000000 0.000000
-11.658601 -4.210052 10.058398 -0.000000 -0.447210 0.894429 1.000000 -0.000000 0.000000 -9.312500 3.656250 0 0 0 0 0.000000 0.000000 0.000000 0.000000
-11.658601 -4.133853 10.096498 -0.000000 -0.447210 0.894429 1.000000 -0.000000 0.000000 -9.312500 3.593750 0 0 0 0 0.000000 0.000000 0.000000 0.000000
-14.249401 -4.133853 10.096498 -0.000000 1.000000 0.000000 1.000000 0.000000 -0.000000 -10.875000 -8.062500 0 0 0 0 0.000000 0.000000 0.000000 0.000000
-14.782802 -4.133853 10.096498 -0.000000 1.000000 0.000000 1.000000 0.000000 -0.000000 -11.312500 -8.062500 0 0 0 0 0.000000 0.000000 0.000000 0.000000
-14.782802 -4.133853 9.601198 -0.000000 1.000000 0.000000 1.000000 0.000000 0.000000 -11.312500 -7.656250 0 0 0 0 0.000000 0.000000 0.000000 0.000000
-14.249401 -4.133853 9.601198 -0.000000 1.000000 0.000000 1.000000 0.000000 -0.000000 -10.875000 -7.656250 0 0 0 0 0.000000 0.000000 0.000000 0.000000
-14.249401 -3.771903 9.601198 1.000000 0.000000 -0.000007 0.000005 -0.000000 1.000000 7.437500 4.062500 0 0 0 0 0.000000 0.000000 0.000000 0.000000
-14.249401 -3.524253 9.524999 1.000000 0.000000 -0.000007 0.000007 -0.000001 1.000000 7.375000 3.859375 0 0 0 0 0.000000 0.000000 0.000000 0.000000
-14.249401 -3.562353 9.448798 1.000000 0.000000 -0.000007 0.000007 0.000003 1.000000 7.312500 3.890625 0 0 0 0 0.000000 0.000000 0.000000 0.000000
-14.249401 -4.057653 9.601198 1.000000 0.000000 -0.000007 0.000005 0.000001 1.000000 7.437500 4.296875 0 0 0 0 0.000000 0.000000 0.000000 0.000000
-14.249401 -3.981453 9.601198 1.000000 0.000000 -0.000007 0.000000 -1.000000 -0.000000 7.437500 4.234375 0 0 0 0 0.000000 0.000000 0.000000 0.000000
-14.249401 -3.943353 9.601198 1.000000 0.000000 -0.000007 0.000000 -1.000000 -0.000000 7.437500 4.203125 0 0 0 0 0.000000 0.000000 0.000000 0.000000
-14.249401 -3.981453 9.665587 1.000000 0.000000 0.000000 -0.000000 -0.000000 1.000000 7.490313 4.234375 0 0 0 0 0.000000 0.000000 0.000000 0.000000
-14.249401 -3.981453 9.601198 1.000000 0.000000 0.000000 -0.000000 -0.000000 1.000000 7.437500 4.234375 0 0 0 0 0.000000 0.000000 0.000000 0.000000
-14.249401 -4.019553 9.677399 1.000000 0.000000 0.000000 -0.000000 -0.000000 1.000000 7.500000 4.265625 0 0 0 0 0.000000 0.000000 0.000000 0.000000
-14.249401 -3.943353 9.653967 1.000000 0.000000 0.000000 -0.000000 -0.000000 1.000000 7.480781 4.203125 0 0 0 0 0.000000 0.000000 0.000000 0.000000
-14.249401 -3.943353 9.601198 1.000000 0.000000 0.000000 -0.000000 -0.000000 1.000000 7.437500 4.203125 0 0 0 0 0.000000 0.000000 0.000000 0.000000
-14.249401 -3.981453 9.665587 -1.000000 -0.000000 -0.000000 -0.000000 -0.000000 1.000000 7.584063 3.562500 0 0 0 0 0.000000 0.000000 0.000000 0.000000
-14.249401 -3.943353 9.653967 -1.000000 -0.000000 -0.000000 -0.000000 -0.000000 1.000000 7.574531 3.531250 0 0 0 0 0.000000 0.000000 0.000000 0.000000
-14.249401 -3.943353 9.982198 -1.000000 -0.000000 -0.000000 -0.000000 -0.000000 1.000000 7.843750 3.531250 0 0 0 0 0.000000 0.000000 0.000000 0.000000
-14.249401 -3.981453 9.982198 -1.000000 -0.000000 -0.000000 -0.000000 -0.000000 1.000000 7.843750 3.562500 0 0 0 0 0.000000 0.000000 0.000000 0.000000
-14.249401 -3.943353 9.601198 0.000000 0.000000 -1.000000 1.000000 -0.000000 0.000000 -11.250000 3.531250 0 0 0 0 0.000000 0.000000 0.000000 0.000000
-14.249401 -3.981453 9.601198 0.000000 0.000000 -1.000000 1.000000 -0.000000 0.000000 -11.250000 3.562500 0 0 0 0 0.000000 0.000000 0.000000 0.000000
-14.173202 -3.981453 9.601198 0.000000 0.000000 -1.000000 1.000000 -0.000000 0.000000 -11.187500 3.562500 0 0 0 0 0.000000 0.000000 0.000000 0.000000
-14.173202 -3.943353 9.601198 0.000000 0.000000 -1.000000 1.000000 -0.000000 0.000000 -11.187500 3.531250 0 0 0 0 0.000000 0.000000 0.000000 0.000000
-14.249401 -3.943353 9.601198 -0.000000 1.000000 0.000000 1.000000 0.000000 0.000000 -11.250000 -7.531250 0 0 0 0 0.000000 0.000000 0.000000 0.000000
-14.173202 -3.943353 9.601198 -0.000000 1.000000 0.000000 1.000000 0.000000 0.000000 -11.187500 -7.531250 0 0 0 0 0.000000 0.000000 0.000000 0.000000
-14.173202 -3.943353 9.944098 -0.000000 1.000000 0.000000 1.000000 0.000000 0.000000 -11.187500 -7.812500 0 0 0 0 0.000000 0.000000 0.000000 0.000000
-14.249401 -3.943353 9.982198 -0.000000 1.000000 0.000000 1.000000 0.000000 0.000008 -11.250000 -7.843750 0 0 0 0 0.000000 0.000000 0.000000 0.000000
-14.249401 -3.943353 9.653967 -0.000000 1.000000 0.000000 0.000000 -0.000000 1.000000 -11.250000 -7.574532 0 0 0 0 0.000000 0.000000 0.000000 0.000000
-14.173202 -3.943353 9.601198 1.000000 0.000000 0.000000 -0.000000 -0.000000 1.000000 7.531250 3.531250 0 0 0 0 0.000000 0.000000 0.000000 0.000000
-14.173202 -3.981453 9.601198 1.000000 0.000000 0.000000 -0.000000 -0.000000 1.000000 7.531250 3.562500 0 0 0 0 0.000000 0.000000 0.000000 0.000000
-14.173202 -3.981453 9.944098 1.000000 0.000000 0.000000 -0.000000 -0.000000 1.000000 7.812500 3.562500 0 0 0 0 0.000000 0.000000 0.000000 0.000000
-14.173202 -3.943353 9.944098 1.000000 0.000000 0.000000 -0.000000 -0.000000 1.000000 7.812500 3.531250 0 0 0 0 0.000000 0.000000 0.000000 0.000000
-14.173202 -3.981453 9.601198 -0.000002 -1.000000 -0.000000 1.000000 -0.000002 -0.000000 -11.187500 -7.531250 0 0 0 0 0.000000 0.000000 0.000000 0.000000
-14.249401 -3.981453 9.601198 -0.000002 -1.000000 -0.000000 1.000000 -0.000002 -0.000000 -11.250000 -7.531250 0 0 0 0 0.000000 0.000000 0.000000 0.000000
-14.249401 -3.981453 9.665587 -0.000002 -1.000000 -0.000000 1.000000 -0.000002 -0.000000 -11.250000 -7.584063 0 0 0 0 0.000000 0.000000 0.000000 0.000000
-14.249401 -3.981453 9.982198 -0.000002 -1.000000 -0.000000 1.000000 -0.000002 -0.000009 -11.250000 -7.843750 0 0 0 0 0.000000 0.000000 0.000000 0.000000
-14.173202 -3.981453 9.944098 -0.000002 -1.000000 -0.000000 1.000000 -0.000002 0.000009 -11.187500 -7.812500 0 0 0 0 0.000000 0.000000 0.000000 0.000000
-14.173202 -3.943353 9.944098 0.447210 -0.000000 0.894429 0.894429 0.000000 -0.447210 -11.187500 3.531250 0 0 0 0 0.000000 0.000000 0.000000 0.000000
-14.173202 -3.981453 9.944098 0.447210 -0.000000 0.894429 0.894429 0.000000 -0.447210 -11.187500 3.562500 0 0 0 0 0.000000 0.000000 0.000000 0.000000
-14.249401 -3.981453 9.982198 0.447210 -0.000000 0.894429 0.894429 0.000000 -0.447210 -11.250000 3.562500 0 0 0 0 0.000000 0.000000 0.000000 0.000000
-14.249401 -3.943353 9.982198 0.447210 -0.000000 0.894429 0.894429 0.000000 -0.447210 -11.250000 3.531250 0 0 0 0 0.000000 0.000000 0.000000 0.000000
-14.782802 -3.943353 9.653967 1.000000 0.000000 0.000000 -0.000000 -0.000001 1.000000 7.574531 3.531250 0 0 0 0 0.000000 0.000000 0.000000 0.000000
-14.782802 -3.981453 9.665587 1.000000 0.000000 0.000000 -0.000000 -0.000001 1.000000 7.584063 3.562500 0 0 0 0 0.000000 0.000000 0.000000 0.000000
-14.782802 -3.981453 9.982198 1.000000 0.000000 0.000000 -0.000000 -0.000001 1.000000 7.843750 3.562500 0 0 0 0 0.000000 0.000000 0.000000 0.000000
-14.782802 -3.943353 9.982198 1.000000 0.000000 0.000000 -0.000000 -0.000001 1.000000 7.843750 3.531250 0 0 0 0 0.000000 0.000000 0.000000 0.000000
-14.782802 -3.943353 9.601198 -1.000000 -0.000000 -0.000000 -0.000004 0.000001 1.000000 7.437500 4.203125 0 0 0 0 0.000000 0.000000 0.000000 0.000000
-14.782802 -3.771903 9.601198 -1.000000 -0.000000 -0.000000 -0.000004 0.000001 1.000000 7.437500 4.062500 0 0 0 0 0.000000 0.000000 0.000000 0.000000
-14.782802 -3.943353 9.653967 -1.000000 -0.000000 -0.000000 -0.000000 -0.000000 1.000000 7.480781 4.203125 0 0 0 0 0.000000 0.000000 0.000000 0.000000
-14.782802 -3.981453 9.601198 -1.000000 -0.000000 -0.000000 -0.000004 -0.000001 1.000000 7.437500 4.234375 0 0 0 0 0.000000 0.000000 0.000000 0.000000
-14.782802 -3.981453 9.665587 -1.000000 -0.000000 -0.000000 -0.000000 -0.000000 1.000000 7.490313 4.234375 0 0 0 0 0.000000 0.000000 0.000000 0.000000
-14.782802 -4.019553 9.677399 -1.000000 -0.000000 -0.000000 -0.000000 0.000007 1.000000 7.500000 4.265625 0 0 0 0 0.000000 0.000000 0.000000 0.000000
-14.782802 -4.057653 9.601198 -1.000000 -0.000000 -0.000000 -0.000004 -0.000001 1.000000 7.437500 4.296875 0 0 0 0 0.000000 0.000000 0.000000 0.000000
-14.782802 -3.562353 9.448798 -1.000000 -0.000000 -0.000011 -0.000011 0.000003 1.000000 7.312500 3.890625 0 0 0 0 0.000000 0.000000 0.000000 0.000000
-14.782802 -3.524253 9.524999 -1.000000 -0.000000 -0.000011 -0.000011 0.000003 1.000000 7.375000 3.859375 0 0 0 0 0.000000 0.000000 0.000000 0.000000
-14.782802 -3.771903 9.601198 -1.000000 -0.000000 -0.000011 -0.000004 0.000001 1.000000 7.437500 4.062500 0 0 0 0 0.000000 0.000000 0.000000 0.000000
-14.782802 -3.943353 9.601198 -1.000000 -0.000000 -0.000011 -0.000004 0.000001 1.000000 7.437500 4.203125 0 0 0 0 0.000000 0.000000 0.000000 0.000000
-14.782802 -3.981453 9.601198 -1.000000 -0.000000 -0.000011 -0.000004 -0.000001 1.000000 7.437500 4.234375 0 0 0 0 0.000000 0.000000 0.000000 0.000000
-14.782802 -4.057653 9.601198 -1.000000 -0.000000 -0.000011 -0.000004 -0.000001 1.000000 7.437500 4.296875 0 0 0 0 0.000000 0.000000 0.000000 0.000000
-14.782802 -4.019553 9.677399 -0.000000 0.294086 0.955779 -0.000000 -0.955779 0.294086 -11.312500 4.265625 0 0 0 0 0.000000 0.000000 0.000000 0.000000
-14.782802 -3.771903 9.601198 -0.000000 0.294086 0.955779 -0.000000 -0.955779 0.294086 -11.312500 4.062500 0 0 0 0 0.000000 0.000000 0.000000 0.000000
-14.782802 -3.524253 9.524999 -0.000000 0.294086 0.955779 -0.000000 -0.955779 0.294086 -11.312500 3.859375 0 0 0 0 0.000000 0.000000 0.000000 0.000000
-14.249401 -3.524253 9.524999 -0.000000 0.294086 0.955779 1.000000 0.000000 0.000000 -10.875000 3.859375 0 0 0 0 0.000000 0.000000 0.000000 0.000000
-14.249401 -3.771903 9.601198 -0.000000 0.294086 0.955779 1.000000 0.000000 -0.000000 -10.875000 4.062500 0 0 0 0 0.000000 0.000000 0.000000 0.000000
-14.249401 -4.019553 9.677399 -0.000000 0.294086 0.955779 1.000000 0.000000 0.000000 -10.875000 4.265625 0 0 0 0 0.000000 0.000000 0.000000 0.000000
-14.249401 -3.562353 9.448798 -0.000000 0.894428 -0.447212 1.000000 0.000000 -0.000000 -10.875000 -7.531250 0 0 0 0 0.000000 0.000000 0.000000 0.000000
-14.249401 -3.524253 9.524999 -0.000000 0.894428 -0.447212 1.000000 0.000000 -0.000000 -10.875000 -7.593750 0 0 0 0 0.000000 0.000000 0.000000 0.000000
-14.782802 -3.524253 9.524999 -0.000000 0.894428 -0.447212 1.000000 0.000000 -0.000000 -11.312500 -7.593750 0 0 0 0 0.000000 0.000000 0.000000 0.000000
-14.782802 -3.562353 9.448798 -0.000000 0.894428 -0.447212 1.000000 0.000000 -0.000000 -11.312500 -7.531250 0 0 0 0 0.000000 0.000000 0.000000 0.000000
-14.249401 -4.057653 9.601198 0.000000 -0.294085 -0.955779 1.000000 0.000000 0.000000 -10.875000 4.296875 0 0 0 0 0.000000 0.000000 0.000000 0.000000
-14.249401 -3.562353 9.448798 0.000000 -0.294085 -0.955779 1.000000 0.000000 0.000000 -10.875000 3.890625 0 0 0 0 0.000000 0.000000 0.000000 0.000000
-14.782802 -3.562353 9.448798 0.000000 -0.294085 -0.955779 1.000000 0.000000 0.000000 -11.312500 3.890625 0 0 0 0 0.000000 0.000000 0.000000 0.000000
-14.782802 -4.057653 9.601198 0.000000 -0.294085 -0.955779 1.000000 0.000000 0.000000 -11.312500 4.296875 0 0 0 0 0.000000 0.000000 0.000000 0.000000
-14.249401 -4.019553 9.677399 0.000000 -0.894429 0.447210 1.000000 0.000000 -0.000000 -10.875000 -7.718750 0 0 0 0 0.000000 0.000000 0.000000 0.000000
-14.249401 -4.057653 9.601198 0.000000 -0.894429 0.447210 1.000000 0.000000 -0.000000 -10.875000 -7.656250 0 0 0 0 0.000000 0.000000 0.000000 0.000000
-14.782802 -4.057653 9.601198 0.000000 -0.894429 0.447210 1.000000 0.000000 -0.000000 -11.312500 -7.656250 0 0 0 0 0.000000 0.000000 0.000000 0.000000
-14.782802 -4.019553 9.677399 0.000000 -0.894429 0.447210 1.000000 0.000000 -0.000000 -11.312500 -7.718750 0 0 0 0 0.000000 0.000000 0.000000 0.000000
-14.859001 -3.943353 9.601198 0.000000 0.000000 -1.000000 1.000000 -0.000000 0.000000 -11.250000 3.531250 0 0 0 0 0.000000 0.000000 0.000000 0.000000
-14.859001 -3.981453 9.601198 0.000000 0.000000 -1.000000 1.000000 -0.000000 0.000000 -11.250000 3.562500 0 0 0 0 0.000000 0.000000 0.000000 0.000000
-14.782802 -3.981453 9.601198 0.000000 0.000000 -1.000000 1.000000 -0.000000 0.000000 -11.187500 3.562500 0 0 0 0 0.000000 0.000000 0.000000 0.000000
-14.782802 -3.943353 9.601198 0.000000 0.000000 -1.000000 1.000000 -0.000000 0.000000 -11.187500 3.531250 0 0 0 0 0.000000 0.000000 0.000000 0.000000
-14.782802 -3.943353 9.982198 -0.000002 1.000000 0.000000 1.000000 0.000002 -0.000009 -11.187500 -7.843750 0 0 0 0 0.000000 0.000000 0.000000 0.000000
-14.859001 -3.943353 9.944098 -0.000002 1.000000 0.000000 1.000000 0.000002 -0.000009 -11.250000 -7.812500 0 0 0 0 0.000000 0.000000 0.000000 0.000000
-14.859001 -3.943353 9.601198 -0.000002 1.000000 0.000000 1.000000 0.000002 -0.000009 -11.250000 -7.531250 0 0 0 0 0.000000 0.000000 0.000000 0.000000
-14.782802 -3.943353 9.601198 -0.000002 1.000000 0.000000 1.000000 0.000002 0.000000 -11.187500 -7.531250 0 0 0 0 0.000000 0.000000 0.000000 0.000000
-14.782802 -3.943353 9.653967 -0.000002 1.000000 0.000000 0.000000 0.000000 -1.000000 -11.187500 -7.574532 0 0 0 0 0.000000 0.000000 0.000000 0.000000
-14.859001 -3.943353 9.944098 -1.000000 -0.000000 -0.000000 -0.000000 -0.000001 1.000000 7.812500 3.531250 0 0 0 0 0.000000 0.000000 0.000000 0.000000
-14.859001 -3.981453 9.944098 -1.000000 -0.000000 -0.000000 -0.000000 -0.000001 1.000000 7.812500 3.562500 0 0 0 0 0.000000 0.000000 0.000000 0.000000
-14.859001 -3.981453 9.601198 -1.000000 -0.000000 -0.000000 -0.000000 -0.000001 1.000000 7.531250 3.562500 0 0 0 0 0.000000 0.000000 0.000000 0.000000
-14.859001 -3.943353 9.601198 -1.000000 -0.000000 -0.000000 -0.000000 -0.000001 1.000000 7.531250 3.531250 0 0 0 0 0.000000 0.000000 0.000000 0.000000
-14.782802 -3.981453 9.601198 0.000004 -1.000000 -0.000000 1.000000 0.000004 0.000000 -11.187500 -7.531250 0 0 0 0 0.000000 0.000000 0.000000 0.000000
-14.859001 -3.981453 9.601198 0.000004 -1.000000 -0.000000 1.000000 0.000004 0.000000 -11.250000 -7.531250 0 0 0 0 0.000000 0.000000 0.000000 0.000000
-14.859001 -3.981453 9.944098 0.000004 -1.000000 -0.000000 1.000000 0.000004 0.000000 -11.250000 -7.812500 0 0 0 0 0.000000 0.000000 0.000000 0.000000
-14.782802 -3.981453 9.982198 0.000004 -1.000000 -0.000000 1.000000 0.000004 -0.000008 -11.187500 -7.843750 0 0 0 0 0.000000 0.000000 0.000000 0.000000
-14.782802 -3.981453 9.665587 0.000004 -1.000000 -0.000000 -0.000000 -0.000000 1.000000 -11.187500 -7.584063 0 0 0 0 0.000000 0.000000 0.000000 0.000000
-14.782802 -3.943353 9.982198 -0.447210 -0.000000 0.894429 0.894429 -0.000000 0.447210 -11.187500 3.531250 0 0 0 0 0.000000 0.000000 0.000000 0.000000
-14.782802 -3.981453 9.982198 -0.447210 -0.000000 0.894429 0.894429 -0.000000 0.447210 -11.187500 3.562500 0 0 0 0 0.000000 0.000000 0.000000 0.000000
-14.859001 -3.981453 9.944098 -0.447210 -0.000000 0.894429 0.894429 -0.000000 0.447210 -11.250000 3.562500 0 0 0 0 0.000000 0.000000 0.000000 0.000000
-14.859001 -3.943353 9.944098 -0.447210 -0.000000 0.894429 0.894429 -0.000000 0.447210 -11.250000 3.531250 0 0 0 0 0.000000 0.000000 0.000000 0.000000
-14.249401 -4.133853 9.601198 1.000000 0.000000 0.000000 -0.000000 -0.000000 1.000000 7.656250 3.593750 0 0 0 0 0.000000 0.000000 0.000000 0.000000
-14.249401 -4.210052 9.601198 1.000000 0.000000 0.000000 -0.000000 -0.000000 1.000000 7.656250 3.656250 0 0 0 0 0.000000 0.000000 0.000000 0.000000
-14.249401 -4.210052 9.791698 1.000000 0.000000 0.000000 -0.000000 -0.000000 1.000000 7.812500 3.656250 0 0 0 0 0.000000 0.000000 0.000000 0.000000
-14.249401 -4.210052 9.867898 1.000000 0.000000 0.000000 -0.000000 -0.000000 1.000000 7.875000 3.656250 0 0 0 0 0.000000 0.000000 0.000000 0.000000
-14.249401 -4.210052 10.058398 1.000000 0.000000 0.000000 -0.000000 -0.000000 1.000000 8.031250 3.656250 0 0 0 0 0.000000 0.000000 0.000000 0.000000
-14.249401 -4.133853 10.096498 1.000000 0.000000 0.000000 -0.000000 -0.000000 1.000000 8.062500 3.593750 0 0 0 0 0.000000 0.000000 0.000000 0.000000
-14.782802 -4.133853 10.096498 -1.000000 -0.000000 -0.000000 -0.000000 -0.000000 1.000000 8.062500 3.593750 0 0 0 0 0.000000 0.000000 0.000000 0.000000
-14.782802 -4.210053 10.058398 -1.000000 -0.000000 -0.000000 -0.000000 -0.000000 1.000000 8.031250 3.656250 0 0 0 0 0.000000 0.000000 0.000000 0.000000
-14.782802 -4.210053 9.867898 -1.000000 -0.000000 -0.000000 -0.000000 -0.000000 1.000000 7.875000 3.656250 0 0 0 0 0.000000 0.000000 0.000000 0.000000
-14.782802 -4.210052 9.791698 -1.000000 -0.000000 -0.000000 -0.000000 -0.000004 1.000000 7.812500 3.656250 0 0 0 0 0.000000 0.000000 0.000000 0.000000
-14.782802 -4.210052 9.601198 -1.000000 -0.000000 -0.000000 -0.000000 -0.000000 1.000000 7.656250 3.656250 0 0 0 0 0.000000 0.000000 0.000000 0.000000
-14.782802 -4.133853 9.601198 -1.000000 -0.000000 -0.000000 -0.000000 -0.000001 1.000000 7.656250 3.593750 0 0 0 0 0.000000 0.000000 0.000000 0.000000
-14.249401 -4.210052 10.058398 0.000000 -1.000000 -0.000000 1.000000 0.000000 0.000000 -10.875000 -8.031250 0 0 0 0 0.000000 0.000000 0.000000 0.000000
-14.249401 -4.210052 9.867898 0.000000 -1.000000 -0.000000 1.000000 0.000000 0.000000 -10.875000 -7.875000 0 0 0 0 0.000000 0.000000 0.000000 0.000000
-14.478002 -4.210052 9.867898 0.000000 -1.000000 -0.000000 1.000000 0.000000 0.000000 -11.062500 -7.875000 0 0 0 0 0.000000 0.000000 0.000000 0.000000
-14.554201 -4.210052 9.867898 0.000000 -1.000000 -0.000000 1.000000 0.000000 -0.000000 -11.125000 -7.875000 0 0 0 0 0.000000 0.000000 0.000000 0.000000
-14.782802 -4.210053 9.867898 0.000000 -1.000000 -0.000000 1.000000 0.000000 -0.000000 -11.312500 -7.875000 0 0 0 0 0.000000 0.000000 0.000000 0.000000
-14.782802 -4.210053 10.058398 0.000000 -1.000000 -0.000000 1.000000 0.000000 -0.000000 -11.312500 -8.031250 0 0 0 0 0.000000 0.000000 0.000000 0.000000
-14.249401 -4.210052 9.791698 0.000000 -1.000000 -0.000000 1.000000 0.000000 0.000000 -10.875000 -7.812500 0 0 0 0 0.000000 0.000000 0.000000 0.000000
-14.249401 -4.210052 9.601198 0.000000 -1.000000 -0.000000 1.000000 0.000000 0.000000 -10.875000 -7.656250 0 0 0 0 0.000000 0.000000 0.000000 0.000000
-14.782802 -4.210052 9.601198 0.000000 -1.000000 -0.000000 1.000000 0.000000 0.000000 -11.312500 -7.656250 0 0 0 0 0.000000 0.000000 0.000000 0.000000
-14.782802 -4.210052 9.791698 0.000000 -1.000000 -0.000000 1.000000 0.000000 0.000000 -11.312500 -7.812500 0 0 0 0 0.000000 0.000000 0.000000 0.000000
-14.554201 -4.210052 9.791698 0.000000 -1.000000 -0.000000 1.000000 0.000000 -0.000000 -11.125000 -7.812500 0 0 0 0 0.000000 0.000000 0.000000 0.000000
-14.478002 -4.210052 9.791698 0.000000 -1.000000 -0.000000 -1.000000 -0.000000 -0.000000 -11.062500 -7.812500 0 0 0 0 0.000000 0.000000 0.000000 0.000000
-14.478002 -4.210052 9.791698 0.000000 -1.000000 -0.000000 1.000000 0.000000 0.000000 -11.062500 -7.812500 0 0 0 0 0.000000 0.000000 0.000000 0.000000
-14.782802 -4.133853 9.601198 0.000000 0.000000 -1.000000 1.000000 -0.000000 0.000000 -11.312500 3.593750 0 0 0 0 0.000000 0.000000 0.000000 0.000000
-14.782802 -4.210052 9.601198 0.000000 0.000000 -1.000000 1.000000 -0.000000 0.000000 -11.312500 3.656250 0 0 0 0 0.000000 0.000000 0.000000 0.000000
-14.249401 -4.210052 9.601198 0.000000 0.000000 -1.000000 1.000000 -0.000000 0.000000 -10.875000 3.656250 0 0 0 0 0.000000 0.000000 0.000000 0.000000
-14.249401 -4.133853 9.601198 0.000000 0.000000 -1.000000 1.000000 -0.000000 0.000000 -10.875000 3.593750 0 0 0 0 0.000000 0.000000 0.000000 0.000000
-14.249401 -4.133853 10.096498 -0.000000 -0.447211 0.894429 1.000000 0.000000 0.000000 -10.875000 3.593750 0 0 0 0 0.000000 0.000000 0.000000 0.000000
-14.249401 -4.210052 10.058398 -0.000000 -0.447211 0.894429 1.000000 0.000000 0.000000 -10.875000 3.656250 0 0 0 0 0.000000 0.000000 0.000000 0.000000
-14.782802 -4.210053 10.058398 -0.000000 -0.447211 0.894429 1.000000 0.000000 0.000000 -11.312500 3.656250 0 0 0 0 0.000000 0.000000 0.000000 0.000000
-14.782802 -4.133853 10.096498 -0.000000 -0.447211 0.894429 1.000000 0.000000 0.000000 -11.312500 3.593750 0 0 0 0 0.000000 0.000000 0.000000 0.000000
-20.421598 -3.505200 -10.363202 0.000000 0.000000 -1.000000 1.000000 -0.000000 0.000000 -16.687500 2.218750 0 0 0 0 0.000000 0.000000 0.000000 0.000000
-20.421598 -3.429000 -10.363202 0.000000 0.000000 -1.000000 1.000000 -0.000000 0.000000 -16.687500 2.156250 0 0 0 0 0.000000 0.000000 0.000000 0.000000
-20.612099 -3.429000 -10.363202 0.000000 0.000000 -1.000000 1.000000 -0.000000 0.000000 -16.843750 2.156250 0 0 0 0 0.000000 0.000000 0.000000 0.000000
-20.993099 -3.429000 -10.363203 0.000000 0.000000 -1.000000 1.000000 0.000000 0.000000 -17.156250 2.156250 0 0 0 0 0.000000 0.000000 0.000000 0.000000
-21.640800 -3.429000 -10.363203 0.000000 0.000000 -1.000000 1.000000 0.000000 0.000000 -17.687500 2.156250 0 0 0 0 0.000000 0.000000 0.000000 0.000000
-21.640800 -3.505200 -10.363203 0.000000 0.000000 -1.000000 1.000000 0.000000 0.000000 -17.687500 2.218750 0 0 0 0 0.000000 0.000000 0.000000 0.000000
-20.726400 -3.505200 -10.363202 0.000000 0.000000 -1.000000 1.000000 -0.000000 0.000000 -16.937500 2.218750 0 0 0 0 0.000000 0.000000 0.000000 0.000000
-17.983198 -3.505200 -7.010403 1.000000 0.000000 0.000000 -0.000000 -0.000000 1.000000 -5.687500 2.218750 0 0 0 0 0.000000 0.000000 0.000000 0.000000
-17.983198 -3.429000 -7.010403 1.000000 0.000000 0.000000 -0.000000 -0.000000 1.000000 -5.687500 2.156250 0 0 0 0 0.000000 0.000000 0.000000 0.000000
-17.983198 -3.429000 -8.229603 1.000000 0.000000 0.000000 -0.000000 -0.000000 1.000000 -6.687500 2.156250 0 0 0 0 0.000000 0.000000 0.000000 0.000000
-17.983198 -3.505200 -8.229603 1.000000 0.000000 0.000000 -0.000000 -0.000000 1.000000 -6.687500 2.218750 0 0 0 0 0.000000 0.000000 0.000000 0.000000
-17.983198 -3.505200 -7.924802 1.000000 0.000000 0.000000 0.000000 0.000000 -1.000000 -6.437500 2.218750 0 0 0 0 0.000000 0.000000 0.000000 0.000000
-20.421598 -3.505200 -8.229603 1.000000 0.000000 0.000000 -0.000000 -0.000000 1.000000 -6.687500 2.218750 0 0 0 0 0.000000 0.000000 0.000000 0.000000
-20.421598 -3.429000 -8.229603 1.000000 0.000000 0.000000 -0.000000 -0.000000 1.000000 -6.687500 2.156250 0 0 0 0 0.000000 0.000000 0.000000 0.000000
-20.421598 -3.429000 -8.496303 1.000000 0.000000 0.000000 -0.000000 -0.000000 1.000000 -6.906250 2.156250 0 0 0 0 0.000000 0.000000 0.000000 0.000000
-20.421598 -3.429000 -10.363202 1.000000 0.000000 0.000000 -0.000000 -0.000000 1.000000 -8.437500 2.156250 0 0 0 0 0.000000 0.000000 0.000000 0.000000
-20.421598 -3.505200 -10.363202 1.000000 0.000000 0.000000 -0.000000 -0.000000 1.000000 -8.437500 2.218750 0 0 0 0 0.000000 0.000000 0.000000 0.000000
-17.983198 -3.505200 -8.229603 0.000000 0.000000 -1.000000 1.000000 -0.000000 0.000000 -14.687500 2.218750 0 0 0 0 0.000000 0.000000 0.000000 0.000000
-17.983198 -3.429000 -8.229603 0.000000 0.000000 -1.000000 1.000000 -0.000000 0.000000 -14.687500 2.156250 0 0 0 0 0.000000 0.000000 0.000000 0.000000
-20.421598 -3.429000 -8.229603 0.000000 0.000000 -1.000000 1.000000 -0.000000 0.000000 -16.687500 2.156250 0 0 0 0 0.000000 0.000000 0.000000 0.000000
-20.421598 -3.505200 -8.229603 0.000000 0.000000 -1.000000 1.000000 -0.000000 0.000000 -16.687500 2.218750 0 0 0 0 0.000000 0.000000 0.000000 0.000000
-20.421598 -3.505199 -14.249401 1.000000 0.000000 0.000000 -0.000000 -0.000000 1.000000 -11.421875 2.218750 0 0 0 0 0.000000 0.000000 0.000000 0.000000
-20.421598 -3.505200 -13.716002 1.000000 0.000000 0.000000 -0.000000 -0.000001 1.000000 -10.984375 2.218750 0 0 0 0 0.000000 0.000000 0.000000 0.000000
-20.421598 -3.429000 -13.716002 1.000000 0.000000 0.000000 -0.000000 -0.000001 1.000000 -10.984375 2.156250 0 0 0 0 0.000000 0.000000 0.000000 0.000000
-20.421598 -3.429000 -14.249401 1.000000 0.000000 0.000000 -0.000000 -0.000000 1.000000 -11.421875 2.156250 0 0 0 0 0.000000 0.000000 0.000000 0.000000
-21.640800 -3.505200 -13.716003 -0.000000 -0.000000 1.000000 1.000000 0.000000 0.000000 -17.484375 2.218750 0 0 0 0 0.000000 0.000000 0.000000 0.000000
-21.640800 -3.429000 -13.716003 -0.000000 -0.000000 1.000000 1.000000 0.000000 0.000000 -17.484375 2.156250 0 0 0 0 0.000000 0.000000 0.000000 0.000000
-20.421598 -3.429000 -13.716002 -0.000000 -0.000000 1.000000 1.000000 0.000000 0.000000 -16.484375 2.156250 0 0 0 0 0.000000 0.000000 0.000000 0.000000
-20.421598 -3.505200 -13.716002 -0.000000 -0.000000 1.000000 1.000000 0.000000 0.000000 -16.484375 2.218750 0 0 0 0 0.000000 0.000000 0.000000 0.000000
-20.726400 -3.505200 -13.716002 -0.000000 -0.000000 1.000000 1.000000 0.000000 0.000000 -16.734375 2.218750 0 0 0 0 0.000000 0.000000 0.000000 0.000000
-17.983198 -3.505199 -15.849601 1.000000 0.000000 0.000000 -0.000000 -0.000000 1.000000 -12.734375 2.218750 0 0 0 0 0.000000 0.000000 0.000000 0.000000
-17.983198 -3.428999 -15.849601 1.000000 0.000000 0.000000 -0.000000 -0.000000 1.000000 -12.734375 2.156250 0 0 0 0 0.000000 0.000000 0.000000 0.000000
-17.983198 -3.428999 -16.154400 1.000000 0.000000 0.000000 -0.000000 -0.000000 1.000000 -12.984375 2.156250 0 0 0 0 0.000000 0.000000 0.000000 0.000000
-17.983198 -3.428999 -16.535400 1.000000 0.000000 0.000000 -0.000000 -0.000001 1.000000 -13.296875 2.156250 0 0 0 0 0.000000 0.000000 0.000000 0.000000
-17.983198 -3.428999 -17.068800 1.000000 0.000000 0.000000 -0.000000 -0.000000 1.000000 -13.734375 2.156250 0 0 0 0 0.000000 0.000000 0.000000 0.000000
-17.983198 -3.505199 -17.068800 1.000000 0.000000 0.000000 -0.000000 -0.000000 1.000000 -13.734375 2.218750 0 0 0 0 0.000000 0.000000 0.000000 0.000000
-17.983198 -3.505199 -16.154400 1.000000 0.000000 0.000000 0.000000 0.000000 -1.000000 -12.984375 2.218750 0 0 0 0 0.000000 0.000000 0.000000 0.000000
-20.421598 -3.428999 -15.849601 1.000000 0.000000 0.000000 -0.000000 -0.000000 1.000000 -12.734375 2.156250 0 0 0 0 0.000000 0.000000 0.000000 0.000000
-20.421598 -3.505199 -15.849601 1.000000 0.000000 0.000000 -0.000000 -0.000000 1.000000 -12.734375 2.218750 0 0 0 0 0.000000 0.000000 0.000000 0.000000
-20.421598 -3.505199 -15.849601 -0.000000 -0.000000 1.000000 1.000000 -0.000000 0.000000 -16.484375 2.218750 0 0 0 0 0.000000 0.000000 0.000000 0.000000
-20.421598 -3.428999 -15.849601 -0.000000 -0.000000 1.000000 1.000000 -0.000000 0.000000 -16.484375 2.156250 0 0 0 0 0.000000 0.000000 0.000000 0.000000
-19.735798 -3.428999 -15.849601 -0.000000 -0.000000 1.000000 1.000000 -0.000000 0.000000 -15.921875 2.156250 0 0 0 0 0.000000 0.000000 0.000000 0.000000
-17.983198 -3.428999 -15.849601 -0.000000 -0.000000 1.000000 1.000000 -0.000000 0.000000 -14.484375 2.156250 0 0 0 0 0.000000 0.000000 0.000000 0.000000
-17.983198 -3.505199 -15.849601 -0.000000 -0.000000 1.000000 1.000000 -0.000000 0.000000 -14.484375 2.218750 0 0 0 0 0.000000 0.000000 0.000000 0.000000
IndexCount: 2058
5 1 0
5 4 3
5 3 2
5 2 1
2 3 14
14 11 2
14 16 15
14 15 10
14 10 11
13 12 11
13 11 10
13 10 9
13 9 8
13 8 7
13 7 6
17 8 9
17 9 19
17 7 8
19 18 17
20 18 19
20 19 15
20 15 16
16 21 20
25 23 22
25 24 23
24 731 23
24 732 731
731 732 736
731 736 735
731 735 734
734 733 731
29 27 26
29 28 27
32 36 27
27 28 35
27 35 34
27 34 32
33 32 31
33 31 30
37 42 41
37 41 40
40 38 37
40 39 38
46 44 43
46 45 44
49 53 44
44 45 52
44 52 51
44 51 49
50 49 48
50 48 47
54 59 58
54 58 57
57 55 54
57 56 55
63 61 60
63 62 61
67 65 64
67 66 65
71 69 68
71 70 69
75 73 72
75 74 73
79 77 76
79 78 77
83 81 80
83 82 81
87 85 84
87 86 85
91 89 88
91 90 89
95 93 92
95 94 93
99 97 96
99 98 97
103 101 100
103 102 101
107 105 104
107 106 105
108 113 112
108 112 111
108 111 110
110 109 108
114 119 118
114 118 117
114 117 116
116 115 114
123 121 120
123 122 121
127 125 124
127 126 125
128 133 132
132 129 128
132 131 130
132 130 129
134 139 138
138 135 134
138 137 136
138 136 135
143 141 140
148 143 140
140 149 148
143 142 141
148 150 143
144 147 142
144 142 146
146 145 144
154 152 151
154 153 152
158 156 155
158 157 156
162 160 159
162 161 160
166 164 163
166 165 164
169 168 167
174 170 167
174 167 168
168 175 174
174 173 170
173 171 170
173 172 171
179 177 176
179 178 177
180 184 183
180 183 182
182 181 180
185 189 188
188 186 185
188 187 186
193 191 190
193 192 191
194 199 198
194 198 197
197 195 194
204 194 203
197 196 195
202 197 201
202 201 200
208 206 205
208 207 206
209 214 213
209 213 212
209 212 211
211 210 209
218 216 215
218 217 216
222 220 219
222 221 220
226 224 223
226 225 224
230 228 227
230 229 228
231 235 234
234 232 231
234 233 232
240 237 236
240 239 238
240 238 237
244 242 241
244 243 242
245 250 249
245 249 248
245 248 247
247 246 245
251 256 255
251 255 254
251 254 253
253 252 251
260 258 257
268 260 257
268 257 261
260 259 258
268 269 260
261 262 268
264 262 261
264 263 262
263 267 258
258 265 263
258 266 265
258 259 266
273 271 270
273 272 271
277 275 274
277 276 275
278 286 285
278 285 284
278 284 283
278 283 282
278 282 281
278 281 280
280 279 278
505 286 278
505 278 508
505 509 286
505 510 509
505 508 507
507 506 505
287 294 293
287 293 292
289 288 287
292 289 287
292 291 290
292 290 289
298 296 295
298 297 296
301 298 300
301 300 299
306 299 300
300 307 306
306 303 299
306 302 303
305 304 303
305 303 302
310 305 309
310 309 308
311 318 317
311 317 316
311 316 315
311 315 314
311 314 313
313 312 311
332 317 318
324 316 317
332 331 317
324 323 316
333 330 331
333 331 332
333 332 338
338 337 336
338 336 333
336 335 334
336 334 333
333 319 320
333 320 329
333 329 330
325 330 329
325 329 328
328 326 325
328 327 326
320 319 313
320 313 314
322 321 314
322 314 315
339 346 345
339 345 344
339 344 343
339 343 342
339 342 341
341 340 339
360 345 346
352 344 345
360 359 345
352 351 344
370 358 359
370 359 360
353 358 357
370 357 358
353 357 356
356 354 353
370 348 357
348 347 341
348 341 342
370 347 348
350 349 342
350 342 343
372 371 370
372 370 369
360 369 370
375 372 374
375 374 373
380 373 374
374 381 380
380 377 373
380 376 377
360 383 380
360 380 381
360 381 369
360 382 383
384 379 383
384 383 382
379 378 377
379 377 376
356 355 354
361 368 367
361 367 366
364 362 361
366 364 361
366 365 364
364 363 362
388 386 385
388 387 386
392 390 389
392 391 390
396 394 393
396 395 394
400 398 397
400 399 398
404 402 401
404 403 402
408 406 405
408 407 406
412 410 409
412 411 410
416 414 413
416 415 414
420 418 417
420 419 418
424 422 421
424 423 422
428 426 425
428 427 426
432 430 429
432 431 430
436 434 433
436 435 434
440 438 437
440 439 438
444 442 441
444 443 442
448 446 445
448 447 446
452 450 449
452 451 450
456 454 453
456 455 454
460 458 457
460 459 458
464 462 461
464 463 462
468 466 465
468 467 466
472 470 469
472 471 470
476 474 473
476 475 474
480 478 477
480 479 478
484 482 481
484 483 482
488 486 485
488 487 486
492 490 489
492 491 490
496 494 493
496 495 494
500 498 497
500 499 498
504 502 501
504 503 502
514 512 511
514 513 512
518 516 515
518 517 516
522 520 519
522 521 520
526 524 523
526 525 524
530 528 527
530 529 528
534 532 531
534 533 532
535 542 541
535 541 540
538 536 535
540 538 535
540 539 538
538 537 536
546 544 543
554 551 543
554 543 544
546 545 544
544 555 554
554 550 551
553 552 551
553 551 550
558 553 557
558 557 556
545 549 548
545 548 547
559 566 565
559 565 564
559 564 563
559 563 562
559 562 561
561 560 559
576 565 566
572 564 565
576 575 565
572 571 564
572 574 573
573 571 572
573 570 571
573 569 570
577 568 573
577 573 574
577 574 575
577 575 576
577 576 582
577 567 568
580 578 577
582 580 577
568 567 561
568 561 562
570 569 562
570 562 563
582 581 580
580 579 578
583 590 589
583 589 588
583 588 587
583 587 586
583 586 585
585 584 583
604 589 590
596 588 589
604 603 589
596 595 588
592 591 585
592 585 586
594 593 586
594 586 587
597 602 601
597 601 600
600 598 597
600 599 598
605 612 611
605 611 610
607 606 605
610 607 605
610 609 608
610 608 607
616 614 613
629 625 613
629 613 614
616 615 614
619 616 618
629 614 634
634 633 632
634 632 631
634 631 630
634 630 629
629 626 627
629 627 624
629 624 625
628 627 626
628 623 627
623 622 621
623 621 620
624 620 621
624 621 617
619 618 617
624 617 618
618 625 624
638 636 635
638 637 636
642 640 639
642 641 640
646 644 643
646 645 644
650 648 647
650 649 648
654 652 651
654 653 652
658 656 655
658 657 656
662 660 659
662 661 660
666 664 663
666 665 664
670 668 667
670 669 668
674 672 671
674 673 672
678 676 675
678 677 676
682 680 679
682 681 680
686 684 683
686 685 684
690 688 687
690 689 688
694 692 691
694 693 692
698 696 695
698 697 696
702 700 699
702 701 700
706 704 703
706 705 704
710 708 707
710 709 708
714 712 711
714 713 712
718 716 715
718 717 716
722 720 719
722 721 720
726 724 723
726 725 724
730 728 727
730 729 728
740 738 737
740 739 738
744 742 741
744 743 742
745 750 749
745 749 748
748 746 745
755 745 754
748 747 746
753 748 752
753 752 751
759 757 756
759 758 757
763 761 760
763 762 761
764 768 767
764 767 766
766 765 764
772 770 769
772 771 770
773 777 776
773 776 775
775 774 773
781 779 778
781 780 779
785 783 782
785 784 783
788 787 786
793 789 786
793 786 787
787 794 793
793 792 789
792 790 789
792 791 790
795 800 799
795 799 798
795 798 797
797 796 795
804 802 801
804 803 802
808 806 805
808 807 806
812 810 809
812 811 810
816 814 813
816 815 814
817 821 820
817 820 819
819 818 817
822 826 825
822 825 824
824 823 822
830 828 827
830 829 828
831 836 835
831 835 834
831 834 833
833 832 831
837 842 841
837 841 840
837 840 839
839 838 837
843 848 847
843 847 846
843 846 845
845 844 843
847 852 853
847 853 846
853 852 851
849 854 853
853 851 850
853 850 849
855 849 844
855 844 845
859 857 856
859 858 857
863 861 860
863 862 861
867 865 864
867 866 865
868 873 872
868 872 871
871 869 868
878 868 877
871 870 869
876 871 875
876 875 874
882 880 879
882 881 880
886 884 883
886 885 884
887 891 890
887 890 889
889 888 887
895 893 892
895 894 893
896 900 899
896 899 898
898 897 896
904 902 901
904 903 902
908 906 905
908 907 906
911 910 909
915 913 912
915 914 913
916 921 920
916 920 919
916 919 918
918 917 916
922 927 926
922 926 925
922 925 924
924 923 922
931 929 928
931 930 929
935 933 932
935 934 933
939 937 936
939 938 937
943 941 940
943 942 941
944 948 947
944 947 946
946 945 944
952 950 949
952 951 950
953 957 956
953 956 955
955 954 953
961 959 958
961 960 959
962 967 966
962 966 965
962 965 964
964 963 962
968 973 972
968 972 971
968 971 970
970 969 968
974 979 978
974 978 977
974 977 976
976 975 974
978 983 984
978 984 977
984 983 982
980 985 984
984 982 981
984 981 980
986 980 975
986 975 976
990 988 987
990 989 988
994 992 991
994 993 992
1001 996 995
1001 1000 999
1001 999 998
1001 998 997
1001 997 996
1002 1006 1005
1002 1005 1004
1004 1003 1002
1007 1011 1010
1007 1010 1009
1009 1008 1007
1015 1013 1012
1015 1014 1013
1019 1017 1016
1033 1019 1016
1019 1018 1017
1033 1032 1019
1020 1024 1023
1020 1023 1022
1022 1021 1020
1025 1031 1030
1025 1030 1029
1025 1029 1028
1025 1028 1027
1027 1026 1025
1034 1038 1037
1034 1037 1036
1036 1035 1034
